Id,Sales
1,8163.72464050857
2,7389.423865065288
3,8645.375081236523
4,8107.6815021931925
5,8708.28937124909
6,8152.172710898436
7,8371.806490196603
8,8086.209245082625
9,8077.040428739899
10,7723.6354692085815
11,8142.6158825883695
12,8718.552640368749
13,8105.860227097204
14,7681.463013020696
15,8553.414216616064
16,7587.895541732141
17,8164.514104921507
18,8234.89419292986
19,8658.396095099266
20,8039.054657944435
21,8725.275985644488
22,8039.5134003527555
23,8678.640417959132
24,7660.823186133216
25,8766.155923673094
26,7948.3718189926585
27,8606.315875315064
28,8254.036388706161
29,7972.3760739223835
30,8077.835005908849
31,8151.321790074304
32,8590.132808513437
33,7619.486244808484
34,8237.034436042719
35,7521.980671370689
36,8548.482380697926
37,8236.377439783188
38,8592.77518790376
39,8097.540475714909
40,8013.452232165233
41,8639.063538582635
42,8517.290356853413
43,8112.495197454802
44,8134.751399414429
45,8357.692577873564
46,8194.641803264942
47,8106.286676344758
48,7958.390319000389
49,7602.49451765707
50,9225.570601738531
51,8572.023530389277
52,8184.672918347937
53,8708.956593020648
54,7524.508825214506
55,7458.723333191814
56,8692.769668550214
57,8605.480369651033
58,8512.17150418362
59,8687.910407679734
60,8057.083723370368
61,8186.879395537499
62,8158.8247093414575
63,7716.964274828709
64,7565.989750937968
65,8190.607796099499
66,8648.512719615697
67,8113.769907947552
68,7645.533901967863
69,8534.111118110875
70,7627.171725353815
71,8077.468277984718
72,7462.988371394219
73,8649.179941387256
74,7866.968445347551
75,8041.842917671627
76,8097.58114601154
77,8110.706195063554
78,7860.417936974786
79,8091.403967260256
80,8159.690633343126
81,8689.469117233033
82,8647.000024866526
83,8507.30201780111
84,8132.4563655090415
85,8161.524272963782
86,8539.243136492629
87,8209.89171509944
88,8150.4001925984685
89,8680.973253657325
90,8814.915399314505
91,7546.105102441618
92,8435.973436557584
93,8252.080506444128
94,7505.523052470782
95,7463.91864545034
96,8036.4496874687575
97,7549.964010734013
98,7956.206368534184
99,8601.87421173041
100,8137.573205678132
101,7485.584347941304
102,8022.961542334882
103,7649.506787812618
104,7661.663108416578
105,8042.011727651415
106,8116.207113925523
107,8200.509450051042
108,8100.051562619154
109,8637.26128385299
110,8077.223792701964
111,8118.102329236705
112,8686.341704365888
113,7549.047190923685
114,8615.359400022435
115,8196.292078923532
116,7426.8599127446305
117,8638.178103663318
118,7623.303698518482
119,8666.981583975665
120,8086.341412975251
121,8226.404438998925
122,8562.591480995652
123,8791.755531529563
124,8131.479692688776
125,7518.606889198541
126,7592.171395527472
127,8611.775530591447
128,8130.525537862663
129,7973.852472931924
130,7594.1445000797985
131,8191.035645344318
132,8059.734140991824
133,7514.244350302451
134,8181.928568561726
135,8184.128936106514
136,9135.931188068515
137,8136.036682236661
138,7559.295121775302
139,8069.561604557313
140,8148.067356900275
141,8716.780122068782
142,8005.107018564311
143,8620.208435380888
144,7974.778263167074
145,8171.965793289494
146,7561.884377725322
147,7635.515118130957
148,8245.887060228975
149,8604.319064557953
150,7959.599090972557
151,9137.520342406417
152,8252.808849536375
153,7968.23903177936
154,8143.559717437365
155,7455.684867416756
156,8742.807579170072
157,7536.45790831889
158,8494.326845203967
159,8165.181326693066
160,8051.459777581257
161,7854.982013533918
162,8610.86709882757
163,8095.367573220408
164,7497.350679587063
165,8078.018369870915
166,8077.77388458816
167,8187.918457989203
168,8474.471402836616
169,8286.35934183837
170,8165.37491616716
171,8620.157539572228
172,8000.204744300453
173,8604.74691380277
174,8192.685921002909
175,8045.004488082122
176,8043.482213187571
177,8662.025644243879
178,8110.963834331322
179,8195.619744395959
180,8180.461656865202
181,7685.782426731493
182,8076.979307419209
183,9135.136610899564
184,9134.097548447859
185,7487.263761219599
186,7930.3852722395195
187,7984.705388066323
188,8730.532419223702
189,8232.216077220352
190,8391.850570623694
191,8554.098838451182
192,8592.77518790376
193,7558.089433626839
194,9136.786886558155
195,7926.969276149698
196,8462.11963839146
197,7987.027998252488
198,8216.339681928925
199,8445.740363102534
200,7483.12457835235
201,8871.8976446132
202,8235.643983934924
203,8220.165209731129
204,7536.83133999311
205,8299.189706426949
206,8268.75640148007
207,9156.340596422473
208,7466.105558749335
209,8686.70843229002
210,7793.700018054658
211,8094.257461668821
212,8110.789941250667
213,8771.152533701512
214,8177.355743497268
215,7931.97349267694
216,8660.25312594391
217,7646.267357816126
218,7652.196125922914
219,8192.441435720155
220,7679.0181601931545
221,7960.435849195972
222,8077.98676585059
223,8217.490951690428
224,8223.603083759283
225,7973.149393358968
226,7655.521202560374
227,8157.42914447765
228,8085.906973760029
229,8466.74302464399
230,8501.836871329717
231,8782.342848143528
232,7975.460334477033
233,7413.968426835362
234,8195.253016471828
235,8232.64870413068
236,7682.435841395699
237,7465.630042429619
238,7595.893415022707
239,8067.591477772783
240,9134.708761654743
241,8209.4738331682
242,7551.880338867504
243,8555.46561850368
244,8134.320172501368
245,7545.807760927192
246,8505.086981208075
247,9101.896837957025
248,8065.507001457755
249,8595.219239544012
250,7601.301923524461
251,8188.04070063058
252,7604.087578958591
253,8523.684007673744
254,8492.4231138378
255,8805.013745362961
256,8068.392712605071
257,8026.942075029208
258,8606.336068140674
259,8144.969840307872
260,8170.962797542822
261,8067.6963367822045
262,8689.153285117562
263,8570.651442370594
264,8095.060091793715
265,7504.404318128185
266,8548.386492113326
267,7993.844402463149
268,8689.092163796873
269,8068.410241147085
270,7493.463101268347
271,7510.72412285197
272,7428.251903768806
273,8152.662729939098
274,8225.420979725524
275,8675.844175475502
276,8661.2870756396
277,7981.58240822874
278,8135.980673671987
279,8711.82929509301
280,9136.786886558155
281,7998.341021432667
282,7663.879252167643
283,8686.718657802048
284,8254.64147583667
285,8756.188035644847
286,7523.3893902195105
287,8197.717540062082
288,8063.214783978501
289,8057.652888705901
290,8528.616051020295
291,8707.617036721515
292,8166.648238389591
293,7572.214071918495
294,9136.725765237465
295,8143.493483360663
296,8203.137331750142
297,8044.518644899126
298,8193.358255530484
299,8679.80683580823
300,7953.311334623573
301,8194.213954020122
302,8780.448087202183
303,8140.855041059027
304,8274.25732034204
305,8543.417207399718
306,8039.305005909163
307,7591.766335698798
308,8176.794377623889
309,8072.9527703614185
310,7611.92569164415
311,8102.637281191992
312,7475.4724590827245
313,7669.074564426169
314,8443.86545989629
315,7922.9641214885
316,8686.830674931396
317,8160.70125110375
318,9098.535165319157
319,8010.717611458882
320,8749.831418293239
321,8727.96021099877
322,8476.779768500284
323,7641.811688267757
324,8542.727489240187
325,8169.4923508608135
326,8720.936371875603
327,8183.939462499675
328,8729.615599413375
329,8605.969340216543
330,8492.64707637914
331,7490.479475812182
332,8058.600746589787
333,8606.349233852632
334,8710.912475282683
335,8638.231172028063
336,8483.622734666056
337,7562.658503870216
338,8601.935333051098
339,7708.299114040169
340,8191.707979871893
341,8075.879123646816
342,8606.03046153723
343,7971.887103356876
344,8693.625367039855
345,8678.589522150472
346,8491.061766486502
347,7443.523247084516
348,7599.872681934227
349,8034.259690346056
350,8274.872973490634
351,8656.035754816401
352,9138.009312971924
353,8078.2206905308085
354,8186.451546292678
355,7895.067374393571
356,8180.551435805028
357,8181.745204599661
358,8725.5051326592
359,8790.899833039923
360,8667.439878005087
361,8670.70487178165
362,9138.559404858122
363,7646.215190488655
364,8689.952975042526
365,8607.191766630312
366,8570.957048974036
367,8037.565058863131
368,8160.526283917215
369,8722.505075189447
370,8105.633125446406
371,7612.986321288001
372,8142.526816216829
373,8774.402189210032
374,8109.899407009072
375,8097.015019229321
376,7720.902393409553
377,8089.33854197202
378,7615.88008688786
379,8728.698779603048
380,8054.355464771232
381,8460.897211977688
382,7962.2986545948825
383,8692.95303251228
384,8137.506043902203
385,9133.853063165105
386,7930.140786956765
387,7479.128867445361
388,8178.770988322912
389,8183.756098537609
390,7620.341943298124
391,8688.053101345167
392,8158.896056174175
393,8194.357694374145
394,8136.595264547114
395,8009.234861037724
396,8573.51679614258
397,8601.077462005374
398,8143.765078147173
399,8015.533924917335
400,8149.362178621916
401,7504.392001165492
402,7962.925350979868
403,8453.112970130445
404,8756.432520927601
405,8054.648924272529
406,8623.885940134229
407,8627.542993863513
408,8713.90741999642
409,8714.157018035188
410,8702.17212642422
411,7635.590306200877
412,8238.878301175402
413,8094.122459421858
414,7949.693096823818
415,8690.657926910786
416,8091.384759596459
417,8616.20680329799
418,9134.89212561681
419,7437.12536614732
420,8111.359006946534
421,8115.88602414398
422,8046.996020717139
423,8804.769260080207
424,8724.298044513473
425,9156.401717743161
426,8689.469117233033
427,7623.275766691173
428,7507.116080909095
429,8731.204753751277
430,7647.783310954208
431,8605.969340216543
432,8278.046842224729
433,8119.768185421481
434,8731.143632430589
435,8017.637080302272
436,8056.306674743431
437,9137.887070330547
438,7637.998595891217
439,7537.789997038317
440,8022.575147672459
441,8535.027937921204
442,7575.814926086296
443,8177.793047191895
444,7566.83380470383
445,8180.2782929031355
446,7991.524266380131
447,8159.35132438253
448,8183.074535386766
449,8007.631012982066
450,9227.037513435056
451,8073.647152081705
452,8606.763917385493
453,7633.633201714845
454,9189.702612006387
455,9083.810039789232
456,8458.991563726064
457,8713.825847651675
458,8509.053370731155
459,8095.222643194253
460,8105.2052762015865
461,8209.489171436244
462,8607.841477577746
463,7881.074304714645
464,7967.833238456331
465,7989.915410944131
466,7568.285068672531
467,7577.688281177156
468,8013.15610114786
469,8211.6130793923
470,7639.824306329725
471,8710.517243378548
472,7521.483184750197
473,8072.120596278878
474,8585.193203938452
475,8136.890145181938
476,8677.968083431559
477,7686.672392028454
478,8158.198416064978
479,8607.31400927169
480,8723.717391966931
481,7607.813340867723
482,8660.558732547353
483,7640.627903218308
484,8785.643399460709
485,8725.2148643238
486,7994.991463033733
487,8155.684045141218
488,8275.90759600063
489,7576.67761814614
490,7903.779613651459
491,8098.871283716402
492,8073.642039325689
493,8088.250034970251
494,8689.397770400315
495,8484.229865874197
496,8623.926547442581
497,7996.453835623536
498,7451.156398960715
499,8078.385097795046
500,8568.023225580986
501,8746.714230938123
502,7597.874610098845
503,8606.274946819984
504,8164.013895523607
505,8386.410773082414
506,8012.7282519030405
507,8588.47886618285
508,8577.828478084157
509,8268.822635556773
510,7581.376966268953
511,8725.459349606554
512,8200.63169269242
513,8726.182579942788
514,7875.563898539662
515,8061.5547115471145
516,8685.312867426212
517,7522.771251951715
518,7666.018498391742
519,8264.520811173508
520,7970.6009286964945
521,7521.818874600771
522,7534.322065393761
523,8428.552761132834
524,7685.816693538814
525,7640.347560134159
526,8041.144862726977
527,8445.166391262705
528,8521.7892467324
529,7974.2970111472405
530,8721.608706403176
531,8061.718269035409
532,8606.88616002687
533,8162.161327363672
534,8589.410575065962
535,8057.787229154612
536,8517.593281455374
537,7914.314077657182
538,9136.236794671957
539,7637.108130137666
540,7931.17984940847
541,8539.138714951521
542,7627.506515663713
543,7590.6661354948
544,2975.8461086410625
545,7518.6590236628035
546,7466.678002113444
547,8720.814129234226
548,7520.147031750033
549,7498.8762188614655
550,7613.158781508183
551,8480.569290382973
552,7954.331625173005
553,7681.790951462387
554,8590.01056587206
555,8218.290641615393
556,8159.918767037475
557,8074.01140671905
558,8067.992617414294
559,8607.191766630312
560,7993.103800221907
561,8702.477733027663
562,8649.174828631241
563,8266.0110548051
564,7479.491127980125
565,8701.494679140633
566,7456.888365291248
567,8522.90329284473
568,8814.397820113327
569,8044.457523578438
570,8086.282475937593
571,8062.565579478598
572,8648.461823807036
573,8126.575242054605
574,8239.423280305586
575,8665.804940614538
576,8711.768173772321
577,7562.495590932208
578,8236.015634434621
579,7621.822232839679
580,7526.14022162863
581,7601.219235011626
582,8549.997548733882
583,8092.932650348774
584,8498.969235926617
585,8591.599720209962
586,8717.452456596355
587,8635.483652797007
588,7955.450580847673
589,8073.808468851059
590,8612.853425874206
591,7919.677881706515
592,8060.93419479142
593,8678.518175317755
594,8658.592624773291
595,8686.779779122737
596,8350.33962022202
597,9191.780736909797
598,8045.332642334866
599,8727.231867906521
600,8606.274946819984
601,9099.268621167419
602,7993.850410055181
603,8014.574001057976
604,7977.679969676027
605,8076.170663501027
606,7997.930984559035
607,7893.596588596635
608,8552.931037036426
609,8678.823781921197
610,8593.890709944199
611,8224.33142685153
612,7420.503295393022
613,8190.607796099499
614,8039.154213201033
615,8623.284952439371
616,7593.779481612712
617,8722.036555647996
618,8194.825167227009
619,7965.299269773495
620,8520.427194045296
621,7539.463269541467
622,8035.838474261872
623,7345.296171982017
624,8073.640292510971
625,8237.044661554746
626,8075.592808831709
627,8608.249107549991
628,8569.306773315446
629,8161.952122208602
630,8163.85419490901
631,9136.053430709891
632,8039.27645584241
633,9080.93733771687
634,8181.363396605935
635,8547.36987996284
636,8568.09239985762
637,8099.781513556328
638,8093.768491103312
639,8707.606811209487
640,8606.825038706182
641,8620.449980463713
642,7647.620980864491
643,8063.992860624568
644,7443.344995878464
645,8702.829122683752
646,8164.947066922341
647,8659.83550221112
648,7531.5556223280855
649,7445.589246022043
650,8180.0545360573715
651,8557.698500050132
652,8494.431704213388
653,8707.978651889633
654,7656.005505540705
655,8210.16519309184
656,8013.107089361451
657,8121.357339759383
658,7657.583756136723
659,8277.924599583352
660,7541.661307893166
661,7550.2713267945
662,8074.110558867141
663,8791.200326887352
664,8492.082739970447
665,8150.3782903158135
666,8536.553798382332
667,7618.848177088232
668,8722.403283572126
669,7472.788895526694
670,8569.549086042116
671,8055.433447711777
672,8673.628469662672
673,8069.87313383314
674,8187.551730065072
675,7477.115164313758
676,8560.126177144051
677,1868.1278067740063
678,8710.606868679239
679,8097.761234683168
680,8660.840947926808
681,8205.4551642708
682,8692.392715114054
683,8515.35198541551
684,8609.038571962927
685,7528.904447548067
686,7632.50155112966
687,7537.800867916993
688,8556.720558919114
689,7916.837435437368
690,8534.966816600514
691,8713.173964148158
692,9102.141323239779
693,8150.266934984717
694,7689.648157236947
695,8772.690792230753
696,8094.196340348132
697,8658.297243681878
698,8493.209277799617
699,8624.7895942326
700,8606.947281347559
701,9137.336978444351
702,7637.211427808161
703,8199.708746805714
704,8637.750254418499
705,8755.276328590533
706,8605.785976254476
707,8163.010707304902
708,8659.170479442608
709,8535.5780298074
710,8252.131402252788
711,7662.5957044331835
712,8144.422727686068
713,8265.644326880969
714,7531.637101840466
715,7986.1722997628485
716,8132.6409977818585
717,8604.563549840706
718,8151.8718819605
719,8673.394209891947
720,8607.069523988936
721,8003.987108063216
722,7465.421114687481
723,8062.995252755259
724,8619.775473380054
725,8693.163901059017
726,7533.04553086917
727,8154.250835801846
728,8198.981417033829
729,7530.620344779921
730,8069.086288433407
731,8628.398692353152
732,8196.964413451107
733,8733.629155554761
734,7462.044407250409
735,8030.264958184637
736,8464.115144261537
737,8084.09378516343
738,8587.565713044518
739,8646.505941545003
740,8037.374154128656
741,8166.5146284373695
742,7511.8796698223905
743,7572.393351143676
744,8680.901906824609
745,8605.908218895853
746,7930.629757522273
747,9138.192676933992
748,8692.063717286623
749,8119.400315698533
750,8406.921166345383
751,7954.865543924299
752,8545.900523818316
753,8130.858907249227
754,8037.507662028137
755,8181.622961958284
756,7922.844352950269
757,8144.4714244916795
758,7988.71304117499
759,7914.942674496024
760,8525.7646066803
761,7922.525901821594
762,8535.944757731533
763,7668.030405650054
764,8200.99842061655
765,8192.013586475336
766,7503.353268629714
767,8144.986236250193
768,7891.827944397079
769,8213.502985776078
770,8011.805083889155
771,8472.454399253895
772,8167.56505819992
773,8677.305974416013
774,9102.99702172942
775,7949.140530834476
776,8100.724636162102
777,8472.661643169591
778,8167.113877020032
779,8112.853088137224
780,8557.576257408753
781,7928.27467490548
782,8570.277366146087
783,8076.001984527638
784,8589.410575065962
785,8729.248871489244
786,8833.430046727119
787,8531.727386604023
788,8104.881845500007
789,8608.586334605363
790,8026.575347105077
791,8639.57584108321
792,8118.412149055488
793,9137.948191651236
794,8047.965971880489
795,8543.35996017944
796,7614.800294170365
797,7632.459052096529
798,7606.140733370885
799,8013.767314354745
800,8484.361303270334
801,7655.688995195378
802,8144.482698478862
803,7963.06406598558
804,7979.718375901173
805,7916.453323881281
806,8127.484475005773
807,8196.719928168353
808,8129.183155938274
809,8158.83598332864
810,8647.427874111345
811,8572.538855011564
812,8240.039606268485
813,8137.569492919381
814,8688.969921155496
815,8023.648020033702
816,8700.338486803565
817,9136.297915992645
818,7634.0173132709315
819,8186.696031575432
820,8665.071484766277
821,8032.700190516051
822,9082.893219978905
823,8108.541228422379
824,8012.727601831735
825,8195.732164633813
826,8448.44955894793
827,7547.655954530126
828,8587.810198327272
829,7547.363086396006
830,7645.350538005798
831,7992.787968106435
832,7960.54598230307
833,7907.504140113048
834,8653.662248821576
835,7657.605530757283
836,8210.950970376754
837,8677.47911286605
838,8058.572835898742
839,7716.90315350802
840,8074.681550972653
841,3291.145101886019
842,8548.910229942747
843,7962.025003533874
844,8678.039430264276
845,7983.841911720714
846,8001.604776553628
847,8052.94796493835
848,8390.261416285794
849,8090.27181621848
850,7570.6669161571335
851,7626.4477568185675
852,7633.395729641959
853,8780.575442599575
854,8681.940969276315
855,9133.54745656166
856,8092.919890743189
857,8287.255165222512
858,7512.954389779232
859,8768.905605950466
860,8231.212026907135
861,8831.819895963032
862,8275.703235612378
863,8495.337014910547
864,8209.739769796568
865,8200.570953453842
866,7847.165993922525
867,8266.146407302313
868,8842.083165082693
869,8229.390751811148
870,7804.993537734639
871,8676.944741330008
872,7711.426066446084
873,8288.04462963545
874,8358.424717643804
875,8781.92661981321
876,8162.5851826583785
877,8848.806510358432
878,8163.043925066699
879,8802.170942673076
880,7784.353710847159
881,8889.686448387038
882,8071.902343706602
883,8729.846400029008
884,8377.566913420103
885,8095.9065986363275
886,8201.365530622792
887,8274.852314788246
888,8713.663333227381
889,7743.016769522427
890,8360.564960756661
891,7645.511196084633
892,8672.01290541187
893,8359.90796449713
894,8716.305712617705
895,8221.071000428852
896,8136.982756879177
897,8762.59406329658
898,8640.820881567357
899,8236.025722168746
900,8258.281924128372
901,8481.223102587508
902,8318.172327978886
903,8229.817201058702
904,8081.920843714332
905,7726.025042371013
906,9349.101126452475
907,8695.55405510322
908,8308.20344306188
909,8832.487117734592
910,7648.039349928449
911,7582.253857905757
912,8816.300193264156
913,8729.010894364976
914,8635.702028897564
915,8811.440932393676
916,8180.614248084312
917,8310.40992025144
918,8282.355234055402
919,7840.494799542652
920,7689.52027565191
921,8314.138320813443
922,8772.04324432964
923,8237.300432661496
924,7769.064426681806
925,8657.64164282482
926,7750.7022500677585
927,8200.998802698661
928,7586.518896108162
929,8772.710466101198
930,7990.498970061494
931,8165.37344238557
932,8221.111670725484
933,8234.236719777498
934,7983.948461688729
935,8214.934491974198
936,8283.22115805707
937,8812.999641946975
938,8770.530549580468
939,8630.832542515052
940,8255.986890222985
941,8285.054797677725
942,8662.773661206571
943,8333.422239813382
944,8273.93071731241
945,8804.503778371269
946,8938.445924028449
947,7669.635627155561
948,8559.503961271526
949,8375.61103115807
950,7629.053577184724
951,7587.449170164283
952,8159.980212182701
953,7673.494535447955
954,8079.736893248127
955,8725.404736444354
956,8261.103730392075
957,7609.114872655247
958,8146.492067048825
959,7773.037312526561
960,7785.193633130521
961,8165.542252365358
962,8239.737638639466
963,8324.039974764986
964,8223.582087333098
965,8760.791808566933
966,8200.754317415907
967,8241.632853950648
968,8809.872229079832
969,7672.577715637628
970,8738.889924736379
971,8319.822603637476
972,7550.390437458573
973,8761.708628377262
974,7746.834223232425
975,8790.512108689607
976,8209.871937689193
977,8349.934963712869
978,8686.122005709594
979,8915.286056243505
980,8255.01021740272
981,7642.137413912484
982,7715.701920241415
983,8735.30605530539
984,8254.056062576607
985,8097.382997645867
986,7717.675024793742
987,8314.566170058262
988,8183.264665705767
989,7637.774875016394
990,8305.45909327567
991,8307.659460820458
992,9259.461712782457
993,8259.567206950604
994,7682.825646489245
995,8193.092129271256
996,8271.597881614218
997,8840.310646782724
998,8128.637543278254
999,8743.73896009483
1000,8098.308787881017
1001,8295.496318003437
1002,7685.414902439266
1003,7759.0456428449
1004,8369.41758494292
1005,8727.849589271895
1006,8083.1296156865
1007,9261.05086712036
1008,8376.339374250318
1009,8091.769556493303
1010,8267.09024215131
1011,7579.2153921307
1012,8866.338103884014
1013,7659.988433032833
1014,8617.85736991791
1015,8288.71185140701
1016,8174.9903022952
1017,7978.51253824786
1018,8734.397623541512
1019,8218.898097934352
1020,7620.881204301006
1021,8201.54889458486
1022,8201.304409302104
1023,8311.448982703147
1024,8598.001927550558
1025,8409.889866552312
1026,8288.905440881103
1027,8743.68806428617
1028,8123.735269014396
1029,8728.277438516714
1030,8316.216445716853
1031,8168.535012796066
1032,8167.012737901514
1033,8785.55616895782
1034,8234.494359045264
1035,8319.150269109901
1036,8303.992181579144
1037,7809.312951445436
1038,8200.509832133153
1039,9258.667135613507
1040,9257.628073161803
1041,7610.794285933542
1042,8053.915796953463
1043,8108.2359127802665
1044,8854.062943937646
1045,8355.746601934296
1046,8515.381095337638
1047,8677.629363165124
1048,8716.305712617705
1049,7681.619958340782
1050,9260.317411272097
1051,8050.499800863641
1052,8585.650163105402
1053,8110.558522966431
1054,8339.870206642869
1055,8569.270887816478
1056,7606.655103066293
1057,8995.428169327144
1058,8359.174508648868
1059,8343.695734445073
1060,7660.361864707053
1061,8422.720231140893
1062,8392.286926194014
1063,9279.871121136417
1064,7589.636083463278
1065,8810.238957003963
1066,7917.230542768601
1067,8217.787986382764
1068,8234.32046596461
1069,8894.683058415454
1070,8300.886268211212
1071,8055.504017390884
1072,8783.783650657853
1073,7769.797882530069
1074,7775.726650636857
1075,8315.971960434099
1076,7802.548684907098
1077,8083.966373909916
1078,8201.517290564534
1079,8341.02147640437
1080,8347.133608473225
1081,8096.679918072911
1082,7779.051727274317
1083,8280.959669191594
1084,8209.437498473972
1085,8590.273549357935
1086,8625.36739604366
1087,8905.873372857472
1088,8098.990859190976
1089,7537.498951549305
1090,8318.78354118577
1091,8356.179228844623
1092,7805.966366109642
1093,7589.160567143562
1094,7719.42393973665
1095,8191.122002486725
1096,9258.239286368687
1097,8333.004357882142
1098,7675.410863581446
1099,8678.996143217622
1100,8257.85069721531
1101,7669.338285641135
1102,8628.617505922019
1103,9225.42736267097
1104,8189.037526171698
1105,8718.749764257955
1106,7724.832448238405
1107,8311.571225344524
1108,7727.618103672533
1109,8647.214532387687
1110,8615.953638551742
1111,8928.544270076905
1112,8191.923237319014
1113,8150.4725997431515
1114,8729.866592854616
1115,8268.500365021815
1116,8294.493322256765
1117,8191.226861496147
1118,8812.683809831506
1119,8694.181967084536
1120,8218.59061650766
1121,7627.934842842128
1122,8671.917016827269
1123,8117.374927177092
1124,8812.622688510815
1125,8191.940765861028
1126,7616.99362598229
1127,7634.254647565913
1128,7551.782428482749
1129,8276.19325465304
1130,8348.951504439468
1131,8799.374700189446
1132,8784.817600353545
1133,8105.112932942683
1134,8259.51119838593
1135,8835.359819806952
1136,9260.317411272097
1137,8121.871546146609
1138,7787.409776881586
1139,8810.249182515992
1140,8378.172000550612
1141,8879.71856035879
1142,7646.919914933454
1143,8321.248064776026
1144,8186.745308692443
1145,8181.183413419844
1146,8652.146575734238
1147,8831.147561435459
1148,8290.178763103533
1149,7695.7445966324385
1150,9260.256289951409
1151,8267.024008074606
1152,8326.667856464086
1153,8168.049169613069
1154,8316.888780244426
1155,8803.337360522171
1156,8076.841859337517
1157,8317.744478734066
1158,8903.978611916125
1159,8264.38556577297
1160,8397.787845055982
1161,8666.947732113662
1162,8162.835530623106
1163,7715.296860412741
1164,8300.324902337832
1165,8196.483295075363
1166,7735.456216358092
1167,8226.167805905934
1168,7599.002983796669
1169,7792.605089140112
1170,8567.395984610233
1171,8046.494646202444
1172,8810.36119964534
1173,8284.231775817694
1174,9222.0656900331
1175,8134.248136172825
1176,8873.361943007181
1177,8851.490735712714
1178,8600.310293214226
1179,7765.3422129817
1180,8666.258013954131
1181,8293.022875574756
1182,8844.466896589545
1183,8307.469987213619
1184,8853.146124127317
1185,8729.499864930485
1186,8616.177601093084
1187,7614.010000526125
1188,8182.131271303731
1189,8729.879758566574
1190,8834.442999996625
1191,8761.761696742007
1192,8607.15325938
1193,7686.189028584159
1194,8725.46585776504
1195,7831.829638754112
1196,8315.238504585835
1197,8199.40964836076
1198,8729.560986251174
1199,8095.417628070819
1200,8817.155891753797
1201,8802.120046864417
1202,8614.592291200446
1203,7567.053771798459
1204,7723.40320664817
1205,8157.790215059999
1206,8398.403498204578
1207,8779.566279530343
1208,9261.539837685868
1209,8201.751215244753
1210,8309.982071006621
1211,8018.597899107514
1212,8304.081960518972
1213,8305.275729313604
1214,8849.035657373142
1215,8914.430357753867
1216,8790.97040271903
1217,8794.235396495595
1218,9262.089929572065
1219,7769.745715202598
1220,8813.48349975647
1221,8730.722291344257
1222,8694.48757368798
1223,8161.095583577074
1224,8284.056808631158
1225,8846.035599903389
1226,8229.16365016035
1227,7736.516846001945
1228,8266.057340930773
1229,8897.932713923976
1230,8233.429931723014
1231,8220.545543943264
1232,7844.432918123496
1233,8212.869066685962
1234,7739.410611601803
1235,8852.22930431699
1236,8177.885989485175
1237,8584.427736691632
1238,8085.829179308825
1239,8816.483557226224
1240,8261.036568616146
1241,9257.383587879047
1242,8053.671311670708
1243,7602.659392159304
1244,8302.301513036855
1245,8307.286623251552
1246,7743.872468012067
1247,8811.583626059111
1248,8282.426580888117
1249,8317.888219088087
1250,8260.125789261057
1251,8132.765385751667
1252,8697.047320856524
1253,8724.607986719318
1254,8267.295602861115
1255,8139.064449631278
1256,8272.89270333586
1257,7627.922525879435
1258,8086.455875693811
1259,8576.64349484439
1260,8879.963045641545
1261,8178.179448986473
1262,8747.416464848171
1263,8751.073518577456
1264,8837.437944710364
1265,8837.687542749132
1266,8825.702651138163
1267,7759.1208309148205
1268,8362.408825889346
1269,8217.652984135802
1270,8073.223621537762
1271,8814.18845162473
1272,8214.915284310402
1273,8739.737328011932
1274,9258.422650330753
1275,7560.655890861263
1276,8234.889531660478
1277,8239.416548857922
1278,8170.526545431082
1279,8928.299784794151
1280,8847.828569227415
1281,9279.932242457104
1282,8812.999641946975
1283,7746.806291405116
1284,7630.646605623038
1285,8854.735278465221
1286,7771.313835668151
1287,8729.499864930485
1288,8401.577366938673
1289,8243.298710135423
1290,8854.67415714453
1291,8141.167605016215
1292,8179.837199457374
1293,9261.417595044491
1294,7761.52912060516
1295,7661.32052175226
1296,8146.105672386402
1297,8658.558462635146
1298,7699.345450800239
1299,8301.32357190584
1300,7690.364329417773
1301,8303.808817617079
1302,8115.054791094074
1303,8282.881849096473
1304,8306.605060100708
1305,8131.161537696009
1306,9350.568038148998
1307,8197.177676795647
1308,8730.294442099435
1309,7757.163726428788
1310,9313.23313672033
1311,9207.340564503174
1312,8582.522088440006
1313,8837.356372365617
1314,8632.5838954451
1315,8218.753167908195
1316,8228.735800915529
1317,8333.019696150186
1318,8731.372002291688
1319,8004.604829428588
1320,8091.363763170274
1321,8113.445935658074
1322,7691.815593386475
1323,7701.218805891099
1324,8136.686625861803
1325,8335.143604106242
1326,7763.354831043667
1327,8834.047768092492
1328,7645.01370946414
1329,8195.651120992821
1330,8708.723728652396
1331,8260.420669895882
1332,8801.498608145503
1333,7810.202916742397
1334,8281.728940778921
1335,8730.844533985633
1336,8847.247916680873
1337,7731.343865581666
1338,8784.089257261296
1339,7764.1584279322515
1340,8909.173924174653
1341,8848.745389037744
1342,8118.5219877476775
1343,8279.214569855161
1344,8399.438120714573
1345,7700.208142860083
1346,8027.310138365402
1347,8222.401808430344
1348,8197.172564039633
1349,8211.780559684194
1350,8812.92829511426
1351,8607.76039058814
1352,8747.457072156525
1353,8119.984360337479
1354,7574.686923674657
1355,8201.91562250899
1356,8691.55375029493
1357,8870.244755652067
1358,7721.405134812788
1359,8729.805471533928
1360,8287.544420237551
1361,8509.941297796358
1362,8136.258776616984
1363,8712.009390896792
1364,8701.3590027981
1365,8392.353160270715
1366,7704.907490982896
1367,8848.989874320498
1368,8324.162217406363
1369,8849.713104656732
1370,7999.094423253604
1371,8185.085236261058
1372,8808.843392140156
1373,7646.3017766656585
1374,7789.549023105685
1375,8388.051335887452
1376,8094.131453410438
1377,7645.349399314713
1378,7657.852590107704
1379,8552.083285846777
1380,7809.347218252758
1381,7763.878084848102
1382,8164.6753874409205
1383,8568.696915976649
1384,8645.319771446342
1385,8097.827535861184
1386,8845.139231117118
1387,8185.248793749353
1388,8730.416684740812
1389,8285.691852077616
1390,8712.941099779906
1391,8181.317753868555
1392,8641.123806169318
1393,8037.844602371126
1394,9259.767319385901
1395,7760.638654851609
1396,8054.710374122413
1397,8662.669239665463
1398,7751.037040377656
1399,7714.196660208743
1400,3099.3766333550057
1401,7642.189548376747
1402,7590.208526827387
1403,8844.344653948168
1404,7643.6775564639765
1405,7622.406743575409
1406,7736.689306222126
1407,8604.099815096917
1408,8077.862149886948
1409,7805.32147617633
1410,8713.541090586004
1411,8341.821166329337
1412,8283.449291751418
1413,8197.541931432992
1414,8191.523142128237
1415,8730.722291344257
1416,8116.634324935849
1417,8826.008257741607
1418,8772.705353345185
1419,8389.541579519044
1420,7603.0216526940685
1421,8825.025203854575
1422,7580.418890005192
1423,8646.433817558674
1424,8937.928344827269
1425,8167.988048292381
1426,8209.813000651535
1427,8186.096104192542
1428,8771.99234852098
1429,8250.105766768549
1430,8362.953805019528
1431,8789.335465328482
1432,8835.298698486265
1433,7686.026115646151
1434,8359.546159148564
1435,7745.352757553622
1436,7649.670746342573
1437,7724.749759725569
1438,8673.528073447826
1439,8216.463175062716
1440,8622.49976064056
1441,8715.130244923905
1442,8840.982981310299
1443,8759.014177510951
1444,8078.981105561616
1445,8197.338993565001
1446,8736.383950588148
1447,8043.208406420457
1448,8184.464719505364
1449,8802.048700031699
1450,8782.123149487234
1451,8810.310303836679
1452,8473.870144935961
1453,9315.311261623741
1454,8168.86316704881
1455,8850.762392620465
1456,8729.805471533928
1457,9222.799145881363
1458,8117.380934769124
1459,8138.104525771919
1460,8101.21049438997
1461,8199.70118821497
1462,8121.461509272978
1463,8017.127113310578
1464,8676.46156175037
1465,8802.354306635141
1466,8717.42123465814
1467,8347.861951565474
1468,7544.033820106964
1469,8314.138320813443
1470,8162.684737914976
1471,8746.815477153315
1472,7717.310006326655
1473,8845.56708036194
1474,8318.355691940951
1475,8088.829794487439
1476,8643.95771875924
1477,7662.99379425541
1478,8159.368998975815
1479,7468.82669669596
1480,8197.170817224915
1481,8360.57518626869
1482,8199.123333545653
1483,8731.779632263933
1484,8692.83729802939
1485,8285.482646922545
1486,8287.384719622954
1487,9259.583955423834
1488,8162.806980556353
1489,9204.467862430814
1490,8304.893921319877
1491,8670.900404676782
1492,8691.622924571562
1493,8223.312038270271
1494,8217.299015817254
1495,8831.13733592343
1496,8730.355563420126
1497,8743.980505177655
1498,7771.151505578434
1499,8187.523385338511
1500,7566.875520592407
1501,8826.359647397694
1502,8288.477591636283
1503,8783.366026925061
1504,7655.086147042029
1505,7569.119770735986
1506,8303.585060771315
1507,8681.229024764074
1508,8617.962228927332
1509,8831.509176603575
1510,7779.536030254649
1511,8333.695717805782
1512,8136.637614075394
1513,8244.887864473327
1514,7781.114280850667
1515,8401.455124297294
1516,7665.191832607109
1517,7673.801851508443
1518,8197.641083581084
1519,8914.730851601294
1520,8615.61326468439
1521,8273.908815029758
1522,8660.084323096276
1523,7742.378701802175
1524,8845.93380828607
1525,7596.319420240638
1526,8693.07961075606
1527,8178.963972425721
1528,8797.158994376616
1529,8193.403658547084
1530,8311.082254779016
1531,7600.645689027701
1532,8683.656701857995
1533,1991.6583314879495
1534,8834.137393393183
1535,8221.29175939711
1536,8784.371472640752
1537,8328.985688984743
1538,8815.923239827996
1539,8638.882510129451
1540,8732.56909667687
1541,7652.43497226201
1542,7756.032075843603
1543,7661.3313926309365
1544,8680.251083633058
1545,8040.36796015131
1546,8658.497341314458
1547,8836.7044888621
1548,9225.671847953723
1549,8273.79745969866
1550,7813.17868195089
1551,8896.221316944697
1552,8217.726865062075
1553,8781.82776839582
1554,8616.739802513559
1555,8748.320118946542
1556,8730.477806061503
1557,9260.867503158293
1558,7760.741952522104
1559,8323.239271519658
1560,8761.280779132441
1561,8878.806853304477
1562,8729.31650096842
1563,8286.541232018844
1564,8782.701004156552
1565,8659.108554521343
1566,8375.66192696673
1567,7786.126229147127
1568,8267.953252400011
1569,8389.174851594911
1570,7655.167626554408
1571,8109.702824476792
1572,8256.1715224958
1573,8728.094074554649
1574,8275.402406674444
1575,8796.92473460589
1576,8730.60004870288
1577,8127.517632777159
1578,7588.9516394014245
1579,8186.525777469202
1580,8743.305998093996
1581,8816.69442577296
1582,7656.576055583113
1583,8277.78136051579
1584,8322.511941747773
1585,7654.150869493864
1586,8192.616813147351
1587,8751.929217067096
1588,8320.494938165051
1589,8857.159680268704
1590,7585.574931964352
1591,8153.79548289858
1592,8587.64566897548
1593,8207.624309877374
1594,8711.096237758462
1595,8770.036466258945
1596,8160.904678842599
1597,8290.045153151312
1598,7635.410194536333
1599,7695.923875857619
1600,8804.432431538551
1601,8729.438743609797
1602,8054.1602822362165
1603,9261.723201647934
1604,8815.594242000567
1605,8242.930840412475
1606,8530.451691059327
1607,8078.396068638242
1608,8669.431048532259
1609,8254.389431963169
1610,8161.03818674208
1611,8305.153486672227
1612,8046.374877664212
1613,8268.001949205624
1614,8112.2435658889335
1615,8038.473199209966
1616,8649.295131394243
1617,8046.056426535537
1618,8659.475282445475
1619,7791.560930363996
1620,8324.528945330494
1621,8315.54411118928
1622,7626.883793343657
1623,8268.516760964136
1624,8015.358469111022
1625,8337.033510490022
1626,8135.335608603098
1627,8595.984923967837
1628,8291.095582913862
1629,8800.836499129957
1630,9226.527546443362
1631,8072.671055548419
1632,8224.255160876044
1633,8596.192167883535
1634,8290.644401733976
1635,8236.383612851168
1636,8681.106782122697
1637,8051.805199619423
1638,8693.80789086003
1639,8199.53250924158
1640,8712.941099779906
1641,8852.779396203186
1642,8956.960571441063
1643,8655.257911317965
1644,8228.412370213951
1645,8732.116859319305
1646,8150.10587181902
1647,8763.106365797154
1648,8241.94267376943
1649,9261.478716365178
1650,8171.496496594431
1651,8666.890484893382
1652,7738.330818884308
1653,7755.9895768104725
1654,7729.671258084828
1655,8137.2978390686885
1656,8607.891827984276
1657,7779.219519909321
1658,8268.013223192806
1659,8086.594590699522
1660,8103.248900615116
1661,8039.983848595224
1662,8251.014999719715
1663,8320.250452882296
1664,8252.713680652216
1665,8282.366508042584
1666,8770.958398825289
1667,8696.069379725506
1668,8363.570130982429
1669,8261.100017633325
1670,8812.500445869438
1671,8147.178544747645
1672,8823.869011517507
1673,9259.828440706588
1674,7757.547837984875
1675,8310.226556289375
1676,8788.602009480219
1677,8156.2307152299945
1678,9206.423744692847
1679,8232.071753136323
1680,8136.258126545678
1681,8319.262689347757
1682,8571.980083661874
1683,7671.186479244068
1684,8711.340723041216
1685,7670.893611109949
1686,7768.881062719741
1687,8116.318492820377
1688,8084.076507017013
1689,8031.0346648269915
1690,8777.19277353552
1691,7781.136055471226
1692,8334.481495090698
1693,8801.009637579993
1694,8182.103360612685
1695,7840.433678221963
1696,8198.212075686597
1697,3414.675626599962
1698,8672.440754656689
1699,8085.555528247818
1700,8801.569954978218
1701,8107.372436434656
1702,8125.135301267571
1703,8176.478489652293
1704,8513.791940999736
1705,8213.802340932423
1706,7694.197440871077
1707,7749.978281532511
1708,7756.9262543559025
1709,8904.105967313519
1710,8805.471493990257
1711,9257.077981275605
1712,8216.450415457133
1713,8410.785689936456
1714,7636.484914493174
1715,8892.43613066441
1716,8354.742551621079
1717,8955.350420676974
1718,8399.233760326322
1719,8618.867539624489
1720,8333.27029451051
1721,8324.101478167784
1722,7970.696518636467
1723,8389.676932016255
1724,8965.613689796635
1725,8352.92127652509
1726,7928.524062448581
1727,8800.475266043948
1728,7834.9565911600275
1729,8411.575154349392
1730,8481.955242357746
1731,8905.457144527154
1732,8286.11570737232
1733,8972.337035072374
1734,8286.57444978064
1735,8925.701467387018
1736,7907.884235561101
1737,9013.21697310098
1738,8195.432868420543
1739,8853.37692474295
1740,8501.097438134047
1741,8219.43712335027
1742,8324.896055336736
1743,8398.38283950219
1744,8837.193857941322
1745,7866.547294236369
1746,8484.095485470603
1747,7769.041720798576
1748,8795.543430125812
1749,8483.438489211072
1750,8839.836237331647
1751,8344.601525142794
1752,8260.51328159312
1753,8886.124588010522
1754,8764.3514062813
1755,8359.556246882688
1756,8381.812448842316
1757,8604.75362730145
1758,8441.702852692828
1759,8353.347725772644
1760,8205.451368428274
1761,7849.555567084955
1762,9472.631651166417
1763,8819.084579817163
1764,8431.733967775823
1765,8956.017642448534
1766,7771.569874642392
1767,7705.7843826196995
1768,8939.8307179781
1769,8852.54141907892
1770,8759.232553611506
1771,8934.971457107618
1772,8304.144772798254
1773,8433.940444965385
1774,8405.885758769344
1775,7964.025324256594
1776,7813.050800365853
1777,8437.668845527385
1778,8895.573769043582
1779,8360.830957375438
1780,7892.5949513957485
1781,8781.172167538762
1782,7874.232774781701
1783,8324.529327412605
1784,7710.049420822104
1785,8896.240990815142
1786,8114.029494775436
1787,8288.903967099512
1788,8344.642195439426
1789,8357.76724449144
1790,8107.4789864026725
1791,8338.46501668814
1792,8406.751682771011
1793,8936.53016666092
1794,8894.061074294412
1795,8754.363067228996
1796,8379.517414936927
1797,8408.585322391667
1798,8786.304185920515
1799,8456.952764527327
1800,8397.461242026355
1801,8928.034303085211
1802,9061.976448742393
1803,7793.166151869504
1804,8683.034485985469
1805,8499.141555872013
1806,7752.5841018986675
1807,7710.979694878226
1808,8283.510736896644
1809,7797.025060161898
1810,8203.26741796207
1811,8848.935261158294
1812,8384.634255106017
1813,7732.6453973691905
1814,8270.022591762769
1815,7896.567837240504
1816,7908.724157844464
1817,8289.0727770793
1818,8363.268163353408
1819,8447.570499478928
1820,8347.11261204704
1821,8884.322333280876
1822,8324.28484212985
1823,8365.16337866459
1824,8933.402753793775
1825,7796.10824035157
1826,8862.420449450321
1827,8443.353128351418
1828,7673.920962172516
1829,8885.239153091205
1830,7870.364747946367
1831,8914.04263340355
1832,8333.402462403137
1833,8473.465488426811
1834,8809.652530423537
1835,9038.81658095745
1836,8378.540742116662
1837,7765.667938626427
1838,7839.232444955357
1839,8858.836580019331
1840,8377.586587290549
1841,8220.91352235981
1842,7841.205549507684
1843,8438.096694772205
1844,8306.79519041971
1845,7761.305399730336
1846,8428.989617989611
1847,8431.1899855344
1848,9382.9922374964
1849,8383.097731664548
1850,7806.356171203187
1851,8316.6226539852
1852,8395.12840632816
1853,8963.841171496668
1854,8252.168067992197
1855,8867.269484808774
1856,8221.839312594959
1857,8419.02684271738
1858,7808.945427153209
1859,7882.576167558842
1860,8492.948109656862
1861,8851.380113985837
1862,8206.660140400443
1863,9384.581391834301
1864,8499.869898964262
1865,8215.300081207246
1866,8390.620766865251
1867,7702.745916844642
1868,8989.868628597957
1869,7783.518957746776
1870,8741.387894631851
1871,8412.242376120952
1872,8298.520827009143
1873,8102.043062961804
1874,8857.928148255454
1875,8342.428622648295
1876,7744.411729014949
1877,8325.0794192988
1878,8324.834934016046
1879,8434.979507417089
1880,8721.532452264502
1881,8533.420391266256
1882,8412.435965595047
1883,8867.218589000113
1884,8247.265793728338
1885,8851.807963230658
1886,8439.746970430795
1887,8292.065537510009
1888,8290.543262615456
1889,8909.086693671765
1890,8358.024883759208
1891,8442.680793823845
1892,8427.522706293086
1893,7932.843476159378
1894,8324.040356847096
1895,9382.197660327449
1896,9381.158597875743
1897,7734.324810647485
1898,8177.446321667405
1899,8231.766437494209
1900,8977.59346865159
1901,8479.277126648238
1902,8638.911620051582
1903,8801.159887879068
1904,8839.836237331647
1905,7805.150483054725
1906,9383.84793598604
1907,8174.030325577583
1908,8709.180687819346
1909,8234.089047680372
1910,8463.40073135681
1911,8692.801412530418
1912,7730.185627780235
1913,9118.958694041086
1914,8482.70503336281
1915,8467.226259159015
1916,7783.892389420997
1917,8546.250755854835
1918,8515.817450907956
1919,9403.401645850357
1920,7713.16660817722
1921,8933.769481717905
1922,8040.761067482545
1923,8341.318511096706
1924,8357.850990678553
1925,9018.213583129396
1926,8424.416792925154
1927,8179.034542104826
1928,8907.314175371795
1929,7893.328407244011
1930,7899.2571753508
1931,8439.502485148041
1932,7926.079209621041
1933,8207.496898623856
1934,8325.047815278476
1935,8464.552001118314
1936,8470.664133187169
1937,8220.210442786854
1938,7902.582251988259
1939,8404.490193905536
1940,8332.968023187914
1941,8713.804074071877
1942,8748.897920757601
1943,9029.403897571414
1944,8222.52138390492
1945,7661.0294762632475
1946,8442.314065899714
1947,8479.709753558565
1948,7929.496890823584
1949,7712.691091857505
1950,7842.954464450593
1951,8314.65252720067
1952,9381.76981108263
1953,8456.534882596086
1954,7798.9413882953895
1955,8802.526667931566
1956,8381.381221929252
1957,7792.868810355077
1958,8752.148030635963
1959,9348.957887384911
1960,8312.56805088564
1961,8842.280288971899
1962,7848.362972952347
1963,8435.101750058466
1964,7851.148628386476
1965,8770.74505710163
1966,8739.484163265686
1967,9052.074794790848
1968,8315.453762032957
1969,8274.003124457093
1970,8853.397117568558
1971,8392.030889735757
1972,8418.023846970707
1973,8314.75738621009
1974,8936.214334545446
1975,8817.71249179848
1976,8342.121141221602
1977,7751.46536755607
1978,8795.447541541213
1979,8240.905451891034
1980,8936.15321322476
1981,8315.47129057497
1982,7740.524150696232
1983,7757.785172279855
1984,7675.3129531966915
1985,8399.723779366985
1986,8472.482029153412
1987,8922.905224903388
1988,8908.348125067487
1989,8228.643457656626
1990,8383.041723099872
1991,8958.890344520896
1992,9383.84793598604
1993,8245.402070860551
1994,7910.940301595529
1995,8933.779707229935
1996,8501.702525264554
1997,9003.249085072734
1998,7770.450439647396
1999,8444.778589489968
2000,8310.275833406387
2001,8304.713938133787
2002,8775.677100448182
2003,8954.6780861494
2004,8413.709287817477
2005,7819.275121346382
2006,9383.78681466535
2007,8390.554532788548
2008,8450.198381178028
2009,8291.579694327012
2010,8440.41930495837
2011,8926.867885236115
2012,8200.37238405146
2013,8441.275003448009
2014,9027.50913663007
2015,8387.916090486913
2016,8521.318369769924
2017,8790.478256827604
2018,8286.36605533705
2019,7838.827385126683
2020,8423.855427051774
2021,8320.013819789305
2022,7858.986741072034
2023,8349.698330619878
2024,7722.533508510611
2025,7916.135613854054
2026,8690.926509324177
2027,8170.025170916386
2028,8933.891724359282
2029,8407.762300531636
2030,9345.596214747042
2031,8257.778660886768
2032,8996.892467721125
2033,8975.021260426656
2034,8723.840817928169
2035,7888.872737695643
2036,8789.788538668074
2037,8416.5534002887
2038,8967.997421303487
2039,8431.000511927561
2040,8976.676648841261
2041,8853.030389644427
2042,8739.708125807027
2043,7737.540525240068
2044,8305.661796017674
2045,8853.410283280518
2046,8957.973524710567
2047,8885.292221455948
2048,8730.683784093942
2049,7809.719553298102
2050,8848.996382478985
2051,7955.360163468054
2052,8438.76902929978
2053,8322.940173074701
2054,8853.091510965118
2055,8218.948152784762
2056,8940.686416467739
2057,8925.650571578359
2058,8738.122815914388
2059,7690.584296512401
2060,7846.933731362113
2061,8281.320739773942
2062,8521.93402291852
2063,8903.096804244287
2064,9385.07036239981
2065,8325.281739958695
2066,8433.512595720564
2067,8142.128423821458
2068,8427.612485232914
2069,8428.806254027546
2070,8972.566182087086
2071,9037.960882467809
2072,8914.500927432971
2073,8917.765921209537
2074,9385.620454286007
2075,7893.27623991654
2076,8937.014024470413
2077,8854.252816058199
2078,8818.018098401923
2079,8284.626108291017
2080,8407.587333345102
2081,8969.566124617333
2082,8352.694174874292
2083,7860.047370715887
2084,8389.587865644715
2085,9021.463238637918
2086,8356.960456436958
2087,8344.076068657207
2088,7967.963442837438
2089,8336.399591399906
2090,7862.941136315745
2091,8975.759829030932
2092,8301.416514199118
2093,8707.958261405574
2094,8209.359704022769
2095,8940.014081940166
2096,8384.56709333009
2097,9380.91411259299
2098,8177.201836384651
2099,7726.189916873246
2100,8425.832037750799
2101,8430.817147965496
2102,7867.402992726009
2103,8935.114150773054
2104,8405.957105602061
2105,8441.41874380203
2106,8383.656313975
2107,8256.29591046561
2108,8820.577845570466
2109,8848.13851143326
2110,8390.82612757506
2111,8262.594974345222
2112,8396.423228049804
2113,7751.453050593378
2114,8209.986400407754
2115,8700.174019558332
2116,9003.493570355487
2117,8301.709973700416
2118,8870.946989562115
2119,8874.604043291398
2120,8960.968469424306
2121,8961.218067463074
2122,8949.233175852107
2123,7882.651355628763
2124,8485.939350603288
2125,8341.183508849745
2126,8196.754146251704
2127,8937.718976338674
2128,8338.445809024346
2129,8863.267852725876
2130,9381.953175044695
2131,7684.186415575206
2132,8358.42005637442
2133,8362.947073571864
2134,8294.057070145025
2135,9051.830309508094
2136,8971.359093941359
2137,9403.462767171048
2138,8936.53016666092
2139,7870.336816119059
2140,7754.177130336981
2141,8978.265803179163
2142,7894.844360382092
2143,8853.030389644427
2144,8525.107891652615
2145,8366.829234849367
2146,8978.204681858475
2147,8264.698129730157
2148,8303.367724171316
2149,9384.948119758434
2150,7885.059645319103
2151,7784.851046466202
2152,8269.636197100344
2153,8782.088987349089
2154,7822.875975514181
2155,8424.854096619782
2156,7813.894854131715
2157,8427.33934233102
2158,8238.585315808017
2159,8406.412373810417
2160,8430.13558481465
2161,8254.692062409951
2162,9474.098562862942
2163,8320.70820150959
2164,8853.82496681338
2165,7880.6942511427305
2166,9436.763661434274
2167,9330.871089217118
2168,8706.052613153948
2169,8960.88689707956
2170,8756.114420159041
2171,8342.283692622139
2172,8352.266325629473
2173,8456.55022086413
2174,8854.90252700563
2175,8128.135354142531
2176,8214.894287884217
2177,8236.976460372018
2178,7815.346118100417
2179,7824.749330605041
2180,8260.217150575747
2181,8458.674128820185
2182,7886.88535575761
2183,8957.578292806435
2184,7768.544234178084
2185,8319.181645706765
2186,8832.254253366338
2187,8383.951194609825
2188,8925.029132859445
2189,7933.733441456339
2190,8405.259465492863
2191,8854.375058699576
2192,8970.778441394817
2193,7854.8743902956085
2194,8907.619781975238
2195,7887.688952646195
2196,9032.704448888595
2197,8972.275913751686
2198,8242.05251246162
2199,8402.745094569103
2200,8522.968645428515
2201,7823.738667574025
2202,8150.840663079344
2203,8345.932333144287
2204,8320.703088753577
2205,8335.311084398138
2206,8936.458819828202
2207,8731.290915302081
2208,8870.98759687047
2209,8243.514885051422
2210,7698.2174483886
2211,8325.446147222932
2212,8815.084275008874
2213,8993.77528036601
2214,7844.93565952673
2215,8853.335996247872
2216,8411.074944951493
2217,8633.4718225103
2218,8259.789301330926
2219,8835.539915610734
2220,8824.889527512045
2221,8515.88368498466
2222,7828.438015696838
2223,8972.52039903444
2224,8447.692742120305
2225,8973.243629370674
2226,8122.624947967547
2227,8308.615760975
2228,8932.373916854098
2229,7769.832301379602
2230,7913.079547819627
2231,8511.581860601395
2232,8217.66197812438
2233,7768.879924028656
2234,7781.383114821646
2235,8675.61381056072
2236,7932.877742966701
2237,7887.408609562044
2238,8288.205912154863
2239,8692.22744069059
2240,8768.850296160286
2241,8221.358060575127
2242,8968.669755831063
2243,8308.779318463296
2244,8853.947209454756
2245,8409.222376791558
2246,8836.471624493848
2247,8304.848278582496
2248,8764.65433088326
2249,8161.375127085068
2250,9383.297844099843
2251,7884.1691795655515
2252,8178.240898836356
2253,8786.199764379406
2254,7874.567565091598
2255,7837.727184922685
2256,3222.907158068949
2257,7765.720073090689
2258,7713.73905154133
2259,8967.87517866211
2260,7767.208081177919
2261,7745.937268289352
2262,7860.219830936068
2263,8727.630339810858
2264,8201.392674600891
2265,7928.852000890272
2266,8837.071615299945
2267,8465.351691043279
2268,8406.97981646536
2269,8321.072456146936
2270,8315.05366684218
2271,8854.252816058199
2272,8240.164849649793
2273,8949.53878245555
2274,8896.235878059128
2275,8513.072104232986
2276,7726.552177408011
2277,8948.555728568517
2278,7703.949414719134
2279,8769.964342272617
2280,9061.458869541213
2281,8291.518573006324
2282,8333.343525365479
2283,8309.626628906484
2284,8895.522873234922
2285,8373.63629148249
2286,8486.48432973347
2287,8912.865990042425
2288,8958.829223200208
2289,7809.556640360094
2290,8483.076683862506
2291,7868.883282267564
2292,7773.201271056516
2293,7848.280284439512
2294,8797.058598161768
2295,8339.99369977666
2296,8746.030285354504
2297,8838.660769637849
2298,8964.513506024241
2299,8882.544702224894
2300,8202.51163027556
2301,8320.869518278943
2302,8859.914475302092
2303,8166.7389311343995
2304,8307.995244219306
2305,8925.579224745641
2306,8905.653674201178
2307,8933.840828550623
2308,8597.400669649905
2309,9438.841786337684
2310,8292.393691762752
2311,8974.292917334407
2312,8853.335996247872
2313,9346.329670595303
2314,8240.911459483066
2315,8261.635050485862
2316,8224.741019103913
2317,8323.231712928911
2318,8244.99203398692
2319,8140.6576380245215
2320,8799.99208646431
2321,8925.884831349083
2322,8840.951759372085
2323,8471.392476279416
2324,7667.5643448209075
2325,8437.668845527385
2326,8286.215262628917
2327,8870.346001867258
2328,7840.840531040598
2329,8969.097605075882
2330,8441.886216654893
2331,8212.360319201382
2332,8767.488243473183
2333,7786.524318969353
2334,8282.899523689757
2335,7592.357221409902
2336,8320.701341938857
2337,8484.105710982632
2338,8322.653858259595
2339,8855.310156977877
2340,8816.367822743332
2341,8409.013171636489
2342,8410.915244336895
2343,9383.114480137778
2344,8286.337505270296
2345,9327.998387144757
2346,8428.42444603382
2347,8794.430929390724
2348,8815.153449285506
2349,8346.842562984213
2350,8340.829540531198
2351,8954.667860637372
2352,8853.886088134068
2353,8867.511029891597
2354,7894.682030292377
2355,8311.053910052453
2356,7690.40604530635
2357,8949.890172111636
2358,8412.008116350225
2359,8906.896551639005
2360,7778.616671755971
2361,7692.650295449928
2362,8427.115585485259
2363,8804.759549478018
2364,8741.492753641272
2365,8955.039701317517
2366,7903.066554968591
2367,8457.226242519726
2368,8260.168138789337
2369,8368.418389187269
2370,7904.644805564609
2371,8524.985649011236
2372,7788.722357321052
2373,7797.332376222386
2374,8321.171608295026
2375,9038.261376315237
2376,8739.143789398331
2377,8397.4393397437
2378,8783.614847810219
2379,7865.909226516117
2380,8969.464333000013
2381,7719.849944954581
2382,8816.610135470002
2383,8302.494497139664
2384,8920.689519090558
2385,8316.934183261026
2386,8434.612779492958
2387,7724.1762137416445
2388,8807.187226571938
2389,2115.1888562018926
2390,8957.667918107125
2391,8344.822284111055
2392,8907.901997354695
2393,8452.516213698686
2394,8939.45376454194
2395,8762.413034843394
2396,8856.099621390813
2397,7775.965496975952
2398,7879.562600557545
2399,7784.861917344879
2400,8803.781608347
2401,8163.8984848652535
2402,8782.027866028402
2403,8960.235013576043
2404,9349.202372667667
2405,8397.327984412603
2406,7936.709206664831
2407,9019.751841658639
2408,8341.257389776018
2409,8905.358293109763
2410,8740.270327227503
2411,8871.850643660484
2412,8854.008330775445
2413,9384.398027872237
2414,7884.272477236046
2415,8446.7697962336
2416,8884.811303846385
2417,9002.33737801842
2418,8852.847025682362
2419,8410.071756732788
2420,8906.231528870496
2421,8782.639079235287
2422,8499.192451680672
2423,7909.656753861069
2424,8391.483777113954
2425,8512.705376308855
2426,7778.6981512683515
2427,8233.233349190734
2428,8379.702047209743
2429,8851.62459926859
2430,8398.932931388386
2431,8920.455259319831
2432,8854.130573416822
2433,8251.048157491101
2434,7712.482164115367
2435,8310.056302183144
2436,8866.836522807938
2437,8940.224950486903
2438,7780.106580297056
2439,8401.311885229732
2440,8446.042466461715
2441,7777.681394207806
2442,8316.147337861294
2443,8875.459741781038
2444,8444.025462878993
2445,8980.690204982648
2446,7709.105456678294
2447,8277.326007612523
2448,8711.176193689422
2449,8331.154834591316
2450,8834.626762472404
2451,8893.56699097289
2452,8284.435203556543
2453,8413.575677865254
2454,7758.940719250276
2455,7819.4544005715625
2456,8927.962956252493
2457,8852.969268323739
2458,8177.690806950159
2459,9385.253726361876
2460,8939.12476671451
2461,8366.461365126419
2462,8653.982215773269
2463,8201.926593352186
2464,8792.9615732462
2465,8377.919956677113
2466,8284.568711456024
2467,8428.684011386169
2468,8169.905402378155
2469,8391.532473919566
2470,8235.774090602876
2471,8162.003723923909
2472,8772.825656108187
2473,8169.586951249479
2474,8783.005807159418
2475,7915.091455077938
2476,8448.059470044436
2477,8439.07463590322
2478,7750.414318057599
2479,8392.047285678078
2480,8138.888993824965
2481,8460.564035203965
2482,8258.866133317042
2483,8719.515448681781
2484,8414.626107627806
2485,8924.367023843899
2486,9350.058071157306
2487,8196.201580262361
2488,8347.785685589988
2489,8719.722692597477
2490,8414.174926447919
2491,8359.914137565109
2492,8804.637306836641
2493,8175.335724333366
2494,8817.338415573973
2495,8323.063033955525
2496,8836.471624493848
2497,8976.30992091713
2498,9080.491096155005
2499,8778.788436031908
2500,8351.942894927894
2501,8855.647384033247
2502,8273.636396532962
2503,8886.636890511098
2504,8365.473198483374
2505,9385.009241079122
2506,8295.027021308375
2507,8790.421009607326
2508,7861.861343598252
2509,7879.520101524415
2510,7853.201782798771
2511,8260.828363782632
2512,8731.42235269822
2513,7902.750044623264
2514,8391.543747906748
2515,8210.125115413466
2516,8226.77942532906
2517,8163.514373309166
2518,8374.545524433659
2519,8443.780977596238
2520,8376.244205366158
2521,8405.897032756526
2522,8894.488923539231
2523,8819.599904439448
2524,8487.100655696371
2525,8384.630542347268
2526,8936.030970583382
2527,8270.709069461587
2528,8947.399536231449
2529,9383.358965420532
2530,7881.078362698818
2531,8433.757081003318
2532,8912.132534194163
2533,8279.761239943937
2534,9329.95426940679
2535,8355.602277850267
2536,8259.78865125962
2537,8442.7932140617
2538,8695.510608375816
2539,7794.717003958011
2540,8834.871247755158
2541,7794.424135823891
2542,7892.411587433683
2543,8239.849017534321
2544,8207.607031730955
2545,8154.565189540935
2546,8900.723298249462
2547,7904.666580185169
2548,8458.01201980464
2549,8924.540162293935
2550,8305.633885326628
2551,7963.964202935906
2552,8321.74260040054
2553,3538.206151313905
2554,8795.971279370631
2555,8209.08605296176
2556,8925.100479692162
2557,8230.9029611486
2558,8248.665825981514
2559,8300.009014366236
2560,8637.322465713678
2561,8337.332865646365
2562,7817.72796558502
2563,7873.508806246453
2564,7880.456779069846
2565,9027.636492027461
2566,8929.0020187042
2567,9380.608505989547
2568,8339.980940171075
2569,8534.316214650398
2570,7760.015439207117
2571,9015.966655378352
2572,8478.273076335021
2573,9078.880945390918
2574,8522.764285040264
2575,8742.398064338431
2576,8456.800819224452
2577,8447.632002881728
2578,8094.22704335041
2579,8513.207456730199
2580,9089.14421451058
2581,8476.451801239033
2582,8052.054587162525
2583,8924.005790757892
2584,7958.487115873971
2585,8535.105679063336
2586,8605.485767071688
2587,9028.987669241096
2588,8409.646232086263
2589,9095.867559786318
2590,8410.104974494585
2591,9049.231992100962
2592,8031.4147602750445
2593,9136.747497814922
2594,8318.963393134487
2595,8976.907449456892
2596,8624.62796284799
2597,8342.967648064212
2598,8448.426580050678
2599,8521.913364216132
2600,8960.724382655266
2601,7990.077818950313
2602,8607.626010184547
2603,7892.572245512518
2604,8919.073954839754
2605,8606.969013925016
2606,8963.36676204559
2607,8468.132049856738
2608,8384.043806307061
2609,9009.655112724464
2610,8887.881930995243
2611,8483.08677159663
2612,8505.342973556259
2613,8728.284152015392
2614,8565.233377406772
2615,8476.878250486589
2616,8328.981893142218
2617,7973.086091798898
2618,9596.16217588036
2619,8942.615104531105
2620,8555.264492489767
2621,9079.548167162477
2622,7895.100399356335
2623,7829.314907333643
2624,9063.361242692043
2625,8976.071943792864
2626,8882.763078325448
2627,9058.501981821562
2628,8427.675297512196
2629,8557.470969679327
2630,8529.416283483286
2631,8087.555848970538
2632,7936.581325079796
2633,8561.199370241327
2634,9019.104293757526
2635,8484.361482089382
2636,8016.125476109692
2637,8904.702692252704
2638,7997.763299495644
2639,8448.059852126547
2640,7833.5799455360475
2641,9019.771515529084
2642,8237.56001948938
2643,8412.434491813456
2644,8468.172720153369
2645,8481.297769205383
2646,8231.009511116616
2647,8461.995541402084
2648,8530.282207484956
2649,9060.060691374862
2650,9017.591599008354
2651,8877.893591942939
2652,8503.04793965087
2653,8532.115847105611
2654,8909.834710634457
2655,8580.483289241269
2656,8520.991766740297
2657,9051.564827799155
2658,9185.506973456335
2659,7916.696676583447
2660,8806.565010699413
2661,8622.672080585957
2662,7876.114626612611
2663,7834.510219592168
2664,8407.041261610586
2665,7920.555584875841
2666,8326.797942676012
2667,8972.465785872238
2668,8508.16477981996
2669,7856.175922083134
2670,8393.55311647671
2671,8020.098361954447
2672,8032.254682558407
2673,8412.603301793244
2674,8486.798688067352
2675,8571.10102419287
2676,8470.643136760982
2677,9007.85285799482
2678,8447.815366843792
2679,8488.693903378535
2680,9056.933278507717
2681,7919.638765065513
2682,8985.950974164265
2683,8566.883653065363
2684,7797.451486886459
2685,9008.769677805147
2686,7993.89527266031
2687,9037.573158117493
2688,8456.93298711708
2689,8596.996013140755
2690,8933.18305513748
2691,9162.347105671392
2692,8502.071266830604
2693,7889.19846334037
2694,7962.7629696693
2695,8982.367104733275
2696,8501.117112004493
2697,8344.444047073754
2698,7964.736074221627
2699,8561.627219486149
2700,8430.325715133653
2701,7884.835924444279
2702,8552.520142703555
2703,8554.720510248342
2704,9506.522762210343
2705,8506.62825637849
2706,7929.88669591713
2707,8440.153178699142
2708,8518.658931042104
2709,9087.37169621061
2710,8375.69859270614
2711,8990.800009522716
2712,8345.369837308903
2713,8542.557367431324
2714,7932.475951867151
2715,8006.106692272786
2716,8616.478634370804
2717,8974.910638699781
2718,8330.190665114385
2719,9508.111916548245
2720,8623.400423678204
2721,8338.83060592119
2722,8514.151291579194
2723,7826.276441558585
2724,9113.3991533119
2725,7907.049482460719
2726,8864.918419345795
2727,8535.772900834894
2728,8422.051351723087
2729,8225.573587675746
2730,8981.458672969398
2731,8465.959147362239
2732,7867.942253728892
2733,8448.609944012744
2734,8448.36545872999
2735,8558.510032131031
2736,8845.062976978446
2737,8656.950915980198
2738,8535.966490308989
2739,8990.749113714057
2740,8370.796318442282
2741,8975.3384879446
2742,8563.277495144739
2743,8415.59606222395
2744,8414.0737873294
2745,9032.617218385707
2746,8481.55540847315
2747,8566.21131853779
2748,8551.05323100703
2749,8056.374000873321
2750,8447.570881561038
2751,9505.728185041393
2752,9504.689122589687
2753,7857.855335361428
2754,8300.976846381349
2755,8355.296962208151
2756,9101.123993365532
2757,8602.80765136218
2758,8762.442144765524
2759,8924.690412593012
2760,8963.36676204559
2761,7928.681007768668
2762,9507.378460699983
2763,8297.560850291527
2764,8832.711212533288
2765,8357.619572394316
2766,8586.931256070755
2767,8816.331937244362
2768,7853.7161524941785
2769,9242.489218755029
2770,8606.235558076754
2771,8590.75678387296
2772,7907.422914134939
2773,8669.781280568779
2774,8639.347975621899
2775,9526.932170564301
2776,7836.697132891163
2777,9057.300006431848
2778,8164.291592196487
2779,8464.84903581065
2780,8481.381515392495
2781,9141.74410784334
2782,8547.947317639097
2783,8302.56506681877
2784,9030.84470008574
2785,8016.858931957954
2786,8022.787700064742
2787,8563.033009861985
2788,8049.609734334983
2789,8331.0274233378
2790,8448.57833999242
2791,8588.082525832257
2792,8594.194657901111
2793,8343.740967500798
2794,8026.112776702203
2795,8528.020718619478
2796,8456.498547901858
2797,8837.33459878582
2798,8872.428445471545
2799,9152.934422285358
2800,8346.051908618861
2801,7784.560000977191
2802,8565.844590613657
2803,8603.240278272508
2804,8053.027415537526
2805,7836.221616571447
2806,7966.484989164535
2807,8438.183051914611
2808,9505.300335796572
2809,8580.065407310029
2810,7922.471913009333
2811,8926.057192645509
2812,8504.911746643196
2813,7916.39933506902
2814,8875.678555349905
2815,9472.488412098854
2816,8436.098575599584
2817,8965.810813685841
2818,7971.8934976662895
2819,8558.63227477241
2820,7974.679153100419
2821,8894.275581815575
2822,8863.01468797963
2823,9175.605319504792
2824,8438.9842867469
2825,8397.533649171037
2826,8976.927642282502
2827,8515.561414449701
2828,8541.554371684651
2829,8438.287910924033
2830,9059.74485925939
2831,8941.243016512424
2832,8465.651665935544
2833,7874.995892270013
2834,8918.978066255155
2835,8364.435976604978
2836,9059.683737938702
2837,8439.001815288913
2838,7864.054675410175
2839,7881.315696993798
2840,7798.843477910636
2841,8523.254304080927
2842,8596.012553867355
2843,9046.435749617332
2844,9031.87864978143
2845,8352.173982370568
2846,8506.572247813816
2847,9082.420869234838
2848,9507.378460699983
2849,8368.932595574495
2850,8034.470826309472
2851,9057.310231943877
2852,8625.233049978498
2853,9126.779609786676
2854,7893.980964361339
2855,8568.309114203912
2856,8433.80635812033
2857,8428.244462847731
2858,8899.207625162126
2859,9078.208610863345
2860,8537.23981253142
2861,7942.805646060324
2862,9507.317339379293
2863,8514.085057502492
2864,8573.72890589197
2865,8415.110219040955
2866,8563.949829672312
2867,9050.398409950058
2868,8323.902908765402
2869,8564.805528161953
2870,9151.039661344012
2871,8511.446615200855
2872,8644.848894483868
2873,8914.008781541546
2874,8409.896580050992
2875,7962.357909840626
2876,8547.385951765718
2877,8443.544344503247
2878,7982.517265785978
2879,8473.22885533382
2880,7846.064033224553
2881,8039.666138567997
2882,8814.45703403812
2883,8293.55569563033
2884,9057.422249073226
2885,8531.292825245579
2886,9469.126739460986
2887,8381.30918560071
2888,9120.422992435067
2889,9098.5517851406
2890,8847.371342642113
2891,8012.403262409586
2892,8913.319063382016
2893,8540.083925002644
2894,9091.527946017432
2895,8554.531036641503
2896,9100.207173555204
2897,8976.560914358372
2898,8863.238650520969
2899,7861.071049954011
2900,8429.192320731618
2901,8976.94080799446
2902,9081.504049424511
2903,9008.822746169892
2904,8854.214308807885
2905,7933.2500780120445
2906,8972.526907192927
2907,8078.890688181998
2908,8562.299554013722
2909,8446.470697788645
2910,8976.62203567906
2911,8342.478677498704
2912,9064.216941181683
2913,9049.181096292301
2914,8861.65334062833
2915,7814.114821226344
2916,7970.464256076057
2917,8404.851264487887
2918,8645.464547632462
2919,9026.62732895823
2920,9508.600887113753
2921,8448.812264672637
2922,8557.043120434508
2923,8265.658948535402
2924,8551.143009946856
2925,8552.33677874149
2926,9096.096706801029
2927,9161.491407181753
2928,9038.031452146915
2929,9041.296445923479
2930,9509.15097899995
2931,8016.8067646304835
2932,9060.544549184357
2933,8977.783340772141
2934,8941.548623115865
2935,8408.15663300496
2936,8531.117858059044
2937,9093.096649331275
2938,8476.224699588234
2939,7983.57789542983
2940,8513.118390358657
2941,9144.993763351862
2942,8480.490981150902
2943,8467.60659337115
2944,8091.4939675513815
2945,8459.930116113848
2946,7986.471661029689
2947,9099.290353744876
2948,8424.947038913062
2949,8831.488786119517
2950,8332.890228736711
2951,9063.544606654108
2952,8508.097618044032
2953,9504.444637306933
2954,8300.732361098595
2955,7849.720441587189
2956,8549.362562464741
2957,8554.347672679438
2958,7990.933517439952
2959,9058.644675486998
2960,8529.487630316004
2961,8564.949268515973
2962,8507.186838688944
2963,8379.826435179553
2964,8944.108370284408
2965,8971.669036147203
2966,8514.356652289001
2967,8386.125499059164
2968,8519.953752763746
2969,7874.98357530732
2970,8333.516925121698
2971,8823.704544272276
2972,9127.02409506943
2973,8425.240498414358
2974,8994.477514276057
2975,8998.134568005342
2976,9084.498994138248
2977,9084.748592177017
2978,9072.763700566049
2979,8006.181880342706
2980,8609.469875317232
2981,8464.714033563687
2982,8320.284670965648
2983,9061.249501052616
2984,8461.976333738288
2985,8986.798377439818
2986,9505.483699758639
2987,7807.71694028915
2988,8481.950581088362
2989,8486.477598285808
2990,8417.587594858967
2991,9175.360834222036
2992,9094.889618655301
2993,9526.99329188499
2994,9060.060691374862
2995,7993.867340833001
2996,7877.707655050924
2997,9101.796327893106
2998,8018.374885096036
2999,8976.560914358372
3000,8648.638416366557
3001,8490.35975956331
3002,9101.735206572417
3003,8388.228654444101
3004,8426.89824888526
3005,9508.478644472376
3006,8008.590170033045
3007,7908.381571180145
3008,8393.166721814287
3009,8905.619512063033
3010,7946.406500228124
3011,8548.384621333724
3012,7937.425378845658
3013,8550.869867044965
3014,8362.115840521961
3015,8529.94289852436
3016,8553.666109528594
3017,8378.222587123895
3018,9597.629087576886
3019,8444.238726223533
3020,8977.355491527322
3021,8004.224775856674
3022,9560.294186148216
3023,9454.401613931062
3024,8829.583137867892
3025,9084.417421793503
3026,8879.644944872984
3027,8465.814217336081
3028,8475.796850343415
3029,8580.080745578072
3030,8978.433051719574
3031,8251.665878856475
3032,8338.42481259816
3033,8360.50698508596
3034,7938.87664281436
3035,7948.279855318984
3036,8383.74767528969
3037,8582.204653534129
3038,8010.4158804715535
3039,9081.108817520377
3040,7892.074758892026
3041,8442.712170420707
3042,8955.78477808028
3043,8507.481719323769
3044,9048.559657573387
3045,8057.263966170283
3046,8528.789990206807
3047,8977.905583413518
3048,9094.30896610876
3049,7978.4049150095525
3050,9031.150306689182
3051,8011.219477360138
3052,9156.234973602539
3053,9095.806438465628
3054,8365.583037175562
3055,8526.275619283046
3056,8646.499170142459
3057,7947.2691922879685
3058,8274.371187793287
3059,8469.46285785823
3060,8444.233613467519
3061,8458.84160911208
3062,9059.989344542144
3063,8854.821440016025
3064,8994.518121584411
3065,8367.045409765364
3066,7821.747973102543
3067,8448.976671936874
3068,8938.614799722816
3069,9117.305805079952
3070,7968.466184240673
3071,8976.866520961814
3072,8534.605469665436
3073,8757.002347224243
3074,8383.31982604487
3075,8959.070440324678
3076,8948.420052225987
3077,8639.414209698602
3078,7951.968540410781
3079,9096.050923748384
3080,8571.223266834248
3081,9096.774154084618
3082,8246.15547268149
3083,8432.146285688943
3084,9055.90444156804
3085,7893.362826093544
3086,8036.610072533571
3087,8635.112385315337
3088,8341.192502838323
3089,7892.410448742599
3090,7904.913639535589
3091,8799.144335274663
3092,8056.408267680643
3093,8010.939134275987
3094,8411.736436868807
3095,8815.757965404533
3096,8892.380820874228
3097,8344.888585289069
3098,9092.200280545005
3099,8432.309843177238
3100,8977.4777341687
3101,8532.7529015055
3102,8960.00214920779
3103,8428.37880329644
3104,8888.184855597203
3105,8284.90565179901
3106,9506.828368813785
3107,8007.699704279495
3108,8301.771423550299
3109,8909.73028909335
3110,7998.098089805541
3111,7961.2577096366285
3112,3346.437682782892
3113,7889.250597804632
3114,7837.269576255272
3115,9091.405703376055
3116,7890.738605891862
3117,7869.467793003294
3118,7983.750355650011
3119,8851.160864524802
3120,8324.923199314833
3121,8052.3825256042155
3122,8960.602140013889
3123,8588.882215757223
3124,8530.510341179304
3125,8444.602980860878
3126,8438.584191556121
3127,8977.783340772141
3128,8363.695374363735
3129,9073.069307169491
3130,9019.76640277307
3131,8636.60262894693
3132,7850.082702121954
3133,9072.086253282461
3134,7827.479939433077
3135,8893.494866986559
3136,9184.989394255157
3137,8415.049097720268
3138,8456.874050079421
3139,8433.157153620428
3140,9019.053397948865
3141,8497.166816196434
3142,8610.014854447414
3143,9036.396514756369
3144,9082.35974791415
3145,7933.087165074037
3146,8606.60720857645
3147,7992.413806981507
3148,7896.731795770458
3149,7971.810809153454
3150,8920.58912287571
3151,8463.524224490604
3152,8869.560810068448
3153,8962.191294351791
3154,9088.044030738185
3155,9006.075226938838
3156,8326.042154989502
3157,8444.400042992887
3158,8983.445000016034
3159,8290.269455848344
3160,8431.52576893325
3161,9049.109749459585
3162,9029.18419891512
3163,9057.371353264565
3164,8720.93119436385
3165,9562.372311051626
3166,8415.924216476695
3167,9097.823442048351
3168,8976.866520961814
3169,9469.860195309248
3170,8364.44198419701
3171,8385.165575199804
3172,8348.271543817857
3173,8446.762237642855
3174,8368.522558700864
3175,8264.188162738465
3176,8923.522611178254
3177,9049.415356063028
3178,8964.482284086027
3179,8594.92300099336
3180,7791.094869534851
3181,8561.199370241327
3182,8409.745787342861
3183,8993.8765265812
3184,7964.37105575454
3185,9092.628129789824
3186,8565.416741368837
3187,8335.890843915324
3188,8891.018768187125
3189,7910.054843683296
3190,8406.430048403701
3191,7715.887746123845
3192,8444.2318666528
3193,8607.636235696575
3194,8446.184382973537
3195,8978.84068169182
3196,8939.898347457274
3197,8532.54369635043
3198,8534.445769050839
3199,9506.64500485172
3200,8409.868029984238
3201,9451.528911858699
3202,8551.954970747764
3203,8917.961454104669
3204,8938.683973999448
3205,8470.373087698157
3206,8464.36006524514
3207,9078.198385351316
3208,8977.41661284801
3209,8991.041554605541
3210,8018.212555006319
3211,8434.584434766395
3212,7813.936570020293
3213,9073.42069682558
3214,8535.53864106417
3215,9030.427076352948
3216,7902.147196469914
3217,7816.180820163871
3218,8550.6461101992
3219,8928.29007419196
3220,8865.023278355216
3221,9078.570226031461
3222,8026.597079682533
3223,8580.756767233668
3224,8383.69866350328
3225,8491.948913901211
3226,8028.175330278552
3227,8648.51617372518
3228,7912.252882034994
3229,7920.8629009363285
3230,8444.70213300897
3231,9161.79190102918
3232,8862.674314112275
3233,8520.969864457642
3234,8907.145372524163
3235,7989.43975123006
3236,9092.994857713957
3237,7843.380469668524
3238,8940.140660183944
3239,8426.025021853606
3240,9044.2200438045
3241,8440.46470797497
3242,8558.1433042069
3243,7847.706738455587
3244,8930.717751285882
3245,2238.7193809158352
3246,9081.198442821067
3247,8468.352808824999
3248,9031.432522068637
3249,8576.04673841263
3250,9062.984289255883
3251,8885.943559557338
3252,8979.630146104757
3253,7899.496021689895
3254,8003.093125271488
3255,7908.392442058822
3256,8927.312133060943
3257,8287.429009579197
3258,8905.558390742344
3259,9083.765538289987
3260,9472.73289738161
3261,8520.858509126547
3262,8060.239731378775
3263,9143.282366372581
3264,8464.78791448996
3265,9028.888817823707
3266,8863.800851941447
3267,8995.381168374428
3268,8977.538855489387
3269,9507.92855258618
3270,8007.803001949989
3271,8570.300320947543
3272,9008.341828560327
3273,9125.867902732363
3274,8976.377550396304
3275,8533.60228144673
3276,9029.762053584438
3277,8906.16960394923
3278,8622.722976394616
3279,8033.187278575012
3280,8515.014301827898
3281,8636.235901022797
3282,7902.228675982295
3283,8356.763873904678
3284,8503.232571923687
3285,8975.155123982535
3286,8522.46345610233
3287,9043.985784033775
3288,8977.661098130764
3289,8374.578682205043
3290,7836.01268882931
3291,8433.586826897088
3292,8990.367047521882
3293,9063.755475200847
3294,7903.637105010999
3295,8524.842409943674
3296,8569.572991175657
3297,7901.211918921749
3298,8439.677862575238
3299,8998.99026649498
3300,8567.555987592936
3301,9104.22072969659
3302,7832.635981392237
3303,8400.856532326467
3304,8834.706718403366
3305,8454.685359305258
3306,8958.157287186346
3307,9017.097515686832
3308,8407.965728270485
3309,8537.106202579198
3310,7882.471243964219
3311,7942.984925285506
3312,9051.493480966437
3313,8976.499793037681
3314,8301.221331664103
3315,9508.78425107582
3316,9062.655291428453
3317,8489.991889840361
3318,8777.512740487211
3319,8325.457118066128
3320,8916.492097960145
3321,8501.450481391057
3322,8408.099236169966
3323,8552.214536100113
3324,8293.435927092098
3325,8515.062998633508
3326,8359.304615316818
3327,8285.534248637852
3328,8896.356180822131
3329,8293.117475963423
3330,8906.536331873362
3331,8038.621979791882
3332,8571.58999475838
3333,8562.605160617164
3334,7873.944842771542
3335,8515.57781039202
3336,8262.419518538907
3337,8584.094559917907
3338,8382.396658030984
3339,8843.045973395723
3340,8538.156632341748
3341,9047.897548557841
3342,9473.58859587125
3343,8319.732104976305
3344,8471.31621030393
3345,8843.25321731142
3346,8537.705451161863
3347,8483.444662279053
3348,8928.167831550583
3349,8298.866249047309
3350,8940.868940287917
3351,8446.593558669469
3352,8960.00214920779
3353,9099.840445631073
3354,9204.021620868949
3355,8902.318960745852
3356,8475.473419641836
3357,8979.177908747191
3358,8397.166921246906
3359,9010.16741522504
3360,8489.003723197317
3361,9508.539765793066
3362,8418.557546022317
3363,8913.95153432127
3364,7985.391868312194
3365,8003.050626238359
3366,7976.732307512713
3367,8384.358888496576
3368,8854.952877412163
3369,8026.2805693372065
3370,8515.074272620692
3371,8333.655640127408
3372,8350.309950043003
3373,8287.044898023109
3374,8498.076049147601
3375,8567.311502310182
3376,8499.774730080102
3377,8529.42755747047
3378,9018.019448253173
3379,8943.130429153392
3380,8610.631180410313
3381,8508.16106706121
3382,9059.561495297325
3383,8394.239594175531
3384,9070.930060945393
3385,9506.889490134476
3386,8004.60888741276
3387,8557.287605717262
3388,9035.663058908105
3389,8403.29176465788
3390,9453.484794120734
3391,8479.132802564209
3392,8383.319175973564
3393,8566.323738775642
3394,8819.041133089759
3395,7918.247528671955
3396,8958.4017724691
3397,7917.954660537835
3398,8015.942112147626
3399,8363.379542248264
3400,8331.137556444897
3401,8278.095714254878
3402,9024.253822963405
3403,8028.197104899113
3404,8581.542544518583
3405,9048.07068700788
3406,8429.16441004057
3407,8087.49472764985
3408,8445.273125114481
3409,3661.7366760278474
3410,8919.501804084575
3411,8332.616577675703
3412,9048.631004406105
3413,8354.433485862543
3414,8372.196350695456
3415,8423.539539080179
3416,8760.852990427622
3417,8460.86339036031
3418,7941.258490298962
3419,7997.039330960396
3420,8003.987303783788
3421,9151.167016741403
3422,9052.532543418143
3423,9504.139030703489
3424,8463.511464885018
3425,184.62428760347302
3426,0.0
3427,666.2747283314266
3428,128.58114928809573
3429,729.1890183439918
3430,173.0723579933392
3431,392.7061372915059
3432,107.10889217752901
3433,97.94007583480197
3434,0.0
3435,163.5155296832727
3436,739.4522874636523
3437,126.75987419210742
3438,0.0
3439,574.3138637109678
3440,0.0
3441,185.4137520164095
3442,255.793840024764
3443,679.2957421941701
3444,59.95430503933858
3445,746.1756327393914
3446,60.413047447657846
3447,699.540065054035
3448,0.0
3449,787.0555707679969
3450,0.0
3451,627.2155224099679
3452,274.93603580106446
3453,0.0
3454,98.73465300375301
3455,172.2214371692071
3456,611.0324556083397
3457,0.0
3458,257.9340831376212
3459,0.0
3460,569.3820277928298
3461,257.2770868780899
3462,613.6748349986656
3463,118.44012280981224
3464,34.35187926013714
3465,659.9631856775386
3466,538.190003948318
3467,133.39484454970534
3468,155.65104650933336
3469,378.59222496846814
3470,215.54145035984584
3471,127.18632343966328
3472,0.0
3473,0.0
3474,1246.470248833435
3475,592.923177484181
3476,205.57256544284064
3477,729.8562401155514
3478,0.0
3479,0.0
3480,713.6693156451174
3481,626.3800167459367
3482,533.0711512785228
3483,708.8100547746362
3484,77.98337046527104
3485,207.7790426324009
3486,179.72435643636072
3487,0.0
3488,0.0
3489,211.50744319440219
3490,669.4123667105996
3491,134.6695550424547
3492,0.0
3493,555.0107652057795
3494,0.0
3495,98.36792507962127
3496,0.0
3497,670.0795884821582
3498,0.0
3499,62.74256476653045
3500,118.48079310644334
3501,131.60584215845756
3502,0.0
3503,112.30361435515897
3504,180.59028043802937
3505,710.3687643279363
3506,667.8996719614297
3507,528.2016648960134
3508,153.3560126039456
3509,182.42392005868624
3510,560.142783587532
3511,230.7913621943435
3512,171.29983969337172
3513,701.8729007522297
3514,835.8150464094097
3515,0.0
3516,6105.877690564711
3517,272.98015353903065
3518,0.0
3519,0.0
3520,57.349334563661614
3521,0.0
3522,0.0
3523,622.7738588253123
3524,158.4728527730349
3525,0.0
3526,43.861189429785554
3527,0.0
3528,0.0
3529,62.91137474631796
3530,137.10676102042635
3531,221.40909714594545
3532,120.95120971405686
3533,658.1609309478936
3534,98.12343979686739
3535,139.0019763316086
3536,707.2413514607915
3537,0.0
3538,636.259047117338
3539,217.19172601843638
3540,0.0
3541,659.0777507582216
3542,0.0
3543,687.8812310705671
3544,107.24106007015507
3545,247.30408609382903
3546,583.4911280905544
3547,812.6551786244663
3548,152.37933978367982
3549,0.0
3550,0.0
3551,632.6751776863493
3552,151.42518495756667
3553,0.0
3554,0.0
3555,211.93529243922148
3556,80.63378808672587
3557,0.0
3558,202.82821565662925
3559,205.02858320141604
3560,1156.8308351634169
3561,156.9363293315646
3562,0.0
3563,90.46125165221747
3564,168.96700399517795
3565,737.6797691636848
3566,26.006665659214377
3567,641.1080824757901
3568,0.0
3569,192.8654403843966
3570,0.0
3571,0.0
3572,266.78670732387945
3573,625.2187116528539
3574,0.0
3575,1158.419989501319
3576,273.70849663127865
3577,0.0
3578,164.45936453226932
3579,0.0
3580,763.7072262649745
3581,0.0
3582,515.2264922988697
3583,186.08097378796901
3584,5721.364031588385
3585,0.0
3586,631.7667459224731
3587,116.26722031531153
3588,0.0
3589,98.91801696581842
3590,98.67353168306454
3591,208.8181050841058
3592,495.37104993152025
3593,307.25898893327394
3594,186.27456326206448
3595,641.0571866671316
3596,21.104391395356288
3597,625.6465608976741
3598,213.58556809781203
3599,65.90413517702655
3600,64.38186028247492
3601,682.9252913387818
3602,131.86348142622592
3603,216.5193914908623
3604,201.36130396010412
3605,0.0
3606,97.8789545141135
3607,1156.0362579944658
3608,1154.997195542761
3609,0.0
3610,0.0
3611,5.605035161226624
3612,751.4320663186063
3613,253.11572431525565
3614,412.7502177185979
3615,574.9984855460862
3616,613.6748349986656
3617,0.0
3618,1157.6865336530564
3619,0.0
3620,483.0192854863626
3621,7.9276453473912625
3622,237.23932902382967
3623,466.6400101974359
3624,0.0
3625,6541.801898620328
3626,5905.548237942052
3627,241.06485682603216
3628,0.0
3629,320.089353521852
3630,289.6560485749742
3631,1177.2402435173753
3632,0.0
3633,707.6080793849223
3634,5463.604272061786
3635,115.15710876372304
3636,131.68958834557088
3637,792.0521807964142
3638,198.25539059217135
3639,0.0
3640,681.1527730388143
3641,0.0
3642,0.0
3643,213.34108281505814
3644,0.0
3645,0.0
3646,98.88641294549325
3647,238.39059878533135
3648,244.50273085418485
3649,0.0
3650,0.0
3651,178.3287915725541
3652,106.80662085493168
3653,6136.6472786511185
3654,522.73651842462
3655,803.2424952384308
3656,0.0
3657,0.0
3658,216.15266356673055
3659,253.54835122558234
3660,0.0
3661,0.0
3662,0.0
3663,5737.49573177991
3664,1155.6084087496465
3665,230.37348026310337
3666,0.0
3667,576.3652655985834
3668,155.219819596271
3669,0.0
3670,525.9866283029787
3671,1122.7964850519293
3672,86.40664855265823
3673,616.1188866389157
3674,0.0
3675,208.94034772548275
3676,0.0
3677,544.5836547686476
3678,513.3227609327041
3679,825.9133924578655
3680,89.29235969997444
3681,5696.846329036335
3682,627.2357152355762
3683,165.86948740277512
3684,191.86244463772618
3685,88.59598387710685
3686,710.0529322124639
3687,591.5510894654981
3688,115.95973888861863
3689,0.0
3690,569.2861392082295
3691,14.744049558052211
3692,709.9918108917755
3693,89.30988824198812
3694,0.0
3695,0.0
3696,0.0
3697,173.56237703400075
3698,5895.325233732653
3699,696.7438225704054
3700,682.1867227345047
3701,2.4820553236431806
3702,156.88032076688978
3703,732.7289421879132
3704,1157.6865336530564
3705,19.24066852756914
3706,0.0
3707,707.6183048969524
3708,275.5411229315732
3709,777.0876827397506
3710,0.0
3711,218.6171871569859
3712,84.11443107340438
3713,78.55253580080443
3714,549.5156981151995
3715,728.5166838164178
3716,187.54788548449415
3717,0.0
3718,1157.625412332368
3719,164.39313045556628
3720,224.03697884504618
3721,65.41829199402946
3722,214.25790262538612
3723,700.7064829031324
3724,0.0
3725,215.11360111502563
3726,801.3477342970864
3727,161.75468815393015
3728,295.156967436943
3729,564.3168544946211
3730,60.20465300406704
3731,0.0
3732,197.6940247187913
3733,93.85241745632175
3734,0.0
3735,123.53692828689509
3736,0.0
3737,0.0
3738,464.76510699119353
3739,0.0
3740,707.7303220262993
3741,181.60089819865425
3742,1119.4348124140597
3743,31.617258553785177
3744,770.7310653881423
3745,748.8598580936732
3746,497.6794155951857
3747,0.0
3748,563.6271363350916
3749,190.39199795571676
3750,741.8360189705054
3751,204.83910959457808
3752,750.5152465082783
3753,626.8689873114445
3754,513.5467234740445
3755,0.0
3756,79.50039368469061
3757,627.2488809475353
3758,731.8121223775843
3759,659.1308191229655
3760,6153.526988673185
3761,0.0
3762,622.8349801460008
3763,0.0
3764,212.60762696679558
3765,96.7787707417192
3766,626.9301086321329
3767,0.0
3768,714.5250141347569
3769,699.4891692453757
3770,511.9614135814063
3771,0.0
3772,0.0
3773,55.15933744096037
3774,5944.7772274977615
3775,676.9354019113043
3776,1158.9089600668276
3777,99.12033762571264
3778,207.35119338758068
3779,0.0
3780,201.45108289993095
3781,202.64485169456293
3782,746.4047797541034
3783,811.7994801348268
3784,688.3395250999902
3785,691.6045188765547
3786,1159.4590519530238
3787,0.0
3788,710.8526221374295
3789,628.0914137252157
3790,591.8566960689404
3791,58.464705958033846
3792,181.42593101211787
3793,743.4047222843501
3794,126.53277254130899
3795,0.0
3796,163.42646331173273
3797,795.3018363049359
3798,130.79905410397532
3799,117.91466632422453
3800,0.0
3801,110.23818906692304
3802,0.0
3803,749.5984266979494
3804,75.25511186613494
3805,481.79685907259136
3806,0.0
3807,713.8526796071828
3808,158.40569099710592
3809,1154.752710260006
3810,0.0
3811,0.0
3812,199.6706354178159
3813,204.65574563251266
3814,0.0
3815,708.9527484400705
3816,179.79570326907833
3817,5864.261948381271
3818,157.49491164201845
3819,30.13450813262807
3820,594.4164432374837
3821,621.9771091002776
3822,164.6647252420753
3823,36.43357201223898
3824,170.26182571681966
3825,0.0
3826,0.0
3827,6123.017224137574
3828,777.3321680225044
3829,75.5485713674334
3830,644.785587229132
3831,6297.44724787064
3832,734.807067091323
3833,735.0566651300924
3834,723.0717735191229
3835,0.0
3836,259.7779482703063
3837,115.0221065167616
3838,0.0
3839,711.5575740056911
3840,112.28440669136126
3841,637.1064503928937
3842,1155.791772711712
3843,0.0
3844,132.25865404143678
3845,136.78567123888206
3846,67.89566781204212
3847,825.6689071751116
3848,745.197691608375
3849,1177.3013648380638
3850,710.3687643279363
3851,0.0
3852,0.0
3853,752.1044008461804
3854,0.0
3855,626.8689873114445
3856,298.94648931963184
3857,140.667832516383
3858,6401.047886437716
3859,38.53672739717513
3860,77.20632183833368
3861,1158.7867174254507
3862,0.0
3863,0.0
3864,43.474794767362255
3865,555.9275850161075
3866,0.0
3867,198.69269428679854
3868,0.0
3869,201.1779399980387
3870,12.423913475035079
3871,180.25097147743327
3872,5852.978789393893
3873,28.53066007696907
3874,1247.9371605299593
3875,94.54679917660724
3876,627.6635644803955
3877,0.0
3878,1210.6022591012897
3879,1104.7096868841354
3880,479.8912108209661
3881,734.7254947465772
3882,529.9530178260584
3883,116.12229028915499
3884,126.10492329648878
3885,230.38881853114708
3886,628.7411246726479
3887,0.0
3888,0.0
3889,10.815058039034739
3890,0.0
3891,0.0
3892,34.05574824276391
3893,232.5127264872026
3894,0.0
3895,731.4168904734515
3896,0.0
3897,93.02024337378225
3898,606.092851033356
3899,157.7897922768425
3900,698.867730526461
3901,0.0
3902,179.09806315988044
3903,628.2136563665927
3904,744.6170390618336
3905,0.0
3906,681.4583796422567
3907,0.0
3908,806.5430465556119
3909,746.1145114187029
3910,15.891110128637592
3911,176.58369223612135
3912,296.8072430955335
3913,0.0
3914,0.0
3915,119.77093081130533
3916,94.54168642059358
3917,109.1496820651546
3918,710.2974174952187
3919,505.12951296909887
3920,644.8261945374861
3921,17.35348271843941
3922,0.0
3923,99.28474488994925
3924,588.9228726758902
3925,767.6138780330266
3926,0.0
3927,627.1745939148877
3928,184.9135426185112
3929,407.3104201773176
3930,33.6278989979437
3931,609.3785132777521
3932,598.7281251790619
3933,289.7222826516763
3934,0.0
3935,746.3589967014568
3936,221.5313397873224
3937,747.0822270376912
3938,0.0
3939,82.45435864201863
3940,706.2125145211157
3941,0.0
3942,0.0
3943,285.4204582684124
3944,0.0
3945,0.0
3946,0.0
3947,6098.457015139962
3948,0.0
3949,0.0
3950,62.04450982188064
3951,466.0660383576087
3952,542.6888938273032
3953,0.0
3954,742.5083534980795
3955,82.61791613031346
3956,627.7858071217725
3957,183.0609744585763
3958,610.3102221608651
3959,78.68687624951508
3960,538.4929285502785
3961,0.0
3962,1157.1364417668592
3963,0.0
3964,0.0
3965,560.0383620464227
3966,0.0
3967,0.0
3968,645.7503626481903
3969,0.0
3970,0.0
3971,741.7137763291285
3972,0.0
3973,0.0
3974,0.0
3975,501.46893747787544
3976,0.0
3977,0.0
3978,610.9102129669627
3979,239.19028871029695
3980,180.81841413237817
3981,94.911053813953
3982,88.89226450919614
3983,628.0914137252157
3984,14.003447316809797
3985,723.3773801225661
3986,670.0744757261446
3987,286.9107019000039
3988,0.0
3989,722.3943262355351
3990,0.0
3991,6192.807546851858
3992,6484.302074120455
3993,65.35717067334008
3994,107.18212303249584
3995,83.46522657350124
3996,669.3614709019394
3997,147.47488914950918
3998,260.32292740048797
3999,686.7045877094415
4000,732.6678208672238
4001,0.0
4002,256.9152815295247
4003,0.0
4004,0.0
4005,0.0
4006,570.8971958287848
4007,113.83229744367782
4008,519.8688830215215
4009,612.4993673048648
4010,738.352103691258
4011,656.3832998919115
4012,0.0
4013,94.70811594596125
4014,633.753072969108
4015,0.0
4016,81.83384188632408
4017,699.4178224126581
4018,679.4922718681937
4019,707.6794262176409
4020,6020.243874229147
4021,1212.6803840047005
4022,66.23228942977039
4023,748.1315150014252
4024,627.1745939148877
4025,1120.1682682623223
4026,14.750057150085013
4027,35.47364815287983
4028,0.0
4029,97.0703105959301
4030,18.830631653939236
4031,0.0
4032,573.8306841313279
4033,699.7234290161005
4034,614.7903570391018
4035,245.23107394643375
4036,0.0
4037,211.50744319440219
4038,60.05386029593592
4039,644.1845995342755
4040,0.0
4041,742.9362027428988
4042,215.72481432191125
4043,0.0
4044,541.3268411401996
4045,0.0
4046,56.73812135677599
4047,0.0
4048,94.53993960587468
4049,257.94430864965034
4050,96.49245592661191
4051,629.1487546448943
4052,590.2064204103499
4053,182.85176930350553
4054,184.75384200391363
4055,1156.9530778047938
4056,60.17610293731286
4057,1101.8369848117736
4058,202.26304370083744
4059,568.2695270577433
4060,588.9920469525232
4061,120.68116065123013
4062,114.66813819821436
4063,728.5064583043895
4064,627.724685801084
4065,641.3496275586149
4066,0.0
4067,84.89250771947172
4068,0.0
4069,723.7287697786551
4070,185.84671401724427
4071,680.7351493060232
4072,0.0
4073,0.0
4074,200.9541831522747
4075,578.5981471450341
4076,515.3313513082912
4077,728.8782989845349
4078,0.0
4079,231.0648401867429
4080,34.0067364563547
4081,142.25698685428506
4082,0.0
4083,298.8242466782549
4084,0.0
4085,0.0
4086,95.01020596204307
4087,812.0999739822555
4088,512.982387065349
4089,171.27793741071764
4090,6206.458052389461
4091,0.0
4092,743.3029306670305
4093,0.0
4094,6239.453340049244
4095,76.33309480668049
4096,694.5281167575749
4097,90.77278092804409
4098,208.45137715997498
4099,0.0
4100,581.0258242389555
4101,0.0
4102,731.5065157741419
4103,118.66088177807251
4104,681.7405950217117
4105,226.35481136570343
4106,713.2923622089565
4107,536.2516325104107
4108,629.9382190578308
4109,0.0
4110,0.0
4111,0.0
4112,577.6202060140176
4113,0.0
4114,555.866463695419
4115,734.0736112430604
4116,1123.0409703346832
4117,171.16658207962064
4118,0.0
4119,793.5904393256569
4120,115.09598744303457
4121,679.1968907767805
4122,514.10892489452
4123,645.6892413275009
4124,627.8469284424609
4125,1158.2366255392535
4126,0.0
4127,220.60839390061847
4128,658.6499015134013
4129,776.1759756854362
4130,626.6856233493791
4131,183.91035439980624
4132,680.0701265375119
4133,556.4776769023038
4134,273.0310493476909
4135,0.0
4136,165.3223747809725
4137,286.5439739758722
4138,0.0
4139,7.071946857751755
4140,153.5406448767626
4141,625.4631969356078
4142,172.77152905540333
4143,694.2938569868502
4144,627.9691710838388
4145,5673.891362070343
4146,0.0
4147,83.89489985016189
4148,640.6751204749571
4149,714.0635481539211
4150,0.0
4151,175.15048289674996
4152,219.88106412873185
4153,0.0
4154,89.98593552831062
4155,649.2983394480552
4156,217.86406054600957
4157,754.5288026496646
4158,0.0
4159,51.16460527954041
4160,6134.019398268664
4161,104.993432258334
4162,608.4653601394211
4163,667.4055886399065
4164,58.27380122355862
4165,187.41427553227186
4166,0.0
4167,0.0
4168,701.8015539195112
4169,626.807865990756
4170,0.0
4171,1159.092324028893
4172,712.9633643815268
4173,140.29996279343686
4174,427.82081344028666
4175,0.0
4176,566.8001709132186
4177,151.75855434413006
4178,58.40730912304025
4179,202.522609053186
4180,0.0
4181,165.37107158658273
4182,9.612688269892715
4183,0.0
4184,546.664253775205
4185,0.0
4186,556.8444048264355
4187,0.0
4188,221.89806771145322
4189,212.91323357023794
4190,0.0
4191,165.88588334509586
4192,0.0
4193,234.4026328709815
4194,32.70473098405819
4195,493.35404634879797
4196,188.46470529482212
4197,698.2056215109169
4198,1123.8966688243227
4199,0.0
4200,121.62428325700603
4201,493.56129026449435
4202,188.01352411493644
4203,133.75273523212672
4204,578.4759045036571
4205,0.0
4206,591.1770132409911
4207,96.90163162254248
4208,610.3102221608651
4209,750.1485185841466
4210,854.3296938220228
4211,552.6270336989264
4212,125.78149259491147
4213,629.4859817002653
4214,47.47499419997985
4215,660.4754881781137
4216,139.31179615039036
4217,1158.8478387461391
4218,68.86561897539195
4219,564.2596072743436
4220,0.0
4221,0.0
4222,0.0
4223,34.666961449648625
4224,6154.265557277461
4225,0.0
4226,165.38234557376654
4227,0.0
4228,0.6180229960764336
4229,0.0
4230,148.384122100676
4231,217.61957526325568
4232,150.08280303317588
4233,179.73563042354363
4234,668.327521206249
4235,593.4385021064663
4236,260.93925336338816
4237,158.46914001428559
4238,709.8695682503985
4239,44.54766712860601
4240,721.2381338984669
4241,1157.1975630875486
4242,0.0
4243,207.59567867033547
4244,685.971131861179
4245,53.59983761095555
4246,1103.7928670738074
4247,129.44087551728353
4248,33.62724892663846
4249,216.63181172871737
4250,469.34920604283434
4251,0.0
4252,608.7098454221759
4253,0.0
4254,0.0
4255,13.687615201338303
4256,0.0
4257,0.0
4258,674.5618959164804
4259,0.0
4260,231.85061747165673
4261,698.3787599609532
4262,79.47248299364401
4263,0.0
4264,95.58119806755622
4265,6610.05396280537
4266,6218.814483949874
4267,0.0
4268,698.9390773591795
4269,4.741558815617282
4270,22.504423648530064
4271,73.84761203325343
4272,411.16106338069585
4273,111.17146331338336
4274,0.0
4275,0.0
4276,0.0
4277,801.4750896944779
4278,702.8406163712161
4279,1154.4471036565637
4280,113.8195378380924
4281,5957.159419229641
4282,5182.858643786359
4283,6438.809859957593
4284,5901.116280914263
4285,6501.7241499701595
4286,5945.607489619506
4287,6165.241268917674
4288,5879.644023803696
4289,5870.475207460969
4290,5517.070247929652
4291,5936.05066130944
4292,6511.98741908982
4293,5899.295005818275
4294,5474.897791741766
4295,6346.848995337134
4296,5381.330320453212
4297,5957.948883642577
4298,6028.328971650931
4299,6451.830873820338
4300,5832.489436665506
4301,6518.710764365559
4302,5832.9481790738255
4303,6472.075196680203
4304,5454.257964854286
4305,6559.5907023941645
4306,5741.8065977137285
4307,6399.750654036135
4308,6047.471167427231
4309,5765.810852643455
4310,5871.26978462992
4311,5944.756568795374
4312,6383.567587234507
4313,5412.921023529554
4314,6030.469214763789
4315,5315.41545009176
4316,6341.917159418997
4317,6029.8122185042575
4318,6386.209966624832
4319,5890.97525443598
4320,5806.887010886304
4321,6432.498317303706
4322,6310.725135574485
4323,5905.929976175873
4324,5928.1861781355
4325,6151.127356594635
4326,5988.0765819860135
4327,5899.72145506583
4328,5751.825097721459
4329,5395.92929637814
4330,7019.005380459602
4331,6365.458309110349
4332,5978.107697069008
4333,6502.391371741719
4334,5317.943603935577
4335,5252.158111912884
4336,6486.204447271284
4337,6398.915148372104
4338,6305.6062829046905
4339,6481.345186400804
4340,5850.518502091439
4341,5980.3141742585685
4342,5952.259488062528
4343,5510.39905354978
4344,5359.424529659038
4345,5984.04257482057
4346,6441.947498336767
4347,5907.204686668622
4348,5438.968680688933
4349,6327.545896831946
4350,5420.606504074885
4351,5870.903056705789
4352,5256.42315011529
4353,6442.614720108326
4354,5660.403224068622
4355,5835.277696392697
4356,5891.015924732611
4357,5904.140973784625
4358,5653.852715695857
4359,5884.838745981326
4360,5953.125412064197
4361,6482.903895954103
4362,6440.434803587596
4363,6300.73679652218
4364,5925.891144230112
4365,5954.959051684853
4366,6332.6779152137
4367,6003.326493820511
4368,5943.834971319538
4369,6474.4080323783965
4370,6608.350178035576
4371,5339.539881162689
4372,6229.408215278654
4373,6045.515285165198
4374,5298.957831191852
4375,5257.353424171411
4376,5829.884466189828
4377,5343.398789455083
4378,5749.641147255254
4379,6395.30899045148
4380,5931.007984399202
4381,5279.019126662375
4382,5816.396321055953
4383,5442.941566533688
4384,5455.097887137648
4385,5835.446506372486
4386,5909.641892646594
4387,5993.944228772113
4388,5893.4863413402245
4389,6430.696062574061
4390,5870.658571423034
4391,5911.537107957776
4392,6479.776483086959
4393,5342.481969644755
4394,6408.794178743506
4395,5989.726857644604
4396,5220.2946914657
4397,6431.612882384389
4398,5416.738477239552
4399,6460.416362696735
4400,5879.776191696322
4401,6019.839217719997
4402,6356.026259716722
4403,6585.190310250634
4404,5924.914471409847
4405,5312.041667919611
4406,5385.606174248542
4407,6405.210309312517
4408,5923.960316583734
4409,5767.287251652995
4410,5387.579278800869
4411,5984.470424065389
4412,5853.168919712894
4413,5307.6791290235205
4414,5975.363347282797
4415,5977.563714827585
4416,6929.3659667895845
4417,5929.471460957731
4418,5352.7299004963725
4419,5862.996383278384
4420,5941.502135621346
4421,6510.214900789852
4422,5798.541797285382
4423,6413.643214101958
4424,5768.213041888144
4425,5965.400572010564
4426,5355.319156446393
4427,5428.949896852027
4428,6039.321838950047
4429,6397.7538432790225
4430,5753.033869693628
4431,6930.955121127487
4432,6046.243628257446
4433,5761.673810500431
4434,5936.994496158436
4435,5249.119646137827
4436,6536.242357891142
4437,5329.89268703996
4438,6287.761623925037
4439,5958.616105414137
4440,5844.894556302328
4441,5648.416792254988
4442,6404.30187754864
4443,5888.802351941479
4444,5290.785458308133
4445,5871.453148591985
4446,5871.208663309231
4447,5981.353236710273
4448,6267.906181557687
4449,6079.794120559441
4450,5958.809694888231
4451,6413.592318293298
4452,5793.639523021524
4453,6398.181692523842
4454,5986.12069972398
4455,5838.439266803193
4456,5836.916991908642
4457,6455.4604229649485
4458,5904.398613052392
4459,5989.05452311703
4460,5973.896435586272
4461,5479.217205452564
4462,5870.41408614028
4463,6928.571389620633
4464,6927.5323271689285
4465,5280.698539940669
4466,5723.8200509605895
4467,5778.140166787394
4468,6523.967197944774
4469,6025.650855941422
4470,6185.285349344766
4471,6347.533617172253
4472,6386.209966624832
4473,5351.524212347909
4474,6930.221665279225
4475,5720.404054870769
4476,6255.554417112529
4477,5780.462776973559
4478,6009.774460649996
4479,6239.175141823604
4480,5276.55935707342
4481,6665.332423334271
4482,6029.078762655995
4483,6013.5999884522
4484,5330.26611871418
4485,6092.62448514802
4486,6062.191180201141
4487,6949.775375143543
4488,5259.540337470406
4489,6480.14321101109
4490,0.0
4491,5887.692240389891
4492,5904.224719971738
4493,6564.587312422582
4494,5970.790522218339
4495,5725.408271398011
4496,6453.687904664981
4497,5439.702136537196
4498,5445.630904643984
4499,5985.876214441226
4500,5472.452938914224
4501,5753.870627917043
4502,5871.421544571661
4503,6010.925730411499
4504,6017.0378624803525
4505,5766.584172080039
4506,5448.955981281444
4507,5950.863923198721
4508,5879.341752481099
4509,6260.177803365062
4510,6295.271650050787
4511,6575.7776268645985
4512,5768.895113198104
4513,5207.403205556433
4514,5988.687795192898
4515,6026.08348285175
4516,5475.870620116769
4517,5259.06482115069
4518,5389.328193743778
4519,5861.026256493853
4520,6928.143540375814
4521,6002.908611889271
4522,5345.315117588574
4523,6348.90039722475
4524,5927.754951222438
4525,5339.242539648262
4526,6298.521759929146
4527,6895.331616678097
4528,5858.941780178826
4529,6388.654018265083
4530,5394.736702245532
4531,5981.475479351651
4532,5397.522357679661
4533,6317.118786394815
4534,6285.857892558871
4535,6598.448524084033
4536,5861.827491326142
4537,5820.376853750278
4538,6399.770846861744
4539,5938.404619028943
4540,5964.397576263893
4541,5861.1311155032745
4542,6482.588063838632
4543,6364.086221091665
4544,5888.494870514786
4545,5297.839096849255
4546,6341.821270834396
4547,5787.27918118422
4548,6482.526942517943
4549,5861.845019868155
4550,5286.897879989418
4551,5304.15890157304
4552,5221.686682489877
4553,5946.097508660168
4554,6018.855758446596
4555,6469.278954196573
4556,6454.721854360672
4557,5775.017186949811
4558,5929.415452393057
4559,6505.26407381408
4560,6930.221665279225
4561,5791.775800153737
4562,5457.314030888713
4563,6480.153436523119
4564,6048.07625455774
4565,6549.622814365917
4566,5316.82416894058
4567,5991.1523187831535
4568,5856.649562699571
4569,5851.087667426972
4570,6322.050829741366
4571,6501.051815442585
4572,5960.083017110662
4573,5365.648850639566
4574,6930.160543958536
4575,5936.928262081734
4576,5996.572110471214
4577,5837.953423620197
4578,5986.793034251554
4579,6473.241614529299
4580,5746.746113344645
4581,5987.648732741193
4582,6573.882865923254
4583,5934.289819780098
4584,6067.69209906311
4585,6336.851986120788
4586,5832.739784630234
4587,5385.201114419868
4588,5970.22915634496
4589,5866.387549082489
4590,5405.36047036522
4591,5896.072059913063
4592,5268.907237803795
4593,5462.50934314724
4594,6237.300238617361
4595,5716.3989002095705
4596,6480.265453652468
4597,5954.136029824821
4598,6891.969944040226
4599,5804.152390179953
4600,6543.266197014309
4601,6521.394989719841
4602,6270.214547221353
4603,5435.246466988828
4604,6336.162267961258
4605,5962.927129581884
4606,6514.371150596673
4607,5977.374241220746
4608,6523.050378134446
4609,6399.404118937613
4610,6286.081855100211
4611,5283.9142545332525
4612,5852.035525310858
4613,6399.784012573702
4614,6504.347254003753
4615,6431.665950749133
4616,6277.057513387128
4617,5356.093282591287
4618,6395.3701117721685
4619,5501.733892761239
4620,5985.142758592963
4621,5869.313902367887
4622,6399.4652402583015
4623,5765.321882077947
4624,6487.060145760925
4625,6472.024300871543
4626,6284.496545207573
4627,5236.958025805586
4628,5393.307460655298
4629,5827.694469067127
4630,6068.307752211705
4631,6449.470533537472
4632,6931.444091692995
4633,5871.655469251879
4634,5979.886325013749
4635,5688.502153114642
4636,5973.986214526099
4637,5975.1799833207315
4638,6518.93991138027
4639,6584.334611760994
4640,6460.874656726157
4641,6464.139650502721
4642,6931.994183579192
4643,5439.649969209725
4644,6483.387753763597
4645,6400.626545351383
4646,6364.391827695108
4647,5830.9998375842015
4648,5953.9610626382855
4649,6515.939853910518
4650,5899.067904167477
4651,5406.421100009072
4652,5935.9615949378995
4653,6567.836967931103
4654,5903.334185730143
4655,5890.449797950392
4656,5514.337172130624
4657,5882.773320693091
4658,5409.314865608931
4659,6522.133558324118
4660,5847.790243492303
4661,6254.331990698759
4662,5755.733433315952
4663,6486.38781123335
4664,5930.940822623274
4665,6927.287841886175
4666,5723.575565677836
4667,5272.563646166432
4668,5972.205767043983
4669,5977.19087725868
4670,5413.776722019194
4671,6481.487880066238
4672,5952.330834895246
4673,5987.7924730952145
4674,5930.030043268185
4675,5802.669639758795
4676,6366.95157486365
4677,6394.512240726445
4678,5937.199856868243
4679,5808.968703638406
4680,5942.796957342987
4681,5297.826779886563
4682,5756.360129700939
4683,6246.547748851517
4684,6549.867299648672
4685,5848.0837029936
4686,6417.320718855299
4687,6420.977772584583
4688,6507.342198717491
4689,6507.591796756259
4690,6495.6069051452905
4691,5429.025084921947
4692,6032.313079896474
4693,5887.557238142929
4694,5743.127875544889
4695,6484.092705631858
4696,5884.819538317529
4697,6409.6415820190605
4698,6928.32690433788
4699,5230.560144868391
4700,5904.793785667604
4701,5909.32080286505
4702,5840.43079943821
4703,6598.204038801278
4704,6517.732823234543
4705,6949.8364964642315
4706,6482.903895954103
4707,5416.710545412244
4708,5300.550859630165
4709,6524.639532472348
4710,5441.218089675278
4711,6399.404118937613
4712,6071.4816209457995
4713,5913.202964142551
4714,6524.578411151659
4715,5811.071859023343
4716,5849.741453464501
4717,6931.321849051617
4718,5431.4333746122875
4719,5331.224775759387
4720,5816.00992639353
4721,6328.462716642274
4722,5369.249704807366
4723,5971.227825912966
4724,5360.2685834249
4725,5973.713071624206
4726,5784.959045101202
4727,5952.786103103601
4728,5976.509314107836
4729,5801.065791703137
4730,7020.472292156126
4731,5867.081930802775
4732,6400.198696106563
4733,5427.067980435915
4734,6983.137390727457
4735,6877.244818510303
4736,6252.426342447134
4737,6507.260626372745
4738,6302.488149452226
4739,5888.657421915323
4740,5898.640054922656
4741,6002.923950157314
4742,6401.2762562988155
4743,5674.509083435715
4744,5761.268017177401
4745,5783.3501896652015
4746,5361.719847393602
4747,5371.123059898226
4748,5806.590879868931
4749,6005.04785811337
4750,5433.259085050795
4751,6503.952022099619
4752,5314.917963471268
4753,5865.555374999949
4754,6378.627982659523
4755,5930.324923903009
4756,6471.402862152629
4757,5480.107170749525
4758,5951.633194786049
4759,6400.74878799276
4760,6517.152170688001
4761,5401.248119588794
4762,6453.993511268423
4763,5434.062681939379
4764,6579.07817818178
4765,6518.649643044871
4766,5788.426241754804
4767,5949.118823862288
4768,6069.3423747217
4769,5370.112396867211
4770,5697.21439237253
4771,5892.306062437472
4772,5867.07681804676
4773,5881.684813691321
4774,6482.832549121386
4775,6277.6646445952665
4776,6417.361326163653
4777,5789.888614344607
4778,5244.591177681785
4779,5871.819876516117
4780,6361.458004302058
4781,6540.149009659194
4782,5391.309388819915
4783,6399.709725541055
4784,5957.448674244678
4785,6179.845551803485
4786,5806.163030624111
4787,6381.91364490392
4788,6371.263256805229
4789,6062.257414277844
4790,5374.811744990023
4791,6518.894128327625
4792,5994.06647141349
4793,6519.617358663859
4794,5668.998677260732
4795,5854.989490268185
4796,6478.7476461472825
4797,5316.206030672786
4798,5459.453277112812
4799,6057.95558989458
4800,5764.035707417565
4801,5315.253653321841
4802,5327.7568441148305
4803,6221.987539853905
4804,5479.251472259885
4805,5433.782338855229
4806,5834.579641448047
4807,6238.601169983775
4808,6315.22402545347
4809,5767.731789868311
4810,6515.043485124247
4811,5855.153047756481
4812,6400.320938747941
4813,5955.596106084743
4814,6382.845353787033
4815,5851.222007875683
4816,6311.028060176446
4817,5707.748856378253
4818,6929.671573393027
4819,5430.542908858736
4820,5724.6146281295405
4821,6332.57349367259
4822,5420.941294384784
4823,5384.10091421587
4824,6418.285494274357
4825,5312.0938023838735
4826,5260.1127808345145
4827,6514.248907955296
4828,5313.581810471104
4829,5292.310997582536
4830,5406.593560229253
4831,6274.004069104043
4832,5747.766403894075
4833,5475.225730183457
4834,6383.44534459313
4835,6011.725420336464
4836,5953.353545758546
4837,5867.446185440121
4838,5861.427396135364
4839,6400.626545351383
4840,5786.5385789429765
4841,6495.912511748734
4842,6442.609607352312
4843,6059.445833526172
4844,5272.925906701195
4845,6494.929457861703
4846,5250.323144012319
4847,6316.338071565801
4848,6607.832598834398
4849,5837.892302299509
4850,5879.7172546586635
4851,5856.000358199669
4852,6441.896602528107
4853,5920.010020775676
4854,6032.858059026656
4855,6459.239719335609
4856,6505.202952493391
4857,5355.930369653279
4858,6029.450413155691
4859,5415.257011560749
4860,5319.5750003497005
4861,5394.6540137326965
4862,6343.432327454952
4863,5886.367429069845
4864,6292.404014647688
4865,6385.034498931032
4866,6510.8872353174265
4867,6428.918431518079
4868,5748.885359568743
4869,5867.243247572129
4870,6406.288204595276
4871,5713.112660427585
4872,5854.368973512491
4873,6471.952954038826
4874,6452.027403494361
4875,6480.214557843808
4876,6143.77439894309
4877,6985.215515630867
4878,5838.767421055937
4879,6520.666646627593
4880,6399.709725541055
4881,6892.703399888489
4882,5787.285188776252
4883,5808.008779779047
4884,5771.114748397098
4885,5869.605442222097
4886,5791.365763280106
4887,5687.031367317706
4888,6346.3658157574955
4889,6472.258560642269
4890,6387.3254886652685
4891,6017.7662055726005
4892,5213.938074114092
4893,5984.04257482057
4894,5832.588991922104
4895,6416.719731160443
4896,5387.2142603337825
4897,6515.471334369066
4898,5988.259945948079
4899,5758.734048494566
4900,6313.861972766367
4901,5332.8980482625375
4902,5829.273252982943
4903,5138.730950703088
4904,5867.075071232042
4905,6030.479440275817
4906,5869.02758755278
4907,6401.683886271062
4908,6362.741552036517
4909,5955.386900929673
4910,5957.288973630081
4911,6929.488209430961
4912,5832.7112345634805
4913,6874.372116437941
4914,5974.798175327005
4915,6340.80465868391
4916,6361.527178578691
4917,5893.216292277399
4918,5887.203269824382
4919,6501.041589930557
4920,6400.259817427252
4921,6413.8847591847825
4922,5441.055759585562
4923,5857.427639345638
4924,5236.779774599535
4925,6496.263901404822
4926,5958.381845643411
4927,6453.27028093219
4928,5324.990401049156
4929,5239.024024743113
4930,5973.489314778442
4931,6351.133278771202
4932,6287.866482934459
4933,6501.413430610703
4934,5449.440284261776
4935,6003.599971812911
4936,5806.541868082521
4937,5914.792118480453
4938,5451.018534857793
4939,6071.359378304422
4940,5335.096086614236
4941,5343.70610551557
4942,5867.545337588212
4943,6584.635105608422
4944,6285.517518691517
4945,5943.813069036885
4946,6329.988577103404
4947,5412.282955809302
4948,6515.838062293198
4949,5266.223674247765
4950,6362.983864763187
4951,5848.868226432848
4952,6467.063248383743
4953,5863.307912554211
4954,5980.986508786143
4955,5270.549943034829
4956,6353.560955865123
4957,0.0
4958,6504.04164740031
4959,5891.196013404239
4960,6454.275726647878
4961,5998.88994299187
4962,6485.827493835124
4963,6308.786764136579
4964,6402.473350683998
4965,5322.339226269137
4966,5425.93632985073
4967,5331.235646638063
4968,6350.155337640185
4969,5710.272214158438
4970,6328.401595321586
4971,6506.608742869228
4972,6895.576101960851
4973,5943.701713705788
4974,5483.082935958017
4975,6566.125570951824
4976,5887.631119069202
4977,6451.732022402948
4978,6286.644056520688
4979,6418.2243729536685
4980,6400.3820600686295
4981,6930.771757165421
4982,5430.646206529231
4983,5993.143525526785
4984,6431.185033139569
4985,6548.711107311604
4986,6399.220754975547
4987,5956.445486025973
4988,6452.6052581636795
4989,6329.012808528471
4990,6045.566180973858
4991,5456.0304831542535
4992,5937.857506407139
4993,6059.07910560204
4994,5325.071880561536
4995,5779.607078483919
4996,5926.075776502928
4997,6397.998328561776
4998,5945.306660681571
4999,6466.828988613017
5000,6400.504302710006
5001,5797.4218867842865
5002,5258.855893408552
5003,5856.4300314763295
5004,6413.210252101124
5005,6486.598679780088
5006,5326.480309590241
5007,5947.685614522917
5008,5992.4161957548995
5009,5324.055123500991
5010,5862.521067154478
5011,6421.833471074223
5012,5990.399192172178
5013,6527.063934275831
5014,5255.479185971479
5015,5823.699736905708
5016,6257.549922982607
5017,5877.528563884501
5018,6381.000491765589
5019,6439.940720266073
5020,5830.808932849726
5021,5959.9494071584395
5022,5305.3144485434605
5023,5365.828129864747
5024,6474.336685545679
5025,6399.342997616924
5026,5724.064536243344
5027,6931.627455655061
5028,6485.4984960076945
5029,5912.835094419604
5030,6200.355945066453
5031,5748.300322645369
5032,6339.335302539386
5033,5924.293685970298
5034,5830.942440749208
5035,5975.0577406793545
5036,5716.279131671339
5037,5937.90620321275
5038,5782.14781989606
5039,5708.377453217094
5040,6319.199385401372
5041,5715.960680542664
5042,6329.379536452602
5043,5461.4651843711235
5044,5994.433199337622
5045,5985.448365196406
5046,5296.788047350785
5047,5938.421014971263
5048,5685.26272311815
5049,6006.937764497149
5050,5805.239862610225
5051,6265.889177974966
5052,5960.99983692099
5053,6470.740753137084
5054,6896.43180045049
5055,5742.575309555546
5056,5894.159414883173
5057,6266.096421890662
5058,5960.548655741103
5059,5906.287866858294
5060,6351.011036129825
5061,5721.70945362655
5062,6363.712144867158
5063,5869.436763248709
5064,6382.845353787033
5065,6522.683650210314
5066,6626.86482544819
5067,6325.162165325093
5068,5898.316624221078
5069,6402.021113326433
5070,5820.0101258261475
5071,6433.010619804281
5072,5911.846927776558
5073,6931.382970372307
5074,5841.400750601559
5075,6336.794738900511
5076,5408.235072891436
5077,5425.8938308176
5078,5399.575512091955
5079,5807.202093075816
5080,6277.796081991404
5081,5449.123773916449
5082,5937.917477199933
5083,5756.49884470665
5084,5773.153154622244
5085,5709.888102602352
5086,5920.919253726844
5087,5990.154706889423
5088,5922.6179346593435
5089,5952.270762049711
5090,6440.862652832417
5091,6365.973633732634
5092,6033.474384989556
5093,5931.004271640452
5094,6482.404699876566
5095,5817.082798754773
5096,6493.773265524635
5097,6929.732694713716
5098,5427.452091992002
5099,5980.130810296503
5100,6458.506263487347
5101,5826.134969237122
5102,6876.327998699975
5103,5901.97600714345
5104,5806.162380552805
5105,5989.166943354885
5106,6241.884337669002
5107,5341.090733251196
5108,6381.244977048344
5109,5340.797865117076
5110,5438.785316726868
5111,5786.222746827505
5112,5753.9807610241405
5113,5700.938918834119
5114,6447.097027542647
5115,5451.040309478354
5116,6004.385749097824
5117,6470.913891587121
5118,5852.007614619812
5119,5510.337932229091
5120,5868.116329693724
5121,6733.584487519313
5122,6342.345008663817
5123,5755.459782254945
5124,6471.474208985346
5125,5777.276690441784
5126,5795.039555274699
5127,5846.382743659421
5128,6183.6961950068635
5129,5883.706594939551
5130,5364.101694878204
5131,5419.882535539638
5132,5426.83050836303
5133,6574.0102213206455
5134,6475.375747997384
5135,6926.982235282732
5136,5886.35466946426
5137,6014.583034917922
5138,5240.28225947464
5139,6496.233475645875
5140,5958.539896602545
5141,6559.147765658441
5142,6003.031105307788
5143,6222.664884605955
5144,5937.067639491977
5145,5927.89882314925
5146,5574.493863617934
5147,5993.474276997722
5148,6569.411034778102
5149,5956.718621506557
5150,5532.321407430048
5151,6404.272611025415
5152,5438.753936141494
5153,6015.372499330859
5154,6085.752587339212
5155,6509.2544895086185
5156,5889.913052353787
5157,6576.134380053841
5158,5890.371794762107
5159,6529.498812368484
5160,5511.681580542568
5161,6617.014318082445
5162,5799.23021340201
5163,6457.174269724416
5164,6104.894783115513
5165,5823.234468331736
5166,5928.693400318201
5167,6002.1801844836555
5168,6440.991202922789
5169,5470.344639217836
5170,6087.89283045207
5171,5372.839065780042
5172,6399.340775107278
5173,6087.235834192539
5174,6443.633582313114
5175,5948.3988701242615
5176,5864.3106265745855
5177,6489.921932991988
5178,6368.148751262766
5179,5963.353591864155
5180,5985.609793823782
5181,6208.5509722829165
5182,6045.500197674295
5183,5957.145070754112
5184,5809.248713409741
5185,5453.352912066422
5186,7076.4289961478835
5187,6422.881924798629
5188,6035.53131275729
5189,6559.814987430001
5190,5375.367219623859
5191,5309.581727601166
5192,6543.628062959566
5193,6456.338764060386
5194,6363.029898592972
5195,6538.7688020890855
5196,5907.94211777972
5197,6037.73778994685
5198,6009.68310375081
5199,5567.822669238061
5200,5416.84814534732
5201,6041.4661905088515
5202,6499.371114025049
5203,5964.628302356904
5204,5496.392296377215
5205,6384.969512520228
5206,5478.030119763167
5207,5928.326672394071
5208,5313.8467658035715
5209,6500.0383357966075
5210,5717.826839756903
5211,5892.701312080979
5212,5948.439540420893
5213,5961.564589472907
5214,5711.276331384139
5215,5942.262361669607
5216,6010.549027752479
5217,6540.327511642385
5218,6497.858419275878
5219,6358.160412210462
5220,5983.314759918394
5221,6012.382667373135
5222,6390.101530901981
5223,6060.750109508792
5224,6001.25858700782
5225,6531.831648066678
5226,6665.773793723858
5227,5396.963496850971
5228,6286.831830966936
5229,6102.93890085348
5230,5356.381446880134
5231,5314.777039859692
5232,5887.30808187811
5233,5400.822405143364
5234,5807.064762943535
5235,6452.732606139762
5236,5988.431600087483
5237,5336.442742350657
5238,5873.819936744235
5239,5500.36518222197
5240,5512.52150282593
5241,5892.870122060767
5242,5967.065508334876
5243,6051.367844460395
5244,5950.909957028506
5245,6488.119678262343
5246,5928.082187111316
5247,5968.960723646058
5248,6537.200098775241
5249,5399.9055853330365
5250,6466.217794431787
5251,6047.150473332886
5252,5277.718307153982
5253,6489.036498072671
5254,5474.162092927833
5255,6517.839978385016
5256,5937.199807384603
5257,6077.262833408278
5258,6413.449875405004
5259,6642.613925938916
5260,5982.338087098128
5261,5369.465283607892
5262,5443.029789936823
5263,6462.633925000799
5264,5981.383932272016
5265,5824.710867341277
5266,5445.002894489151
5267,6041.894039753671
5268,5910.592535401175
5269,5365.102744711802
5270,6032.7869629710785
5271,6034.987330515865
5272,6986.789582477866
5273,5986.895076646013
5274,5410.153516184653
5275,5920.419998966666
5276,5998.925751309627
5277,6567.638516478133
5278,5855.965412973664
5279,6471.066829790239
5280,5825.636657576426
5281,6022.824187698846
5282,5412.742772134675
5283,5486.373512540308
5284,6096.745454638328
5285,6455.177458967303
5286,5810.4574853819095
5287,6988.378736815768
5288,6103.667243945728
5289,5819.097426188712
5290,5994.418111846718
5291,5306.543261826108
5292,6593.665973579424
5293,5387.316302728242
5294,6345.185239613318
5295,6016.039721102418
5296,5902.318171990609
5297,5705.840407943269
5298,6461.7254932369215
5299,5946.225967629761
5300,5348.209073996414
5301,5928.876764280267
5302,5928.632278997513
5303,6038.776852398555
5304,6325.329797245969
5305,6137.217736247722
5306,6016.233310576513
5307,6471.01593398158
5308,5851.063138709806
5309,6455.605308212123
5310,6043.544315412261
5311,5895.862882491475
5312,5894.340607596923
5313,6512.88403865323
5314,5961.822228740673
5315,6046.478138805312
5316,6031.320051274553
5317,5536.640821140845
5318,5927.837701828562
5319,6985.995005308915
5320,6984.95594285721
5321,5338.12215562895
5322,5781.243666648871
5323,5835.563782475676
5324,6581.390813633056
5325,6083.074471629704
5326,6242.708965033047
5327,6404.9572328605345
5328,6443.633582313114
5329,5408.947828036191
5330,6987.645280967506
5331,5777.827670559051
5332,6312.978032800811
5333,5837.88639266184
5334,6067.198076338278
5335,6296.598757511885
5336,5333.982972761702
5337,6722.756039022553
5338,6086.502378344277
5339,6071.023604140481
5340,5387.689734402462
5341,6150.048100836301
5342,6119.614795889423
5343,7007.198990831825
5344,5316.963953158687
5345,6537.566826699372
5346,0.0
5347,5945.115856078172
5348,5961.648335660019
5349,6622.010928110863
5350,6028.214137906621
5351,5782.831887086292
5352,6511.111520353263
5353,5497.125752225477
5354,5503.054520332265
5355,6043.299830129507
5356,5529.876554602506
5357,5811.2942436053245
5358,5928.8451602599425
5359,6068.34934609978
5360,6074.461478168634
5361,5824.007787768321
5362,5506.379596969726
5363,6008.2875388870025
5364,5936.765368169381
5365,6317.601419053343
5366,6352.695265739068
5367,6633.20124255288
5368,5826.3187288863855
5369,5264.826821244715
5370,6046.11141088118
5371,6083.507098540032
5372,5533.29423580505
5373,5316.488436838971
5374,5446.751809432059
5375,5918.449872182135
5376,6985.567156064095
5377,6060.332227577553
5378,5402.738733276856
5379,6406.324012913032
5380,5985.178566910719
5381,5396.666155336544
5382,6355.945375617428
5383,6952.755232366379
5384,5916.365395867107
5385,6446.077633953364
5386,5452.1603179338135
5387,6038.899095039932
5388,5454.945973367942
5389,6374.542402083097
5390,6343.2815082471525
5391,6655.872139772315
5392,5919.251107014423
5393,5877.80046943856
5394,6457.1944625500255
5395,5995.828234717224
5396,6021.821191952175
5397,5918.554731191556
5398,6540.011679526913
5399,6421.509836779946
5400,5945.918486203068
5401,5355.262712537537
5402,6399.244886522678
5403,5844.7027968725015
5404,6539.950558206225
5405,5919.2686355564365
5406,5344.321495677698
5407,5361.582517261321
5408,5279.110298178158
5409,6003.52112434845
5410,6076.279374134877
5411,6526.702569884855
5412,6512.145470048953
5413,5832.4408026380925
5414,5986.839068081339
5415,6562.6876895023615
5416,6987.645280967506
5417,5849.199415842018
5418,5514.737646576995
5419,6537.577052211401
5420,6105.499870246022
5421,6607.046430054199
5422,5374.247784628862
5423,6048.575934471434
5424,5914.073178387853
5425,5908.511283115254
5426,6379.474445429648
5427,6558.475431130867
5428,6017.506632798943
5429,5423.072466327848
5430,6987.584159646817
5431,5994.351877770016
5432,6053.995726159495
5433,5895.377039308479
5434,6044.216649939835
5435,6530.665230217581
5436,5804.169729032926
5437,6045.072348429475
5438,6631.306481611536
5439,5991.713435468379
5440,6125.115714751391
5441,6394.2756018090695
5442,5890.163400318515
5443,5442.624730108149
5444,6027.652772033241
5445,5923.811164770771
5446,5462.784086053502
5447,5953.495675601344
5448,5326.330853492077
5449,5519.93295883552
5450,6294.723854305643
5451,5773.822515897852
5452,6537.689069340749
5453,6011.559645513103
5454,6949.393559728508
5455,5861.5760058682345
5456,6600.689812702591
5457,6578.8186054081225
5458,6327.638162909635
5459,5492.670082677109
5460,6393.58588364954
5461,6020.350745270166
5462,6571.794766284955
5463,6034.797856909027
5464,6580.473993822727
5465,6456.827734625894
5466,6343.505470788493
5467,5341.337870221534
5468,5909.45914099914
5469,6457.207628261984
5470,6561.770869692034
5471,6489.089566437415
5472,6334.48112907541
5473,5413.5168982795685
5474,6452.79372746045
5475,5559.157508449521
5476,6042.566374281245
5477,5926.7375180561685
5478,6456.888855946583
5479,5822.745497766228
5480,6544.483761449205
5481,6529.447916559824
5482,6341.920160895855
5483,5294.381641493867
5484,5450.73107634358
5485,5885.118084755409
5486,6125.731367899985
5487,6506.894149225753
5488,6988.867707381277
5489,5929.079084940161
5490,6037.30994070203
5491,5745.925768802924
5492,6031.40983021438
5493,6032.603599009013
5494,6576.363527068552
5495,6641.758227449276
5496,6518.2982724144385
5497,6521.563266191003
5498,6989.417799267474
5499,5497.073584898007
5500,6540.811369451879
5501,6458.050161039665
5502,6421.815443383389
5503,5888.423453272482
5504,6011.384678326567
5505,6573.3634695987985
5506,5956.491519855757
5507,5463.844715697353
5508,5993.385210626181
5509,6625.260583619384
5510,5960.757801418425
5511,5947.873413638674
5512,5571.760787818905
5513,5940.196936381372
5514,5466.738481297212
5515,6579.5571740124
5516,5905.213859180584
5517,6311.75560638704
5518,5813.157049004234
5519,6543.811426921631
5520,5988.364438311555
5521,6984.711457574456
5522,5780.999181366117
5523,5329.987261854712
5524,6029.629382732264
5525,6034.614492946962
5526,5471.200337707475
5527,6538.91149575452
5528,6009.754450583528
5529,6045.216088783496
5530,5987.453658956467
5531,5860.093255447076
5532,6424.375190551932
5533,6451.935856414726
5534,5994.623472556525
5535,5866.392319326687
5536,6000.220573031269
5537,5355.250395574844
5538,5813.783745389221
5539,6303.971364539799
5540,6607.290915336954
5541,5905.507318681882
5542,6474.74433454358
5543,6478.401388272865
5544,6564.765814405772
5545,6565.015412444541
5546,6553.030520833572
5547,5486.448700610229
5548,6089.736695584755
5549,5944.980853831211
5550,5800.551491233171
5551,6541.5163213201395
5552,5942.2431540058105
5553,6467.065197707341
5554,6985.750520026161
5555,5287.983760556673
5556,5962.217401355886
5557,5966.744418553331
5558,5897.854415126491
5559,6655.62765448956
5560,6575.156438922824
5561,7007.260112152513
5562,6540.327511642385
5563,5474.1341611005255
5564,5357.974475318447
5565,6582.063148160629
5566,5498.64170536356
5567,6456.827734625894
5568,6128.90523663408
5569,5970.626579830832
5570,6582.00202683994
5571,5868.495474711624
5572,5907.165069152783
5573,6988.745464739899
5574,5488.856990300569
5575,5388.6483914476685
5576,5873.433542081811
5577,6385.886332330556
5578,5426.673320495647
5579,6028.651441601248
5580,5417.692199113181
5581,6031.136687312488
5582,5842.382660789483
5583,6010.209718791883
5584,6033.932929796118
5585,5858.489407391418
5586,7077.895907844409
5587,5924.5055464910565
5588,6457.622311794845
5589,5484.491596124197
5590,7040.561006415739
5591,6934.668434198584
5592,6309.849958135415
5593,6564.684242061026
5594,6359.911765140508
5595,5946.081037603604
5596,5956.063670610938
5597,6060.347565845595
5598,6458.699871987097
5599,5731.932699123997
5600,5818.691632865683
5601,5840.773805353483
5602,5419.143463081884
5603,5428.546675586507
5604,5864.014495557212
5605,6062.471473801652
5606,5490.682700739077
5607,6561.375637787901
5608,5372.341579159549
5609,5922.978990688231
5610,6436.051598347804
5611,5987.748539591291
5612,6528.82647784091
5613,5537.5307864378065
5614,6009.05681047433
5615,6458.172403681042
5616,6574.575786376283
5617,5458.671735277076
5618,6511.417126956705
5619,5491.486297627661
5620,6636.501793870061
5621,6576.073258733152
5622,5845.849857443086
5623,6006.54243955057
5624,6126.765990409982
5625,5427.536012555493
5626,5754.6380080608105
5627,5949.729678125754
5628,5924.500433735042
5629,5939.108429379603
5630,6540.256164809667
5631,6335.088260283548
5632,6474.7849418519345
5633,5847.312230032888
5634,5302.014793370066
5635,5929.2434922043985
5636,6418.8816199903395
5637,6597.572625347475
5638,5448.733004508196
5639,6457.133341229337
5640,6014.87228993296
5641,6237.269167491767
5642,5863.586646312392
5643,6439.337260592201
5644,6428.68687249351
5645,6119.681029966126
5646,5432.2353606783045
5647,6576.317744015907
5648,6051.490087101772
5649,6577.04097435214
5650,5726.422292949013
5651,5912.413105956467
5652,6536.171261835564
5653,5373.629646361068
5654,5516.876892801094
5655,6115.379205582861
5656,5821.459323105846
5657,5372.6772690101225
5658,5385.180459803112
5659,6279.411155542187
5660,5536.675087948166
5661,5491.20595454351
5662,5892.003257136329
5663,6296.024785672057
5664,6372.647641141752
5665,5825.155405556593
5666,6572.467100812528
5667,5912.576663444762
5668,6457.744554436222
5669,6013.019721773025
5670,6440.2689694753135
5671,5908.645623563964
5672,6368.451675864728
5673,5765.172472066534
5674,6987.0951890813085
5675,5487.966524547018
5676,5782.038243817822
5677,6389.997109360872
5678,5478.3649100730645
5679,5441.524529904152
5680,6475.709109962639
5681,5369.517418072155
5682,5317.536396522796
5683,6571.672523643578
5684,5371.005426159385
5685,5349.734613270818
5686,5464.017175917535
5687,6331.427684792325
5688,5805.190019582356
5689,5532.649345871739
5690,6440.868960281412
5691,6069.149036024745
5692,6010.777161446827
5693,5924.869801128402
5694,5918.851011823645
5695,6458.050161039665
5696,5843.962194631258
5697,6553.336127437015
5698,6500.033223040594
5699,6116.869449214452
5700,5330.349522389477
5701,6552.353073549984
5702,5307.746759700601
5703,6373.761687254083
5704,6665.256214522679
5705,5895.315917987789
5706,5937.140870346945
5707,5913.4239738879505
5708,6499.320218216389
5709,5977.433636463958
5710,6090.281674714937
5711,6516.663335023891
5712,6562.626568181673
5713,5413.3539853415605
5714,6086.874028843973
5715,5472.68062724903
5716,5376.998616037982
5717,5452.077629420978
5718,6400.855943143234
5719,5943.791044758126
5720,6349.82763033597
5721,6442.458114619314
5722,6568.310851005708
5723,6486.342047206361
5724,5806.308975257025
5725,5924.6668632604105
5726,6463.711820283557
5727,5770.536276115867
5728,5911.792589200772
5729,6529.376569727107
5730,6509.451019182643
5731,6537.638173532089
5732,6201.198014631372
5733,7042.639131319149
5734,5896.191036744219
5735,6578.0902623158745
5736,6457.133341229337
5737,6950.127015576771
5738,5844.708804464533
5739,5865.432395467328
5740,5828.53836408538
5741,5927.0290579103785
5742,5848.789378968388
5743,5744.454983005988
5744,6403.789431445777
5745,6529.68217633055
5746,6444.74910435355
5747,6075.189821260882
5748,5271.361689802374
5749,6041.4661905088515
5750,5890.012607610384
5751,6474.143346848724
5752,5444.637876022064
5753,6572.894950057348
5754,6045.6835616363605
5755,5816.157664182848
5756,6371.285588454648
5757,5390.321663950819
5758,5886.696868671224
5759,5196.1545663913685
5760,5924.498686920324
5761,6087.903055964099
5762,5926.451203241061
5763,6459.107501959343
5764,6420.165167724798
5765,6012.810516617954
5766,6014.712589318362
5767,6986.911825119243
5768,5890.134850251762
5769,6931.795732126223
5770,6032.221791015287
5771,6398.228274372192
5772,6418.950794266972
5773,5950.63990796568
5774,5944.626885512664
5775,6558.465205618839
5776,6457.683433115533
5777,6471.308374873064
5778,5498.479375273843
5779,5914.85125503392
5780,5294.203390287817
5781,6553.687517093103
5782,6015.805461331693
5783,6510.693896620472
5784,5382.414016737437
5785,5296.447640431395
5786,6030.912930466724
5787,6408.556894459483
5788,6345.2900986227405
5789,6558.837046298984
5790,5506.863899950057
5791,6061.023587501192
5792,5863.965483770803
5793,5972.215734168734
5794,5508.442150546075
5795,6128.782993992703
5796,5392.5197023025175
5797,5401.129721203852
5798,5924.968953276493
5799,6642.058721296704
5800,6342.941134379798
5801,6001.236684725166
5802,6387.412192791685
5803,5469.706571497583
5804,6573.26167798148
5805,5323.647289936047
5806,6420.4074804514685
5807,5906.29184212113
5808,6524.486864072024
5809,5920.7315282424925
5810,6038.410124474424
5811,5327.973558723111
5812,6410.984571553405
5813,5367.990808095583
5814,6561.465263088591
5815,5948.619629092521
5816,6511.69934233616
5817,6056.313558680152
5818,6543.251109523406
5819,6366.210379824861
5820,6459.89696637228
5821,5379.7628419574185
5822,5483.359945539011
5823,5388.659262326345
5824,6407.578953328466
5825,5767.69582984672
5826,6385.825211009867
5827,6564.03235855751
5828,6952.999717649132
5829,6001.12532939407
5830,5540.506551646298
5831,6623.549186640105
5832,5945.054734757484
5833,6509.155638091229
5834,6344.067672208969
5835,6475.64798864195
5836,6457.80567575691
5837,6988.195372853703
5838,5488.069822217512
5839,6050.567141215067
5840,6488.608648827851
5841,6606.1347229998855
5842,6456.644370663828
5843,6013.869101714255
5844,6510.028873851961
5845,6386.436424216753
5846,6102.989796662139
5847,5513.454098842535
5848,5995.281122095421
5849,6116.5027212903215
5850,5382.495496249818
5851,5837.0306941722
5852,5983.49939219121
5853,6455.421944250058
5854,6002.730276369853
5855,6524.252604301299
5856,6457.927918398288
5857,5854.845502472568
5858,5316.279509096834
5859,5913.853647164611
5860,6470.6338677894055
5861,6544.0222954683695
5862,5383.903925278522
5863,6005.109230211198
5864,6049.839811443181
5865,5381.478739189272
5866,5919.94468284276
5867,6479.257086762504
5868,6047.822807860459
5869,6584.487549964113
5870,5312.90280165976
5871,5881.123352593989
5872,6314.973538670889
5873,5934.952179572782
5874,6438.42410745387
5875,6497.364335954355
5876,5888.232548538008
5877,6017.373022846721
5878,5362.738064231742
5879,5423.251745553029
5880,6531.7603012339605
5881,6456.766613305205
5882,5781.488151931625
5883,6989.051071343342
5884,6542.922111695976
5885,5970.258710107885
5886,6257.779560754735
5887,5805.723938333651
5888,6396.758918227668
5889,5981.717301658579
5890,5888.3660564374895
5891,6032.481356367635
5892,5773.702747359621
5893,5995.329818901032
5894,5839.571435584342
5895,5765.801068905375
5896,6376.623001089653
5897,5773.384296230945
5898,6386.803152140884
5899,5518.888800059405
5900,6051.856815025903
5901,6042.871980884687
5902,5354.2116630390665
5903,5995.844630659544
5904,5742.686338806431
5905,6064.361380185431
5906,5862.663478298507
5907,6323.312793663246
5908,6018.423452609271
5909,6528.164368825365
5910,6953.855416138771
5911,5799.998925243827
5912,5951.583030571454
5913,6323.520037578944
5914,6017.972271429385
5915,5963.711482546576
5916,6408.434651818106
5917,5779.133069314832
5918,6421.135760555439
5919,5926.860378936991
5920,6440.2689694753135
5921,6580.107265898596
5922,6684.288441136471
5923,6382.585781013375
5924,5955.74023990936
5925,6459.4447290147145
5926,5877.433741514429
5927,6490.434235492563
5928,5969.27054346484
5929,6988.8065860605875
5930,5898.82436628984
5931,6394.218354588793
5932,5465.658688579717
5933,5483.317446505882
5934,5456.999127780236
5935,5864.625708764098
5936,6335.219697679686
5937,5506.547389604731
5938,5995.341092888215
5939,5813.9224603949315
5940,5830.576770310526
5941,5767.3117182906335
5942,5978.342869415124
5943,6047.578322577705
5944,5980.041550347625
5945,6009.694377737993
5946,6498.286268520697
5947,6423.397249420916
5948,6090.898000677837
5949,5988.427887328734
5950,6539.828315564848
5951,5874.506414443054
5952,6551.196881212916
5953,6987.156310401997
5954,5484.875707680284
5955,6037.554425984785
5956,6515.929879175628
5957,5883.558584925404
5958,6933.751614388257
5959,5959.399622831732
5960,5863.585996241087
5961,6046.590559043167
5962,6299.307953357283
5963,5398.514348939478
5964,6438.668592736625
5965,5398.221480805358
5966,5496.208932415149
5967,5843.646362515787
5968,5811.404376712422
5969,5758.362534522401
5970,6504.520643230929
5971,5508.463925166636
5972,6061.809364786106
5973,6528.3375072754025
5974,5909.431230308093
5975,5567.761547917373
5976,5925.5399453820055
5977,6791.008103207595
5978,6399.768624352098
5979,5812.883397943227
5980,6528.897824673628
5981,5834.700306130066
5982,5852.463170962979
5983,5903.806359347703
5984,6241.119810695145
5985,5941.130210627833
5986,5421.525310566486
5987,5477.30615122792
5988,5484.254124051312
5989,6631.433837008927
5990,6532.799363685665
5991,6984.405850971013
5992,5943.778285152542
5993,6138.1135596318645
5994,5363.8127841885835
5995,6619.764000359818
5996,6082.070421316487
5997,6682.678290372384
5998,6126.561630021731
5999,6346.195409319898
6000,6060.59816420592
6001,6051.4293478631935
6002,5698.024388331877
6003,6117.004801711665
6004,6692.941559492045
6005,6080.249146220499
6006,5655.851932143991
6007,6527.803135739358
6008,5562.284460855437
6009,6138.903024044802
6010,6209.2831120531555
6011,6632.785014222562
6012,6013.44357706773
6013,6699.664904767784
6014,6013.90231947605
6015,6653.029337082427
6016,5635.212105256511
6017,6740.544842796389
6018,5922.760738115953
6019,6580.704794438359
6020,6228.425307829456
6021,5946.764993045679
6022,6052.2239250321445
6023,6125.710709197599
6024,6564.521727636732
6025,5593.875163931779
6026,6211.423355166013
6027,5496.369590493985
6028,6522.871299821221
6029,6210.766358906482
6030,6567.164107027056
6031,6071.929394838205
6032,5987.841151288529
6033,6613.452457705931
6034,6491.679275976709
6035,6086.884116578098
6036,6109.140318537725
6037,6332.08149699686
6038,6169.030722388237
6039,6080.675595468054
6040,5932.779238123684
6041,5576.883436780365
6042,7199.959520861827
6043,6546.4124495125725
6044,6159.061837471233
6045,6683.345512143944
6046,5498.897744337801
6047,5433.112252315109
6048,6667.158587673509
6049,6579.869288774329
6050,6486.560423306915
6051,6662.299326803028
6052,6031.472642493663
6053,6161.268314660793
6054,6133.213628464753
6055,5691.353193952004
6056,5540.378670061263
6057,6164.996715222794
6058,6622.901638738991
6059,6088.158827070847
6060,5619.922821091158
6061,6508.500037234171
6062,5601.56064447711
6063,6051.857197108013
6064,5437.377290517514
6065,6623.568860510551
6066,5841.357364470846
6067,6016.231836794922
6068,6071.970065134836
6069,6085.09511418685
6070,5834.806856098081
6071,6065.7928863835505
6072,6134.079552466421
6073,6663.858036356328
6074,6621.388943989821
6075,6481.690936924405
6076,6106.845284632337
6077,6135.913192087078
6078,6513.632055615924
6079,6184.280634222735
6080,6124.789111721763
6081,6655.36217278062
6082,6789.304318437801
6083,5520.494021564913
6084,6410.362355680878
6085,6226.469425567422
6086,5479.911971594077
6087,5438.307564573634
6088,6010.838606592052
6089,5524.352929857308
6090,5930.595287657478
6091,6576.263130853705
6092,6111.962124801426
6093,5459.9732670646
6094,5997.350461458177
6095,5623.895706935913
6096,5636.052027539873
6097,6016.4006467747095
6098,6090.596033048818
6099,6174.898369174338
6100,6074.440481742449
6101,6611.650202976285
6102,6051.612711825259
6103,6092.491248360001
6104,6660.730623489184
6105,5523.43611004698
6106,6589.74831914573
6107,6170.680998046828
6108,5401.248831867925
6109,6612.567022786614
6110,5597.692617641776
6111,6641.3705030989595
6112,6060.730332098546
6113,6200.793358122221
6114,6536.980400118946
6115,6766.144450652859
6116,6105.868611812071
6117,5492.995808321835
6118,5566.5603146507665
6119,6586.164449714742
6120,6104.914456985958
6121,5948.241392055219
6122,5568.533419203093
6123,6165.424564467614
6124,6034.123060115118
6125,5488.633269425745
6126,6156.317487685021
6127,6158.517855229808
6128,7110.320107191809
6129,6110.425601359956
6130,5533.684040898596
6131,6043.950523680609
6132,6122.456276023569
6133,6691.169041192077
6134,5979.495937687607
6135,6594.5973545041825
6136,5949.167182290369
6137,6146.354712412789
6138,5536.273296848618
6139,5609.904037254251
6140,6220.275979352271
6141,6578.707983681246
6142,5933.988010095853
6143,7111.909261529711
6144,6227.197768659671
6145,5942.627950902655
6146,6117.948636560661
6147,5430.0737865400515
6148,6717.196498293366
6149,5510.846827442185
6150,6468.715764327261
6151,6139.570245816361
6152,6025.848696704552
6153,5829.3709326572125
6154,6585.256017950865
6155,6069.756492343704
6156,5471.739598710357
6157,6052.40728899421
6158,6052.162803711456
6159,6162.307377112498
6160,6448.860321959912
6161,6260.748260961665
6162,6139.763835290456
6163,6594.546458695522
6164,5974.593663423748
6165,6579.135832926066
6166,6167.074840126204
6167,6019.393407205418
6168,6017.871132310866
6169,6636.414563367173
6170,6085.3527534546165
6171,6170.008663519255
6172,6154.8505759884965
6173,5660.171345854787
6174,6051.368226542505
6175,7109.525530022858
6176,7108.486467571153
6177,5461.652680342893
6178,5904.774191362814
6179,5959.094307189618
6180,6704.921338346999
6181,6206.604996343647
6182,6366.239489746989
6183,6528.487757574478
6184,6567.164107027056
6185,5532.478352750134
6186,7111.175805681449
6187,5901.358195272993
6188,6436.508557514754
6189,5961.416917375783
6190,6190.72860105222
6191,6420.129282225828
6192,5457.513497475645
6193,6846.286563736496
6194,6210.03290305822
6195,6194.554128854425
6196,5511.220259116405
6197,6273.578625550244
6198,6243.145320603366
6199,7130.729515545768
6200,5440.494477872629
6201,6661.097351413315
6202,5768.088937177953
6203,6068.646380792115
6204,6085.178860373962
6205,6745.541452824806
6206,6151.744662620564
6207,5906.362411800235
6208,6634.642045067205
6209,5620.65627693942
6210,5626.5850450462085
6211,6166.830354843451
6212,5653.407079316449
6213,5934.824768319267
6214,6052.375684973886
6215,6191.879870813723
6216,6197.992002882577
6217,5947.538312482264
6218,5629.910121683668
6219,6131.818063600946
6220,6060.295892883324
6221,6441.131943767286
6222,6476.2257904530115
6223,6756.731767266823
6224,5949.849253600329
6225,5388.357345958657
6226,6169.641935595123
6227,6207.037623253974
6228,5656.824760518993
6229,5440.018961552914
6230,5570.282334146002
6231,6041.980396896078
6232,7109.097680778039
6233,6183.862752291496
6234,5526.269257990799
6235,6529.854537626975
6236,6108.7090916246625
6237,5520.196680050487
6238,6479.475900331371
6239,7076.285757080321
6240,6039.89592058105
6241,6569.608158667307
6242,5575.690842647757
6243,6162.429619753875
6244,5578.476498081885
6245,6498.07292679704
6246,6466.812032961096
6247,6779.402664486257
6248,6042.781631728366
6249,6001.330994152503
6250,6580.724987263968
6251,6119.358759431167
6252,6145.351716666117
6253,6042.085255905499
6254,6663.542204240856
6255,6545.04036149389
6256,6069.449010917011
6257,5478.79323725148
6258,6522.775411236621
6259,5968.233321586445
6260,6663.481082920168
6261,6042.79916027038
6262,5467.852020391641
6263,5485.113041975264
6264,5402.640822892101
6265,6127.051649062393
6266,6199.80989884882
6267,6650.233094598798
6268,6635.675994762896
6269,5955.971327352036
6270,6110.369592795282
6271,6686.218214216306
6272,7111.175805681449
6273,5972.729940555962
6274,5638.268171290938
6275,6661.107576925344
6276,6229.030394959965
6277,6730.576954768142
6278,5497.778309342805
6279,6172.106459185377
6280,6037.603703101796
6281,6032.041807829197
6282,6503.004970143591
6283,6682.00595584481
6284,6141.037157512887
6285,5546.602991041791
6286,7111.11468436076
6287,6117.882402483958
6288,6177.526250873438
6289,6018.907564022421
6290,6167.7471746537785
6291,6654.195754931524
6292,5927.700253746869
6293,6168.602873143418
6294,6754.837006325479
6295,6115.243960182322
6296,6248.646239465334
6297,6517.806126523013
6298,6013.6939250324585
6299,5566.1552548220925
6300,6151.183296747184
6301,6047.341689484714
6302,5586.314610767445
6303,6077.026200315287
6304,5449.861378206019
6305,5643.4634835494635
6306,6418.254379019585
6307,5897.353040611795
6308,6661.219594054692
6309,6135.090170227046
6310,7072.924084442451
6311,5985.106530582177
6312,6724.220337416534
6313,6702.349130122066
6314,6451.168687623578
6315,5616.2006073910525
6316,6517.116408363483
6317,6143.881269984108
6318,6695.325290998898
6319,6158.3283816229705
6320,6704.004518536671
6321,6580.358259339837
6322,6467.035995502436
6323,5464.868394935477
6324,6032.989665713082
6325,6580.738152975927
6326,6685.301394405977
6327,6612.620091151358
6328,6458.011653789352
6329,5537.047422993511
6330,6576.324252174393
6331,5682.688033163464
6332,6166.096898995188
6333,6050.268042770111
6334,6580.419380660525
6335,5946.276022480171
6336,6668.014286163148
6337,6652.978441273767
6338,6465.450685609798
6339,5417.9121662078105
6340,5574.261601057522
6341,6008.648609469352
6342,6249.2618926139285
6343,6630.424673939696
6344,7112.39823209522
6345,6052.609609654104
6346,6160.840465415973
6347,5869.456293516866
6348,6154.940354928323
6349,6156.134123722955
6350,6699.894051782495
6351,6765.288752163219
6352,6641.828797128381
6353,6645.093790904946
6354,7112.948323981416
6355,5620.60410961195
6356,6664.341894165822
6357,6581.580685753608
6358,6545.345968097332
6359,6011.953977986425
6360,6134.91520304051
6361,6696.8939943127425
6362,6080.0220445697005
6363,5587.3752404112965
6364,6116.915735340124
6365,6748.791108333327
6366,6084.288326132367
6367,6071.403938352617
6368,5695.291312532848
6369,6063.7274610953145
6370,5590.2690060111545
6371,6703.087698726342
6372,6028.744383894527
6373,6435.286131100983
6374,5936.687573718176
6375,6667.341951635575
6376,6111.894963025497
6377,7108.2419822883985
6378,5904.52970608006
6379,5453.5177865686555
6380,6153.159907446207
6381,6158.145017660905
6382,5594.730862421418
6383,6662.442020468463
6384,6133.28497529747
6385,6168.746613497439
6386,6110.98418367041
6387,5983.62378016102
6388,6547.905715265875
6389,6575.466381128669
6390,6118.153997270468
6391,5989.9228440406305
6392,6123.751097745212
6393,5478.780920288787
6394,5937.314270103163
6395,6427.501889253741
6396,6730.821440050897
6397,6029.037843395825
6398,6598.2748592575235
6399,6601.931912986807
6400,6688.296339119715
6401,6688.545937158484
6402,6676.561045547516
6403,5609.979225324172
6404,6213.267220298698
6405,6068.511378545153
6406,5924.082015947113
6407,6665.046846034082
6408,6065.773678719754
6409,6590.595722421284
6410,7109.281044740104
6411,5411.514285270616
6412,6085.747926069829
6413,6090.2749432672745
6414,6021.384939840434
6415,6779.158179203503
6416,6698.686963636767
6417,7130.790636866456
6418,6663.858036356328
6419,5597.664685814469
6420,5481.50500003239
6421,6705.593672874573
6422,5622.172230077502
6423,6580.358259339837
6424,6252.435761348023
6425,6094.157104544775
6426,6705.532551553884
6427,5992.025999425567
6428,6030.695593866726
6429,7112.275989453843
6430,5612.387515014511
6431,5512.178916161612
6432,5996.964066795754
6433,6509.416857044499
6434,5550.20384520959
6435,6152.181966315191
6436,5541.222723827124
6437,6154.66721202643
6438,5965.913185503427
6439,6133.740243505826
6440,6157.463454510061
6441,5982.0199321053615
6442,7201.426432558352
6443,6048.036071205
6444,6581.152836508788
6445,5608.02212083814
6446,7164.091531129682
6447,7058.198958912527
6448,6433.3804828493585
6449,6688.21476677497
6450,6483.442289854451
6451,6069.611562317547
6452,6079.594195324881
6453,6183.878090559539
6454,6582.230396701039
6455,5855.46322383794
6456,5942.222157579626
6457,5964.304330067426
6458,5542.673987795826
6459,5552.07720030045
6460,5987.545020271155
6461,6186.001998515594
6462,5614.21322545302
6463,6684.906162501844
6464,5495.872103873492
6465,6046.509515402174
6466,6559.582123061748
6467,6111.279064305234
6468,6652.357002554853
6469,5661.061311151749
6470,6132.587335188273
6471,6581.702928394985
6472,6698.106311090226
6473,5582.202259991019
6474,6634.947651670648
6475,5615.016822341604
6476,6760.032318584004
6477,6699.603783447095
6478,5969.380382157029
6479,6130.072964264513
6480,6250.296515123925
6481,5551.066537269435
6482,5878.168532774754
6483,6073.260202839697
6484,6048.030958448985
6485,6062.638954093546
6486,6663.786689523611
6487,6458.618784997491
6488,6598.315466565878
6489,5970.842754746831
6490,5425.5453180840095
6491,6052.774016918341
6492,6542.412144704282
6493,6721.103150061419
6494,5572.263529222139
6495,6580.663865943279
6496,6138.402814646902
6497,6360.79969220571
6498,5987.117171026335
6499,6562.867785306144
6500,6552.217397207453
6501,6243.211554680069
6502,5555.765885392248
6503,6699.848268729849
6504,6175.020611815715
6505,6700.571499066084
6506,5849.9528176629565
6507,6035.94363067041
6508,6659.701786549507
6509,5497.16017107501
6510,5640.407417515036
6511,6238.909730296804
6512,5944.989847819789
6513,5496.207793724066
6514,5508.710984517055
6515,6402.94168025613
6516,5660.205612662109
6517,5614.7364792574535
6518,6015.533781850272
6519,6419.555310386
6520,6496.178165855695
6521,5948.685930270535
6522,6695.997625526472
6523,6036.107188158705
6524,6581.275079150165
6525,6136.550246486968
6526,6563.799494189257
6527,6032.176148277907
6528,6491.98220057867
6529,5888.702996780477
6530,7110.6257137952525
6531,5611.497049260961
6532,5905.568768531765
6533,6513.527634074815
6534,5601.895434787008
6535,5565.055054618095
6536,6599.239634676582
6537,5493.047942786098
6538,5441.066921236738
6539,6695.20304835752
6540,5494.535950873328
6541,5473.26513798476
6542,5587.547700631478
6543,6454.958209506268
6544,5928.7205442962995
6545,5656.179870585682
6546,6564.399484995355
6547,6192.679560738688
6548,6134.30768616077
6549,6048.4003258423445
6550,6042.3815365375885
6551,6581.580685753608
6552,5967.492719345201
6553,6676.8666521509585
6554,6623.563747754537
6555,6240.399973928395
6556,5453.88004710342
6557,6675.8835982639275
6558,5431.277284414544
6559,6497.292211968026
6560,6788.7867392366215
6561,6018.8464427017325
6562,6060.671395060888
6563,6036.954498601894
6564,6622.850742930332
6565,6100.9641611779
6566,6213.81219942888
6567,6640.193859737834
6568,6686.157092895616
6569,5536.884510055503
6570,6210.404553557916
6571,5596.211151962973
6572,5500.529140751925
6573,5575.608154134921
6574,6524.386467857177
6575,6067.321569472069
6576,6473.358155049913
6577,6565.988639333257
6578,6691.84137571965
6579,6609.872571920303
6580,5929.839499970968
6581,6048.197387974354
6582,6587.2423449975
6583,5894.06680082981
6584,6035.323113914716
6585,6652.9070944410505
6586,6632.981543896586
6587,6661.168698246032
6588,6324.728539345315
6589,7166.169656033092
6590,6019.721561458162
6591,6701.620787029817
6592,6580.663865943279
6593,7073.657540290714
6594,5968.2393291784765
6595,5988.962920181271
6596,5952.068888799322
6597,6050.559582624322
6598,5972.319903682331
6599,5867.98550771993
6600,6527.31995615972
6601,6653.212701044493
6602,6568.279629067493
6603,6198.720345974825
6604,5394.892214516317
6605,6164.996715222794
6606,6013.543132324327
6607,6597.673871562667
6608,5568.168400736007
6609,6696.425474771291
6610,6169.214086350304
6611,5939.68818889679
6612,6494.816113168591
6613,5513.852188664761
6614,6010.2273933851675
6615,5319.685091105312
6616,6048.029211634267
6617,6211.433580678042
6618,6049.981727955003
6619,6582.638026673286
6620,6543.695692438741
6621,6136.341041331897
6622,6138.243114032305
6623,7110.442349833186
6624,6013.665374965704
6625,7055.326256840166
6626,6155.75231572923
6627,6521.758799086134
6628,6542.481318980915
6629,6074.1704326796225
6630,6068.157410226607
6631,6681.995730332781
6632,6581.213957829476
6633,6594.838899587006
6634,5622.0098999877855
6635,6038.381779747862
6636,5417.73391500176
6637,6677.218041807047
6638,6139.335986045636
6639,6634.224421334415
6640,5505.94454145138
6641,5419.978165145338
6642,6154.443455180666
6643,6532.087419173426
6644,6468.820623336683
6645,6682.367571012927
6646,5630.394424664
6647,6184.554112215134
6648,5987.496008484746
6649,6095.7462588826775
6650,5631.972675260018
6651,6252.313518706646
6652,5516.050227016461
6653,5524.660245917795
6654,6048.4994779904355
6655,6765.589246010647
6656,6466.471659093741
6657,6124.767209439109
6658,6510.942717505628
6659,5593.2370962115265
6660,6696.792202695422
6661,5447.177814649989
6662,6543.938005165412
6663,6029.822366835073
6664,6648.017388785967
6665,6044.262052956436
6666,6161.9406491883665
6667,5451.504083437054
6668,6534.515096267347
6669,5491.521332809526
6670,6684.995787802534
6671,6072.150153806464
6672,6635.229867050103
6673,6179.844083394095
6674,6666.781634237349
6675,6489.740904538803
6676,6583.427491086222
6677,5503.293366671362
6678,5606.890470252954
6679,5512.189787040288
6680,6531.109478042409
6681,5891.226354560663
6682,6509.3557357238105
6683,6687.562883271453
6684,7076.530242363075
6685,6124.655854108012
6686,5664.0370763602405
6687,6747.079711354048
6688,6068.585259471427
6689,6632.686162805172
6690,6467.598196922912
6691,6599.178513355893
6692,6581.336200470853
6693,7111.725897567646
6694,5611.6003469314555
6695,6174.09766592901
6696,6612.139173541794
6697,6729.665247713829
6698,6580.1748953777715
6699,6137.399626428197
6700,6633.559398565903
6701,6509.966948930696
6702,6226.520321376082
6703,5636.984623556478
6704,6118.811646809364
6705,6240.033246004265
6706,5506.02602096376
6707,5960.561218886143
6708,6107.029916905153
6709,6578.952468964
6710,6126.260801083796
6711,6647.783129015242
6712,6581.45844311223
6713,5978.37602718651
6714,5439.810033810776
6715,6037.384171878554
6716,6594.164392503349
6717,6667.552820182313
6718,5507.434449992465
6719,6128.6397549251415
6720,6173.370336157124
6721,5505.0092639032155
6722,6043.475207556703
6723,6602.787611476447
6724,6171.353332574402
6725,6708.018074678057
6726,5436.4333263737035
6727,6004.653877307932
6728,6438.504063384831
6729,6058.4827042867255
6730,6561.9546321678135
6731,6620.894860668298
6732,6011.763073251951
6733,6140.903547560664
6734,5486.268588945684
6735,5546.782270266971
6736,6655.290825947904
6737,6580.297138019148
6738,5905.018676645568
6739,7112.581596057285
6740,6666.452636409918
6741,6093.789234821828
6742,6381.310085468678
6743,5929.254463047594
6744,6520.289442941611
6745,6105.2478263725225
6746,6011.896581151433
6747,6156.011881081578
6748,5897.233272073564
6749,6118.860343614974
6750,5963.101960298285
6751,5889.3315936193185
6752,6500.1535258035965
6753,5896.914820944889
6754,6510.333676854827
6755,5642.419324773348
6756,6175.387339739846
6757,6166.40250559863
6758,5477.742187753009
6759,6119.375155373487
6760,5866.216863520373
6761,6187.891904899373
6762,5986.19400301245
6763,6446.8433183771895
6764,6141.9539773232145
6765,6651.694893539308
6766,7077.385940852715
6767,5923.52944995777
6768,6075.113555285397
6769,6447.050562292887
6770,6141.502796143328
6771,6087.242007260519
6772,6531.965176532049
6773,5902.663594028775
6774,6544.666285269383
6775,6050.390903650934
6776,6563.799494189257
6777,6703.637790612539
6778,6807.818965850414
6779,6506.116305727318
6780,6079.270764623303
6781,6582.975253728657
6782,6000.964266228371
6783,6613.964760206505
6784,6092.801068178783
6785,7112.3371107745315
6786,6022.354891003783
6787,6517.748879302735
6788,5589.18921329366
6789,5606.847971219824
6790,5580.52965249418
6791,5988.15623347804
6792,6458.750222393629
6793,5630.077914318673
6794,6118.871617602157
6795,5937.452985108875
6796,5954.107295024469
6797,5890.842243004576
6798,6101.8733941290675
6799,6171.108847291648
6800,6103.572075061568
6801,6133.224902451936
6802,6621.8167932346405
6803,6546.927774134858
6804,6214.42852539178
6805,6111.958412042677
6806,6663.358840278791
6807,5998.036939156997
6808,6674.727405926859
6809,7110.686835115941
6810,5608.406232394226
6811,6161.084950698727
6812,6639.460403889571
6813,6007.089109639347
6814,7057.282139102199
6815,6082.930147545675
6816,5987.11652095503
6817,6170.121083757109
6818,6422.838478071226
6819,5522.044873653421
6820,6562.199117450567
6821,5521.752005519301
6822,5619.739457129092
6823,5967.17688722973
6824,5934.934901426364
6825,5881.893059236343
6826,6628.051167944872
6827,5631.994449880578
6828,6185.339889500049
6829,6651.868031989345
6830,6032.961755022036
6831,5691.292072631316
6832,6049.070470095949
6833,6914.538627921538
6834,6523.299149066041
6835,5936.413922657169
6836,6652.42834938757
6837,5958.230830844009
6838,5975.9936956769225
6839,6027.336884061646
6840,6364.650335409087
6841,6064.660735341776
6842,5545.055835280429
6843,5600.836675941862
6844,5607.784648765254
6845,6754.96436172287
6846,6656.3298883996085
6847,7107.936375684956
6848,6067.308809866485
6849,6261.644084345808
6850,5487.343308902526
6851,6743.294525073761
6852,6205.60094603043
6853,6806.208815086327
6854,6250.092154735674
6855,6469.7259340338405
6856,6184.128688919863
6857,6174.959872577136
6858,5821.554913045819
6859,6240.535326425607
6860,6816.472084205987
6861,6203.779670934442
6862,5779.382456857934
6863,6651.3336604533015
6864,5685.814985569379
6865,6262.433548758744
6866,6332.813636767099
6867,6756.315538936505
6868,6136.974101781673
6869,6823.195429481727
6870,6137.4328441899925
6871,6776.559861796371
6872,5758.742629970454
6873,6864.0753675103315
6874,6046.291262829896
6875,6704.2353191523025
6876,6351.955832543399
6877,6070.295517759622
6878,6175.754449746087
6879,6249.241233911542
6880,6688.052252350675
6881,5717.405688645722
6882,6334.953879879956
6883,5619.900115207927
6884,6646.4018245351635
6885,6334.296883620425
6886,6690.694631741
6887,6195.459919552147
6888,6111.371676002472
6889,6736.982982419873
6890,6615.209800690652
6891,6210.41464129204
6892,6232.670843251668
6893,6455.612021710802
6894,6292.5612471021805
6895,6204.206120181997
6896,6056.309762837626
6897,5700.413961494307
6898,7323.490045575769
6899,6669.942974226516
6900,6282.592362185175
6901,6806.876036857886
6902,5622.428269051744
6903,5556.642777029052
6904,6790.689112387452
6905,6703.399813488271
6906,6610.0909480208575
6907,6785.829851516971
6908,6155.003167207606
6909,6284.7988393747355
6910,6256.744153178695
6911,5814.883718665947
6912,5663.909194775206
6913,6288.527239936737
6914,6746.432163452934
6915,6211.68935178479
6916,5743.453345805101
6917,6632.030561948113
6918,5725.091169191053
6919,6175.387721821956
6920,5560.907815231457
6921,6747.099385224494
6922,5964.887889184789
6923,6139.762361508865
6924,6195.500589848778
6925,6208.625638900792
6926,5958.337380812024
6927,6189.323411097494
6928,6257.610077180364
6929,6787.388561070271
6930,6744.919468703763
6931,6605.221461638348
6932,6230.375809346279
6933,6259.44371680102
6934,6637.162580329867
6935,6307.811158936678
6936,6248.319636435706
6937,6778.892697494563
6938,6912.834843151744
6939,5644.024546278856
6940,6533.892880394821
6941,6349.999950281365
6942,5603.442496308019
6943,5561.8380892875775
6944,6134.369131305995
6945,5647.88345457125
6946,6054.1258123714215
6947,6699.793655567648
6948,6235.4926495153695
6949,5583.503791778542
6950,6120.88098617212
6951,5747.426231649856
6952,5759.582552253816
6953,6139.931171488653
6954,6214.126557762761
6955,6298.42889388828
6956,6197.9710064563915
6957,6735.180727690228
6958,6175.143236539202
6959,6216.021773073944
6960,6784.261148203126
6961,5646.966634760922
6962,6713.2788438596735
6963,6294.211522760771
6964,5524.779356581867
6965,6736.097547500556
6966,5721.22314235572
6967,6764.901027812903
6968,6184.260856812489
6969,6324.323882836165
6970,6660.510924832889
6971,6889.674975366801
6972,6229.3991365260135
6973,5616.526333035778
6974,5690.09083936471
6975,6709.694974428684
6976,6228.444981699901
6977,6071.771916769162
6978,5692.063943917036
6979,6288.955089181556
6980,6157.653584829061
6981,5612.163794139688
6982,6279.848012398964
6983,6282.048379943752
6984,7233.850631905752
6985,6233.956126073899
6986,5657.214565612539
6987,6167.481048394552
6988,6245.986800737513
6989,6814.699565906019
6990,6103.026462401549
6991,6718.127879218126
6992,6072.697707004312
6993,6269.885237126732
6994,5659.80382156256
6995,5733.434561968194
6996,6343.806504066214
6997,6702.2385083951895
6998,6057.518534809795
6999,7235.439786243654
7000,6350.728293373613
7001,6066.158475616598
7002,6241.479161274604
7003,5553.604311253994
7004,6840.727023007309
7005,5634.377352156128
7006,6592.246289041204
7007,6263.100770530304
7008,6149.379221418495
7009,5952.901457371156
7010,6708.786542664808
7011,6193.287017057647
7012,5595.2701234243
7013,6175.937813708153
7014,6175.693328425398
7015,6285.837901826441
7016,6572.390846673854
7017,6384.278785675608
7018,6263.294360004398
7019,6718.076983409466
7020,6098.124188137691
7021,6702.666357640009
7022,6290.605364840147
7023,6142.923931919361
7024,6141.4016570248095
7025,6759.945088081116
7026,6208.88327816856
7027,6293.539188233197
7028,6278.381100702439
7029,5783.701870568731
7030,6174.898751256447
7031,7233.056054736801
7032,7232.016992285096
7033,5585.183205056836
7034,6028.304716076757
7035,6082.624831903561
7036,6828.451863060942
7037,6330.135521057589
7038,6489.7700144609325
7039,6652.018282288421
7040,6690.694631741
7041,5656.008877464077
7042,7234.706330395392
7043,6024.888719986936
7044,6560.039082228697
7045,6084.947442089726
7046,6314.259125766163
7047,6543.659806939771
7048,5581.044022189588
7049,6969.817088450438
7050,6333.563427772162
7051,6318.084653568367
7052,5634.750783830348
7053,6397.109150264187
7054,6366.675845317308
7055,7254.26004025971
7056,5564.025002586573
7057,6784.627876127258
7058,242.6148549796717
7059,6192.176905506058
7060,6208.7093850879055
7061,6869.071977538749
7062,6275.275187334506
7063,6029.892936514178
7064,6758.172569781149
7065,5744.186801653364
7066,5750.115569760152
7067,6290.360879557393
7068,5776.937604030392
7069,6058.35529303321
7070,6175.906209687829
7071,6315.410395527666
7072,6321.52252759652
7073,6071.068837196206
7074,5753.440646397611
7075,6255.348588314888
7076,6183.826417597267
7077,6564.662468481229
7078,6599.756315166955
7079,6880.262291980766
7080,6073.379778314271
7081,5511.8878706726
7082,6293.172460309066
7083,6330.568147967917
7084,5780.355285232936
7085,5563.549486266857
7086,5693.812858859945
7087,6165.510921610021
7088,7232.628205491981
7089,6307.393277005438
7090,5649.799782704742
7091,6653.385062340918
7092,6232.239616338606
7093,5643.727204764429
7094,6603.006425045313
7095,7199.816281794264
7096,6163.426445294993
7097,6693.13868338125
7098,5699.221367361699
7099,6285.960144467818
7100,5702.007022795829
7101,6621.603451510982
7102,6590.342557675038
7103,6902.9331892002
7104,6166.312156442309
7105,6124.861518866445
7106,6704.255511977911
7107,6242.88928414511
7108,6268.88224138006
7109,6165.615780619442
7110,6787.0727289547995
7111,6668.570886207832
7112,6192.979535630953
7113,5602.323761965423
7114,6646.305935950564
7115,6091.763846300388
7116,6787.011607634111
7117,6166.329684984323
7118,5591.3825451055845
7119,5608.643566689208
7120,5526.171347606044
7121,6250.582173776336
7122,6323.340423562763
7123,6773.763619312741
7124,6759.206519476839
7125,6079.501852065979
7126,6233.900117509224
7127,6809.748738930248
7128,7234.706330395392
7129,6096.260465269904
7130,5761.79869600488
7131,6784.638101639286
7132,6352.560919673908
7133,6854.107479482085
7134,5621.308834056748
7135,6295.6369838993205
7136,6161.134227815739
7137,6155.572332543139
7138,6626.535494857533
7139,6805.536480558753
7140,6264.567682226829
7141,5670.133515755733
7142,7234.645209074703
7143,6241.412927197901
7144,6301.056775587381
7145,6142.438088736364
7146,6291.277699367722
7147,6777.726279645467
7148,6051.230778460812
7149,6292.13339785736
7150,6878.367531039421
7151,6238.774484896265
7152,6372.176764179277
7153,6641.336651236956
7154,6137.224449746402
7155,5689.685779536036
7156,6274.713821461127
7157,6170.872214198656
7158,5709.845135481387
7159,6200.55672502923
7160,5573.391902919962
7161,5766.994008263407
7162,6541.784903733528
7163,6020.883565325737
7164,6784.750118768635
7165,6258.620694940988
7166,7196.454609156394
7167,6108.63705529612
7168,6847.750862130477
7169,6825.879654836008
7170,6574.699212337521
7171,5739.731132104996
7172,6640.646933077426
7173,6267.411794698051
7174,6818.855815712841
7175,6281.858906336914
7176,6827.535043250613
7177,6703.88878405378
7178,6590.566520216379
7179,5588.39891964942
7180,6156.520190427025
7181,6704.26867768987
7182,6808.83191911992
7183,6736.1506158653
7184,6581.542178503295
7185,5660.577947707454
7186,6699.854776888336
7187,5806.218557877406
7188,6289.62742370913
7189,6173.798567484054
7190,6703.9499053744685
7191,6069.806547194114
7192,6791.544810877092
7193,6776.50896598771
7194,6588.98121032374
7195,5541.442690921754
7196,5697.792125771465
7197,6132.179134183295
7198,6372.792417327872
7199,6753.955198653639
7200,7235.928756809162
7201,6176.140134368047
7202,6284.370990129916
7203,5992.986818230809
7204,6278.4708796422665
7205,6279.6646484368985
7206,6823.424576496438
7207,6888.819276877162
7208,6765.359321842325
7209,6768.624315618888
7210,7236.478848695359
7211,5744.134634325892
7212,6787.872418879765
7213,6705.11121046755
7214,6668.876492811275
7215,6135.4845027003685
7216,6258.4457277544525
7217,6820.424519026685
7218,6203.552569283644
7219,5710.905765125239
7220,6240.446260054067
7221,6872.321633047271
7222,6207.81885084631
7223,6194.934463066559
7224,5818.821837246791
7225,6187.257985809258
7226,5713.799530725098
7227,6826.618223440285
7228,6152.27490860847
7229,6558.816655814926
7230,6060.218098432119
7231,6790.8724763495175
7232,6235.4254877394405
7233,7231.772507002342
7234,6028.060230794003
7235,5577.048311282599
7236,6276.6904321601505
7237,6281.675542374847
7238,5718.2613871353615
7239,6785.972545182405
7240,6256.815500011413
7241,6292.277138211382
7242,6234.514708384352
7243,6107.154304874963
7244,6671.436239979817
7245,6698.996905842612
7246,6241.684521984411
7247,6113.453368754574
7248,6247.281622459155
7249,5602.31144500273
7250,6060.844794817106
7251,6551.032413967684
7252,6854.351964764839
7253,6152.568368109767
7254,6721.805383971467
7255,6725.46243770075
7256,6811.8268638336585
7257,6812.076461872427
7258,6800.091570261458
7259,5733.509750038115
7260,6336.797745012641
7261,6192.041903259096
7262,6047.612540661056
7263,6788.577370748025
7264,6189.304203433697
7265,6714.1262471352275
7266,7232.811569454047
7267,5535.044809984559
7268,6209.278450783771
7269,6213.805467981218
7270,6144.915464554377
7271,6902.688703917446
7272,6822.2174883507105
7273,7254.321161580399
7274,6787.388561070271
7275,5721.195210528411
7276,5605.035524746333
7277,6829.124197588515
7278,5745.702754791445
7279,6703.88878405378
7280,6375.9662860619665
7281,6217.6876292587185
7282,6829.063076267827
7283,6115.55652413951
7284,6154.226118580668
7285,7235.806514167785
7286,5735.9180397284545
7287,5635.709440875555
7288,6120.494591509697
7289,6632.947381758442
7290,5673.734369923533
7291,6275.712491029133
7292,5664.7532485410675
7293,6278.197736740373
7294,6089.443710217369
7295,6257.270768219768
7296,6280.993979224003
7297,6105.550456819304
7298,7324.956957272294
7299,6171.566595918942
7300,6704.683361222731
7301,5731.552645552082
7302,7287.622055843624
7303,7181.72948362647
7304,6556.911007563302
7305,6811.745291488913
7306,6606.972814568393
7307,6193.14208703149
7308,6203.124720038823
7309,6307.408615273482
7310,6705.760921414983
7311,5978.993748551883
7312,6065.752682293568
7313,6087.834854781369
7314,5666.204512509769
7315,5675.6077250143935
7316,6111.075544985098
7317,6309.532523229537
7318,5737.743750166963
7319,6808.436687215786
7320,5619.402628587435
7321,6170.040040116117
7322,6683.112647775691
7323,6234.809589019177
7324,6775.8875272687965
7325,5784.591835865692
7326,6256.117859902216
7327,6705.233453108927
7328,6821.636835804169
7329,5705.732784704961
7330,6758.478176384591
7331,5738.547347055547
7332,6883.562843297947
7333,6823.1343081610385
7334,6092.910906870971
7335,6253.603488978456
7336,6373.827039837867
7337,5674.597061983378
7338,6001.699057488697
7339,6196.79072755364
7340,6171.561483162928
7341,6186.169478807489
7342,6787.317214237553
7343,6582.1493097114335
7344,6721.845991279821
7345,6094.373279460774
7346,5549.075842797952
7347,6176.304541632284
7348,6665.942669418225
7349,6844.633674775361
7350,5695.7940539360825
7351,6704.194390657222
7352,6261.933339360845
7353,6484.330216919652
7354,6110.647695740278
7355,6686.398310020087
7356,6675.7479219213965
7357,6366.742079394011
7358,5679.296410106191
7359,6823.378793443792
7360,6298.551136529657
7361,6824.102023780026
7362,5973.483342376899
7363,6159.474155384353
7364,6783.23231126345
7365,5620.690695788953
7366,5763.937942228979
7367,6362.440255010747
7368,6068.520372533732
7369,5619.738318438009
7370,5632.241509230998
7371,6526.472204970072
7372,5783.736137376052
7373,5738.267003971397
7374,6139.064306564215
7375,6543.085835099943
7376,6619.708690569638
7377,6072.216454984478
7378,6819.528150240414
7379,6159.637712872648
7380,6704.805603864108
7381,6260.08077120091
7382,6687.3300189032
7383,6155.70667299185
7384,6615.512725292613
7385,6012.2335214944205
7386,7234.156238509195
7387,5735.027573974904
7388,6029.099293245708
7389,6637.058158788757
7390,5725.425959500951
7391,5688.585579332038
7392,6722.770159390524
7393,5616.578467500041
7394,5564.5974459506815
7395,6818.733573071463
7396,5618.066475587271
7397,5596.795662698703
7398,5711.078225345421
7399,6578.488734220211
7400,6052.251069010243
7401,5779.710395299625
7402,6687.930009709298
7403,6316.210085452632
7404,6257.838210874713
7405,6171.930850556288
7406,6165.912061251532
7407,6705.11121046755
7408,6091.023244059144
7409,6800.397176864901
7410,6747.094272468479
7411,6363.9304986423385
7412,5577.410571817363
7413,6799.414122977871
7414,5554.807809128486
7415,6620.822736681969
7416,6912.317263950565
7417,6142.376967415676
7418,6184.2019197748305
7419,6160.485023315836
7420,6746.381267644275
7421,6224.494685891843
7422,6337.3427241428235
7423,6763.724384451777
7424,6809.687617609559
7425,5660.415034769446
7426,6333.935078271859
7427,5719.7416766769165
7428,5624.0596654658675
7429,5699.1386788488635
7430,6647.916992571119
7431,6190.8520941860115
7432,6596.888679763855
7433,6689.5191640472
7434,6815.3719004335935
7435,6733.403096634246
7436,6053.370024684911
7437,6171.727912688296
7438,6710.7728697114435
7439,6017.597325543753
7440,6158.853638628659
7441,6776.437619154994
7442,6756.512068610529
7443,6784.699222959975
7444,6448.259064059257
7445,7289.700180747035
7446,6143.252086172105
7447,6825.15131174376
7448,6704.194390657222
7449,7197.188065004657
7450,6091.76985389242
7451,6112.4934448952135
7452,6075.599413513265
7453,6174.090107338265
7454,6095.850428396274
7455,5991.516032433873
7456,6650.8504808736625
7457,6776.743225758436
7458,6691.810153781436
7459,6322.250870688768
7460,5518.42273923026
7461,6288.527239936737
7462,6137.0736570382705
7463,6721.20439627661
7464,5691.69892544995
7465,6819.955999485234
7466,6292.744611064246
7467,6063.218713610733
7468,6618.346637882534
7469,5637.3827133787045
7470,6133.75791809911
7471,5443.215615819255
7472,6171.559736348209
7473,6334.964105391984
7474,6173.5122526689465
7475,6706.168551387229
7476,6667.2262171526845
7477,6259.87156604584
7478,6261.773638746248
7479,7233.972874547129
7480,6137.1958996796475
7481,7178.856781554109
7482,6279.282840443173
7483,6645.289323800077
7484,6666.011843694858
7485,6197.700957393566
7486,6191.68793494055
7487,6805.526255046724
7488,6704.7444825434195
7489,6718.3694243009495
7490,5745.540424701729
7491,6161.912304461805
7492,5541.264439715702
7493,6800.74856652099
7494,6262.866510759579
7495,6757.754946048357
7496,5629.475066165323
7497,5543.508689859281
7498,6277.973979894609
7499,6655.617943887369
7500,6592.351148050626
7501,6805.89809572687
7502,5753.9249493779425
7503,6308.0846369290775
7504,6111.026533198688
7505,6219.276783596621
7506,5755.503199973961
7507,6375.8440434205895
7508,5639.580751730404
7509,5648.190770631738
7510,6172.030002704379
7511,6889.11977072459
7512,6590.002183807685
7513,6248.297734153052
7514,6634.473242219571
7515,5716.76762092547
7516,6820.322727409365
7517,5570.708339363932
7518,6667.468529879354
7519,6153.352891549015
7520,6771.54791349991
7521,6167.792577670378
7522,6285.47117390231
7523,5575.034608150996
7524,6658.04562098129
7525,5615.051857523468
7526,6808.526312516477
7527,6195.680678520406
7528,6758.760391764046
7529,6303.374608108038
7530,6790.312158951292
7531,6613.271429252746
7532,6706.958015800166
7533,5626.823891385305
7534,5730.4209949668975
7535,5635.72031175423
7536,6654.640002756352
7537,6014.756879274606
7538,6632.886260437754
7539,6811.093407985396
7540,7200.060767077018
7541,6248.186378821955
7542,5787.567601074184
7543,6870.6102360679915
7544,6192.115784185369
7545,6756.216687519115
7546,6591.128721636855
7547,6722.7090380698355
7548,6704.866725184796
7549,7235.256422281589
7550,5735.130871645399
7551,6297.628190642953
7552,6735.669698255737
7553,6853.195772427772
7554,6703.705420091715
7555,6260.93015114214
7556,6757.0899232798465
7557,6633.497473644638
7558,6350.0508460900255
7559,5760.515148270421
7560,6242.342171523306
7561,6363.563770718207
7562,5629.556545677703
7563,6084.091743600086
7564,6230.560441619096
7565,6702.482993677943
7566,6249.791325797738
7567,6771.313653729185
7568,6704.988967826173
7569,6101.906551900453
7570,5563.340558524719
7571,6160.9146965924965
7572,6717.694917217292
7573,6791.083344896255
7574,5630.964974706408
7575,6252.170279639084
7576,6296.9008608710665
7577,5628.539788617159
7578,6167.005732270646
7579,6726.31813619039
7580,6294.883857288345
7581,6831.548599391999
7582,5559.963851087647
7583,6128.184402021875
7584,6562.034588098774
7585,6182.013229000669
7586,6685.485156881757
7587,6744.425385382241
7588,6135.293597965894
7589,6264.4340722746065
7590,5609.799113659627
7591,5670.312794980914
7592,6778.821350661847
7593,6703.8276627330915
7594,6028.549201359511
7595,7236.112120771228
7596,6789.9831611238615
7597,6217.319759535771
7598,6504.840610182621
7599,6052.784987761537
7600,6643.819967655554
7601,6228.778351086465
7602,6135.427105865376
7603,6279.5424057955215
7604,6020.763796787507
7605,6242.390868328917
7606,6086.632485012227
7607,6012.862118333262
7608,6623.684050517539
7609,6020.445345658832
7610,6633.86420156877
7611,5765.9498494872905
7612,6298.917864453789
7613,6289.9330303125735
7614,5601.272712466952
7615,6242.9056800874305
7616,5989.7473882343165
7617,6311.422429613316
7618,6109.724527726393
7619,6570.373843091133
7620,6265.484502037157
7621,6775.2254182532515
7622,7200.916465566657
7623,6047.0599746717135
7624,6198.64407999934
7625,6570.581087006829
7626,6265.033320857271
7627,6210.772531974462
7628,6655.495701245992
7629,6026.194118742718
7630,6668.196809983325
7631,6173.921428364876
7632,6687.3300189032
7633,6827.168315326482
7634,6931.349490564357
7635,6629.64683044126
7636,6202.801289337246
7637,6706.5057784426
7638,6124.4947909423145
7639,6737.495284920448
7640,6216.331592892726
7641,7235.867635488474
7642,6145.885415717727
7643,6641.279404016678
7644,5712.719738007603
7645,5730.378495933767
7646,5704.060177208123
7647,6111.686758191983
7648,6582.280747107572
7649,5753.608439032616
7650,6242.4021423161
7651,6060.983509822817
7652,6077.637819738412
7653,6014.372767718519
7654,6225.403918843011
7655,6294.639372005591
7656,6227.1025997755105
7657,6256.755427165878
7658,6745.347317948584
7659,6670.458298848801
7660,6337.959050105723
7661,6235.48893675662
7662,6786.889364992734
7663,6121.56746387094
7664,6798.257930640802
7665,7234.217359829883
7666,5731.936757108169
7667,6284.61547541267
7668,6762.9909286035145
7669,6130.619634353289
7670,7180.812663816142
7671,6206.460672259618
7672,6110.647045668973
7673,6293.651608471052
7674,6546.369002785169
7675,5645.575398367364
7676,6685.729642164511
7677,5645.282530233244
7678,5743.269981843035
7679,6090.707411943673
7680,6058.4654261403075
7681,6005.423583950286
7682,6751.581692658815
7683,5755.524974594521
7684,6308.870414213992
7685,6775.398556703289
7686,6156.4922797359795
7687,5814.822597345258
7688,6172.600994809892
7689,7038.06915263548
7690,6646.829673779984
7691,6059.944447371112
7692,6775.958874101514
7693,6081.761355557952
7694,6099.524220390866
7695,6150.867408775588
7696,6488.1808601230305
7697,6188.191260055718
7698,5668.586359994371
7699,5724.367200655805
7700,5731.315173479197
7701,6878.4948864368125
7702,6779.860413113552
7703,7231.466900398899
7704,6190.839334580427
7705,6385.174609059751
7706,5610.873833616469
7707,6866.825049787704
7708,6329.1314707443735
7709,6929.73933980027
7710,6373.622679449616
7711,6593.256458747784
7712,6307.659213633806
7713,6298.490397291079
7714,5945.0854377597625
7715,6364.06585113955
7716,6940.002608919931
7717,6327.310195648385
7718,5902.912981571877
7719,6774.864185167245
7720,5809.345510283322
7721,6385.964073472687
7722,6456.344161481042
7723,6879.846063650448
7724,6260.504626495616
7725,6946.72595419567
7726,6260.963368903936
7727,6900.090386510314
7728,5882.273154684397
7729,6987.605892224275
7730,6169.8217875438395
7731,6827.765843866246
7732,6475.486357257341
7733,6193.826042473565
7734,6299.28497446003
7735,6372.771758625484
7736,6811.582777064617
7737,5840.936213359664
7738,6458.484404593899
7739,5743.43063992187
7740,6769.932349249107
7741,6457.827408334368
7742,6814.225156454942
7743,6318.99044426609
7744,6234.902200716415
7745,6860.513507133816
7746,6738.740325404595
7747,6333.945166005984
7748,6356.20136796561
7749,6579.142546424746
7750,6416.091771816124
7751,6327.73664489594
7752,6179.840287551569
7753,5823.94448620825
7754,7447.020570289712
7755,6793.473498940459
7756,6406.122886899118
7757,6930.40656157183
7758,5745.958793765687
7759,5680.173301742995
7760,6914.219637101395
7761,6826.930338202214
7762,6733.621472734801
7763,6909.360376230914
7764,6278.533691921549
7765,6408.329364088679
7766,6380.2746778926385
7767,5938.41424337989
7768,5787.439719489148
7769,6412.05776465068
7770,6869.962688166877
7771,6335.219876498733
7772,5866.983870519043
7773,6755.561086662056
7774,5848.6216939049955
7775,6298.918246535899
7776,5684.4383399454
7777,6870.629909938437
7778,6088.418413898732
7779,6263.292886222808
7780,6319.031114562721
7781,6332.156163614735
7782,6081.867905525967
7783,6312.853935811436
7784,6381.140601894307
7785,6910.919085784214
7786,6868.449993417707
7787,6728.751986352291
7788,6353.906334060222
7789,6382.974241514963
7790,6760.69310504381
7791,6431.341683650621
7792,6371.850161149649
7793,6902.423222208507
7794,7036.3653678656865
7795,5767.555070992799
7796,6657.423405108764
7797,6473.530474995308
7798,5726.973021021962
7799,5685.368614001521
7800,6257.899656019938
7801,5771.413979285193
7802,6177.656337085365
7803,6823.32418028159
7804,6359.023174229313
7805,5707.034316492485
7806,6244.411510886063
7807,5870.956756363798
7808,5883.113076967759
7809,6263.461696202596
7810,6337.657082476704
7811,6421.959418602223
7812,6321.501531170335
7813,6858.711252404171
7814,6298.673761253145
7815,6339.552297787886
7816,6907.791672917069
7817,5770.497159474865
7818,6836.809368573617
7819,6417.742047474714
7820,5648.309881295811
7821,6859.628072214499
7822,5844.753667069663
7823,6888.431552526845
7824,6307.791381526432
7825,6447.854407550107
7826,6784.041449546832
7827,7013.205500080745
7828,6352.929661239957
7829,5740.0568577497215
7830,5813.621364078652
7831,6833.225499142627
7832,6351.975506413844
7833,6195.302441483105
7834,5815.5944686309795
7835,6412.485613895499
7836,6281.1841095430045
7837,5735.694318853632
7838,6403.378537112907
7839,6405.578904657695
7840,7357.3811566196955
7841,6357.486650787841
7842,5780.745090326483
7843,6291.011573108495
7844,6369.517325451456
7845,6938.2300906199625
7846,6226.556987115492
7847,6841.658403932069
7848,6196.228231718255
7849,6393.415761840675
7850,5783.334346276503
7851,5856.965086682138
7852,6467.337028780157
7853,6825.769033109133
7854,6181.049059523738
7855,7358.970310957598
7856,6474.258818087556
7857,6189.689000330541
7858,6365.009685988547
7859,5677.134835967937
7860,6964.257547721252
7861,5757.907876870071
7862,6715.7768137551475
7863,6386.631295244247
7864,6272.909746132438
7865,6076.431982085099
7866,6832.317067378751
7867,6316.81754177159
7868,5718.800648138244
7869,6299.468338422095
7870,6299.223853139341
7871,6409.3684265403845
7872,6695.921371387797
7873,6507.809310389551
7874,6386.824884718341
7875,6841.6075081234085
7876,6221.654712851634
7877,6826.196882353952
7878,6414.135889554091
7879,6266.454456633304
7880,6264.932181738753
7881,6883.475612795059
7882,6332.413802882503
7883,6417.06971294714
7884,6401.911625416382
7885,5907.232395282674
7886,6298.42927597039
7887,7356.5865794507445
7888,7355.547516999039
7889,5708.7137297707795
7890,6151.8352407907
7891,6206.155356617504
7892,6951.982387774884
7893,6453.6660457715325
7894,6613.300539174876
7895,6775.548807002364
7896,6814.225156454942
7897,5779.539402178019
7898,7358.236855109335
7899,6148.419244700879
7900,6683.56960694264
7901,6208.477966803669
7902,6437.7896504801065
7903,6667.190331653715
7904,5704.574546903531
7905,7093.347613164381
7906,6457.093952486105
7907,6441.615178282311
7908,5758.281308544291
7909,6520.63967497813
7910,6490.206370031251
7911,7377.790564973653
7912,5687.555527300516
7913,6908.158400841201
7914,366.1453796936148
7915,6315.707430220001
7916,6332.239909801849
7917,6992.602502252692
7918,6398.80571204845
7919,6153.423461228121
7920,6881.703094495091
7921,5867.717326367306
7922,5873.646094474095
7923,6413.891404271336
7924,5900.468128744335
7925,6181.885817747153
7926,6299.436734401772
7927,6438.940920241609
7928,6445.053052310463
7929,6194.599361910149
7930,5876.971171111554
7931,6378.879113028831
7932,6307.356942311209
7933,6688.192993195172
7934,6723.286839880898
7935,7003.7928166947095
7936,6196.910303028214
7937,5635.418395386543
7938,6416.702985023008
7939,6454.09867268186
7940,5903.885809946879
7941,5687.0800109808
7942,5817.343383573888
7943,6289.041446323964
7944,7356.158730205924
7945,6430.923801719381
7946,5773.330307418684
7947,6776.915587054861
7948,6355.770141052548
7949,5767.257729478372
7950,6726.5369497592565
7951,7323.346806508207
7952,6286.956970008936
7953,6816.669208095193
7954,5822.751892075642
7955,6409.490669181761
7956,5825.537547509772
7957,6745.133976224925
7958,6713.873082388981
7959,7026.463713914143
7960,6289.842681156252
7961,6248.392043580388
7962,6827.786036691854
7963,6366.419808859053
7964,6392.412766094003
7965,6289.146305333385
7966,6910.603253668743
7967,6792.101410921775
7968,6316.510060344896
7969,5725.854286679366
7970,6769.836460664507
7971,6215.29437101433
7972,6910.542132348054
7973,6289.860209698266
7974,5714.913069819528
7975,5732.174091403151
7976,5649.701872319987
7977,6374.112698490279
7978,6446.870948276706
7979,6897.294144026684
7980,6882.737044190782
7981,6203.032376779921
7982,6357.4306422231675
7983,6933.279263644191
7984,7358.236855109335
7985,6219.790989983847
7986,5885.329220718823
7987,6908.168626353229
7988,6476.09144438785
7989,6977.638004196028
7990,5744.8393587706905
7991,6419.167508613264
7992,6284.664752529682
7993,6279.102857257082
7994,6750.066019571476
7995,6929.067005272696
7996,6388.098206940772
7997,5793.664040469676
7998,7358.1757337886465
7999,6364.943451911844
8000,6424.587300301324
8001,6265.968613450307
8002,6414.808224081664
8003,6901.25680435941
8004,6174.761303174755
8005,6415.663922571303
8006,7001.898055753365
8007,6362.305009610208
8008,6495.70728889322
8009,6764.867175950899
8010,6260.754974460344
8011,5813.216304249979
8012,6398.24434617507
8013,6294.4027389125995
8014,5833.37566019533
8015,6324.087249743173
8016,5696.9224276339055
8017,5890.52453297735
8018,6665.315428447471
8019,6144.414090039681
8020,6908.280643482578
8021,6382.151219654932
8022,7319.985133870337
8023,6232.167580010063
8024,6971.28138684442
8025,6949.410179549951
8026,6698.229737051464
8027,5863.261656818939
8028,6764.177457791369
8029,6390.9423194119945
8030,6942.386340426783
8031,6405.389431050856
8032,6951.065567964556
8033,6827.419308767723
8034,6714.097044930322
8035,5711.929444363363
8036,6280.050715140968
8037,6827.799202403813
8038,6932.362443833863
8039,6859.681140579243
8040,6705.072703217238
8041,5784.108472421397
8042,6823.385301602279
8043,5929.749082591349
8044,6413.157948423073
8045,6297.329092197997
8046,6827.480430088412
8047,6193.337071908057
8048,6915.075335591035
8049,6900.039490701653
8050,6712.511735037683
8051,5664.973215635697
8052,5821.322650485408
8053,6255.709658897238
8054,6496.322942041815
8055,6877.485723367582
8056,7359.459281523105
8057,6299.67065908199
8058,6407.901514843859
8059,6116.517342944752
8060,6402.00140435621
8061,6403.195173150842
8062,6946.955101210381
8063,7012.349801591105
8064,6888.889846556267
8065,6892.154840332832
8066,7360.0093734093025
8067,5867.665159039835
8068,6911.402943593708
8069,6828.6417351814935
8070,6792.407017525218
8071,6259.015027414312
8072,6381.976252468396
8073,6943.955043740628
8074,6327.083093997587
8075,5834.436289839182
8076,6363.9767847680105
8077,6995.852157761214
8078,6331.349375560253
8079,6318.464987780502
8080,5942.352361960734
8081,6310.788510523201
8082,5837.330055439041
8083,6950.148748154228
8084,6275.805433322413
8085,6682.347180528869
8086,6183.7486231460625
8087,6914.403001063461
8088,6358.956012453384
8089,7355.303031716285
8090,6151.590755507946
8091,5700.578835996542
8092,6400.220956874093
8093,6405.20606708879
8094,5841.791911849305
8095,6909.503069896349
8096,6380.346024725356
8097,6415.807662925325
8098,6358.045233098295
8099,6230.684829588905
8100,6794.9667646937605
8101,6822.527430556555
8102,6365.215046698353
8103,6236.983893468517
8104,6370.812147173097
8105,5725.841969716673
8106,6184.375319531049
8107,6674.562938681627
8108,6977.882489478782
8109,6276.09889282371
8110,6845.33590868541
8111,6848.9929624146935
8112,6935.357388547602
8113,6935.60698658637
8114,6923.6220949754015
8115,5857.040274752058
8116,6460.328269726584
8117,6315.572427973039
8118,6171.143065374999
8119,6912.107895461968
8120,6312.83472814764
8121,6837.656771849171
8122,7356.342094167991
8123,5658.575334698501
8124,6332.8089754977145
8125,6337.335992695161
8126,6268.44598926832
8127,7026.219228631389
8128,6945.748013064653
8129,7377.851686294342
8130,6910.919085784214
8131,5844.725735242354
8132,5728.566049460275
8133,6952.654722302458
8134,5869.233279505388
8135,6827.419308767723
8136,6499.49681077591
8137,6341.218153972662
8138,6952.59360098177
8139,6239.087048853453
8140,6277.756643294611
8141,7359.337038881728
8142,5859.448564442398
8143,5759.239965589498
8144,6244.02511622364
8145,6756.477906472384
8146,5797.264894637477
8147,6399.243015743076
8148,5788.283773255011
8149,6401.728261454316
8150,6212.974234931312
8151,6380.801292933711
8152,6404.524503937946
8153,6229.080981533247
8154,7448.487481986237
8155,6295.097120632885
8156,6828.213885936673
8157,5855.083170266025
8158,7411.1525805575675
8159,7305.260008340413
8160,6680.441532277244
8161,6935.275816202855
8162,6730.503339282336
8163,6316.672611745433
8164,6326.6552447527665
8165,6430.939139987424
8166,6829.291446128926
8167,6102.524273265826
8168,6189.283207007511
8169,6211.3653794953125
8170,5789.735037223712
8171,5799.138249728337
8172,6234.606069699041
8173,6433.06304794348
8174,5861.274274880905
8175,6931.967211929729
8176,5742.933153301378
8177,6293.570564830059
8178,6806.643172489634
8179,6358.34011373312
8180,6899.41805198274
8181,5908.122360579635
8182,6379.648384616159
8183,6828.763977822871
8184,6945.167360518112
8185,5829.263309418904
8186,6882.008701098534
8187,5862.07787176949
8188,7007.093368011891
8189,6946.664832874982
8190,6216.441431584914
8191,6377.134013692399
8192,6497.35756455181
8193,5798.127586697321
8194,6125.22958220264
8195,6320.321252267582
8196,6295.09200787687
8197,6309.700003521431
8198,6910.8477389514965
8199,6705.679834425377
8200,6845.376515993763
8201,6217.903804174717
8202,5672.606367511895
8203,6299.835066346227
8204,6789.473194132168
8205,6968.164199489304
8206,5819.324578650025
8207,6827.7249153711655
8208,6385.463864074788
8209,6607.860741633595
8210,6234.178220454221
8211,6809.92883473403
8212,6799.278446635339
8213,6490.272604107954
8214,5802.826934820134
8215,6946.9093181577355
8216,6422.0816612436
8217,6947.632548493969
8218,6097.013867090842
8219,6283.004680098296
8220,6906.7628359773935
8221,5744.221220502896
8222,5887.4684669429225
8223,6485.97077972469
8224,6192.0508972476755
8225,5743.268843151952
8226,5755.7720339449415
8227,6650.002729684015
8228,5907.266662089995
8229,5861.79752868534
8230,6262.594831278158
8231,6666.616359813886
8232,6743.239215283581
8233,6195.7469796984215
8234,6943.058674954357
8235,6283.168237586591
8236,6828.336128578051
8237,6383.611295914853
8238,6810.860543617143
8239,6279.237197705793
8240,6739.043250006556
8241,6135.764046208363
8242,7357.686763223138
8243,5858.558098688847
8244,6152.629817959651
8245,6760.5886835027
8246,5848.956484214894
8247,5812.116104045981
8248,6846.300684104468
8249,5740.1089922139845
8250,5688.127970664625
8251,6942.264097785406
8252,5741.597000301214
8253,5720.3261874126465
8254,5834.608750059364
8255,6702.019258934153
8256,6175.781593724186
8257,5903.240920013567
8258,6811.4605344232405
8259,6439.740610166575
8260,6381.368735588656
8261,6295.461375270231
8262,6289.442585965475
8263,6828.6417351814935
8264,6214.5537687730875
8265,6923.927701578845
8266,6870.624797182422
8267,6487.461023356282
8268,5700.941096531306
8269,6922.944647691813
8270,5678.338333842429
8271,6744.353261395912
8272,7035.847788664508
8273,6265.907492129619
8274,6307.732444488774
8275,6284.015548029779
8276,6869.911792358217
8277,6348.025210605786
8278,6460.873248856766
8279,6887.25490916572
8280,6933.218142323502
8281,5783.945559483389
8282,6457.4656029858015
8283,5843.27220139086
8284,5747.590190179811
8285,5822.669203562807
8286,6771.4475172850625
8287,6314.382618899955
8288,6720.419204477799
8289,6813.0496887611425
8290,6938.902425147537
8291,6856.933621348189
8292,6176.900549398853
8293,6295.258437402239
8294,6834.303394425387
8295,6141.127850257695
8296,6282.384163342601
8297,6899.968143868937
8298,6880.042593324472
8299,6908.229747673918
8300,6571.7895887732
8301,7413.230705460978
8302,6266.782610886048
8303,6948.681836457703
8304,6827.7249153711655
8305,7320.718589718599
8306,6215.300378606362
8307,6236.023969609157
8308,6199.129938227208
8309,6297.620632052207
8310,6219.380953110217
8311,6115.046557147816
8312,6774.381005587606
8313,6900.273750472379
8314,6815.3406784953795
8315,6445.7813954027115
8316,5641.953263944202
8317,6412.05776465068
8318,6260.604181752214
8319,6844.734920990553
8320,5815.229450163893
8321,6943.486524199177
8322,6416.275135778189
8323,6186.749238324676
8324,6741.877162596477
8325,5760.913238092648
8326,6257.288442813053
8327,5566.746140533198
8328,6295.090261062152
8329,6458.494630105927
8330,6297.04277738289
8331,6829.699076101172
8332,6790.756741866628
8333,6383.402090759783
8334,6385.304163460191
8335,7357.503399261072
8336,6260.726424393591
8337,7302.387306268052
8338,6402.813365157116
8339,6768.81984851402
8340,6789.542368408801
8341,6321.231482107509
8342,6315.218459654493
8343,6929.056779760667
8344,6828.275007257363
8345,6841.899949014893
8346,5869.070949415672
8347,6285.442829175749
8348,5664.794964429645
8349,6924.279091234932
8350,6386.397035473521
8351,6881.285470762301
8352,5753.0055908792665
8353,5667.039214573224
8354,6401.504504608552
8355,6779.148468601312
8356,6715.881672764569
8357,6929.428620440813
8358,5877.455474091886
8359,6431.615161643021
8360,6234.5570579126315
8361,6342.807308310564
8362,5879.0337246879035
8363,6499.374568134532
8364,5763.111276444347
8365,5771.721295345681
8366,6295.560527418322
8367,7012.650295438533
8368,6713.532708521627
8369,6371.828258866995
8370,6758.003766933514
8371,5840.298145639413
8372,6943.853252123308
8373,5694.238864077875
8374,6790.999054593298
8375,6276.883416262958
8376,6895.078438213854
8377,6291.323102384322
8378,6409.001698616253
8379,5698.565132864939
8380,6781.576145695233
8381,5738.582382237411
8382,6932.056837230421
8383,6319.211203234349
8384,6882.2909164779885
8385,6426.905132821981
8386,6913.842683665235
8387,6736.801953966689
8388,6830.4885405141085
8389,5750.354416099248
8390,5853.95151968084
8391,5759.2508364681735
8392,6778.170527470295
8393,6138.287403988549
8394,6756.416785151696
8395,6934.623932699339
8396,7323.591291790961
8397,6371.716903535898
8398,5911.098125788127
8399,6994.140760781935
8400,6315.646308899312
8401,6879.747212233058
8402,6714.659246350798
8403,6846.23956278378
8404,6828.39724989874
8405,7358.786946995531
8406,5858.661396359341
8407,6421.158715356896
8408,6859.20022296968
8409,6976.726297141715
8410,6827.235944805658
8411,6384.460675856083
8412,6880.62044799379
8413,6757.0279983585815
8414,6473.581370803968
8415,5884.0456729843645
8416,6365.872696237249
8417,6487.09429543215
8418,5753.087070391646
8419,6207.6222683140295
8420,6354.090966333039
8421,6826.0135183918865
8422,6373.321850511681
8423,6894.844178443128
8424,6828.5194925401165
8425,6225.437076614397
8426,5686.871083238662
8427,6284.44522130644
8428,6841.225441931235
8429,6914.613869610199
8430,5754.495499420351
8431,6375.700804353027
8432,6420.43138558501
8433,5752.070313331102
8434,6290.536256984589
8435,6849.848660904333
8436,6418.414382002288
8437,6955.079124105942
8438,5683.494375801589
8439,6251.714926735818
8440,6685.565112812717
8441,6305.543753714611
8442,6809.0156815957
8443,6867.955910096184
8444,6258.824122679837
8445,6387.96459698855
8446,5733.329638373571
8447,5793.843319694857
8448,6902.351875375789
8449,6827.358187447035
8450,6152.079726073454
8451,7359.642645485172
8452,6913.513685837805
8453,6340.850284249714
8454,6628.371134896564
8455,6176.31551247548
8456,6767.350492369496
8457,6352.308875800408
8458,6258.957630579318
8459,6403.072930509465
8460,6144.29432150145
8461,6365.9213930428605
8462,6210.1630097261705
8463,6136.392643047204
8464,6747.214575231482
8465,6143.975870372774
8466,6757.394726282713
8467,5889.480374201234
8468,6422.448389167732
8469,6413.463555026516
8470,5724.803237180895
8471,6366.436204801374
8472,6113.27791294826
8473,6434.952954327259
8474,6233.255052440336
8475,6693.904367805076
8476,6389.0150267511
8477,6898.755942967195
8478,7324.4469902806
8479,6170.590499385657
8480,6322.174604713283
8481,6694.111611720772
8482,6388.563845571214
8483,6334.3030566884045
8484,6779.026225959935
8485,6149.724643456661
8486,6791.727334697268
8487,6297.451953078819
8488,6810.860543617143
8489,6950.698840040425
8490,7054.880015278301
8491,6753.177355155203
8492,6326.331814051189
8493,6830.036303156543
8494,6248.025315656258
8495,6861.025809634391
8496,6339.862117606668
8497,7359.398160202417
8498,6269.41594043167
8499,6764.809928730621
8500,5836.250262721546
8501,5853.90902064771
8502,5827.590701922066
8503,6235.217282905926
8504,6705.811271821515
8505,5877.138963746559
8506,6365.932667030043
8507,6184.51403453676
8508,6201.168344452354
8509,6137.903292432462
8510,6348.934443556954
8511,6418.169896719533
8512,6350.633124489454
8513,6380.285951879821
8514,6868.877842662527
8515,6793.988823562744
8516,6461.489574819666
8517,6359.019461470563
8518,6910.419889706676
8519,6245.097988584883
8520,6921.788455354746
8521,7357.747884543826
8522,5855.467281822112
8523,6408.146000126613
8524,6886.521453317458
8525,6254.150159067232
8526,7304.343188530085
8527,6329.99119697356
8528,6234.177570382916
8529,6417.182133184995
8530,6669.899527499112
8531,5769.105923081306
8532,6809.260166878454
8533,5768.813054947187
8534,5866.800506556978
8535,6214.237936657616
8536,6181.995950854251
8537,6128.954108664229
8538,6875.112217372758
8539,5879.055499308464
8540,6432.4009389279345
8541,6898.929081417231
8542,6280.022804449922
8543,5938.353122059201
8544,6296.131519523835
8545,7161.5996773494235
8546,6770.360198493927
8547,6183.474972085055
8548,6899.489398815456
8549,6205.291880271894
8550,6223.054745104809
8551,6274.397933489531
8552,6611.711384836974
8553,6311.721784769661
8554,5792.1168847083145
8555,5847.8977253697485
8556,5854.84569819314
8557,7002.025411150756
8558,6903.390937827495
8559,7354.997425112842
8560,6314.36985929437
8561,6508.705133773694
8562,5734.404358330412
8563,6990.355574501647
8564,6452.661995458317
8565,7053.269864514213
8566,6497.153204163559
8567,6716.786983461727
8568,6431.189738347749
8569,6422.020922005022
8570,6068.615962473706
8571,6487.596375853494
8572,7063.533133633873
8573,6450.840720362328
8574,6026.443506285819
8575,6898.394709881188
8576,5932.876034997265
8577,6509.49459818663
8578,6579.874686194984
8579,7003.37658836439
8580,6384.0351512095585
8581,7070.256478909612
8582,6384.493893617879
8583,7023.620911224256
8584,6005.803679398339
8585,7111.136416938218
8586,6293.352312257782
8587,6951.296368580188
8588,6599.016881971284
8589,6317.356567187508
8590,6422.815499173973
8591,6496.302283339428
8592,6935.113301778561
8593,5964.466738073607
8594,6582.014929307841
8595,5866.9611646358135
8596,6893.46287396305
8597,6581.357933048311
8598,6937.7556811688855
8599,6442.520968980033
8600,6358.432725430357
8601,6984.0440318477595
8602,6862.270850118538
8603,6457.475690719926
8604,6479.731892679553
8605,6702.673071138688
8606,6539.622296530066
8607,6451.267169609883
8608,6303.3708122655125
8609,5947.475010922193
8610,7570.551095003655
8611,6917.004023654401
8612,6529.6534116130615
8613,7053.937086285772
8614,5869.48931847963
8615,5803.703826456937
8616,7037.750161815338
8617,6950.460862916158
8618,6857.151997448744
8619,7032.890900944857
8620,6402.064216635492
8621,6531.859888802622
8622,6503.805202606582
8623,6061.944768093833
8624,5910.970244203091
8625,6535.588289364623
8626,6993.4932128808205
8627,6458.750401212676
8628,5990.514395232986
8629,6879.0916113759995
8630,5972.152218618939
8631,6422.448771249842
8632,5807.968864659343
8633,6994.16043465238
8634,6211.948938612674
8635,6386.823410936751
8636,6442.561639276664
8637,6455.686688328678
8638,6205.39843023991
8639,6436.384460525379
8640,6504.671126608249
8641,7034.449610498157
8642,6991.98051813165
8643,6852.282511066234
8644,6477.436858774166
8645,6506.504766228906
8646,6884.223629757753
8647,6554.872208364564
8648,6495.380685863592
8649,7025.95374692245
8650,7159.89589257963
8651,5891.085595706742
8652,6780.953929822707
8653,6597.0609997092515
8654,5850.503545735905
8655,5808.899138715464
8656,6381.430180733882
8657,5894.944503999136
8658,6301.186861799308
8659,6946.854704995534
8660,6482.553698943255
8661,5830.564841206428
8662,6367.942035600006
8663,5994.4872810777415
8664,6006.6436016817015
8665,6386.992220916539
8666,6461.187607190647
8667,6545.489943316166
8668,6445.032055884278
8669,6982.241777118114
8670,6422.204285967087
8671,6463.0828225018295
8672,7031.322197631012
8673,5894.027684188808
8674,6960.339893287559
8675,6541.272572188657
8676,5771.840406009754
8677,6983.158596928442
8678,5968.284191783605
8679,7011.962077240788
8680,6431.321906240375
8681,6571.38493226405
8682,6907.571974260775
8683,7136.736024794687
8684,6476.4601859539
8685,5863.587382463665
8686,5937.151888792595
8687,6956.75602385657
8688,6475.5060311277875
8689,6318.832966197048
8690,5939.124993344923
8691,6536.016138609442
8692,6404.714634256948
8693,5859.224843567574
8694,6526.90906182685
8695,6529.109429371638
8696,7480.911681333639
8697,6481.017175501785
8698,5904.275615040426
8699,6414.542097822437
8700,6493.047850165399
8701,7061.760615333906
8702,6350.087511829435
8703,6965.188928646012
8704,6319.758756432198
8705,6516.9462865546175
8706,5906.864870990446
8707,5980.49561139608
8708,6590.8675534941
8709,6949.299557823075
8710,6304.579584237681
8711,7482.500835671541
8712,6597.7893428014995
8713,6313.219525044484
8714,6488.540210702489
8715,5800.66536068188
8716,7087.788072435195
8717,5881.438401584013
8718,6839.307338469091
8719,6510.16181995819
8720,6396.44027084638
8721,6199.962506799041
8722,6955.847592092694
8723,6440.348066485532
8724,5842.331172852186
8725,6422.998863136038
8726,6422.7543778532845
8727,6532.898951254327
8728,6819.45189610174
8729,6631.339835103494
8730,6510.355409432284
8731,6965.138032837352
8732,6345.185237565577
8733,6949.727407067895
8734,6537.666414268033
8735,6389.9849813472465
8736,6388.462706452695
8737,7007.006137509002
8738,6455.944327596445
8739,6540.600237661083
8740,6525.442150130325
8741,6030.762919996617
8742,6421.9598006843335
8743,7480.117104164687
8744,7479.078041712982
8745,5832.244254484723
8746,6275.365765504643
8747,6329.6858813314475
8748,7075.512912488827
8749,6577.196570485476
8750,6736.831063888819
8751,6899.079331716306
8752,6937.7556811688855
8753,5903.0699268919625
8754,7481.767379823277
8755,6271.949769414822
8756,6807.1001316565835
8757,6332.008491517612
8758,6561.320175194049
8759,6790.720856367657
8760,5828.105071617473
8761,7216.878137878324
8762,6580.624477200048
8763,6565.145702996253
8764,5881.8118332582335
8765,6644.170199692073
8766,6613.736894745194
8767,7501.321089687596
8768,5811.086052014459
8769,7031.688925555143
8770,489.67590440755794
8771,6439.237954933944
8772,6455.770434515791
8773,7116.133026966635
8774,6522.336236762392
8775,6276.953985942064
8776,7005.233619209034
8777,5991.247851081249
8778,5997.176619188038
8779,6537.421928985279
8780,6023.998653458278
8781,6305.416342461096
8782,6422.967259115714
8783,6562.471444955552
8784,6568.583577024406
8785,6318.129886624092
8786,6000.501695825497
8787,6502.409637742774
8788,6430.887467025153
8789,6811.723517909115
8790,6846.817364594841
8791,7127.323341408652
8792,6320.440827742157
8793,5758.948920100486
8794,6540.233509736951
8795,6577.629197395803
8796,6027.416334660822
8797,5810.610535694743
8798,5940.873908287831
8799,6412.571971037907
8800,7479.689254919867
8801,6554.454326433324
8802,5896.860832132627
8803,6900.446111768804
8804,6479.300665766491
8805,5890.788254192315
8806,6850.0674744732
8807,7446.877331222149
8808,6410.487494722878
8809,6940.199732809137
8810,5946.282416789585
8811,6533.021193895704
8812,5949.068072223714
8813,6868.6645009388685
8814,6837.403607102924
8815,7149.994238628086
8816,6413.373205870195
8817,6371.9225682943315
8818,6951.316561405797
8819,6489.950333572996
8820,6515.943290807946
8821,6412.676830047328
8822,7034.133778382686
8823,6915.631935635718
8824,6440.0405850588395
8825,5849.384811393309
8826,6893.36698537845
8827,6338.824895728273
8828,7034.072657061997
8829,6413.390734412208
8830,5838.44359453347
8831,5855.704616117093
8832,5773.232397033929
8833,6497.6432232042225
8834,6570.4014729906485
8835,7020.824668740626
8836,7006.2675689047255
8837,6326.562901493864
8838,6480.961166937111
8839,7056.809788358134
8840,7481.767379823277
8841,6343.32151469779
8842,6008.859745432766
8843,7031.699151067172
8844,6599.621969101793
8845,7101.168528909971
8846,5868.369883484634
8847,6542.698033327207
8848,6408.195277243624
8849,6402.633381971025
8850,6873.596544285419
8851,7052.597529986639
8852,6511.628731654715
8853,5917.1945651836195
8854,7481.706258502589
8855,6488.473976625786
8856,6548.117825015266
8857,6389.49913816425
8858,6538.338748795607
8859,7024.787329073353
8860,6298.291827888697
8861,6539.1944472852465
8862,7125.428580467307
8863,6485.835534324151
8864,6619.237813607163
8865,6888.397700664842
8866,6384.285499174287
8867,5936.746828963921
8868,6521.774870889012
8869,6417.933263626543
8870,5956.906184909273
8871,6447.617774457116
8872,5820.452952347849
8873,6014.055057691292
8874,6788.845953161414
8875,6267.944614753624
8876,7031.811168196521
8877,6505.681744368874
8878,7443.51565858428
8879,6355.698104724006
8880,7094.811911558363
8881,7072.940704263894
8882,6821.7602617654065
8883,5986.792181532881
8884,6887.7079825053115
8885,6514.472844125938
8886,7065.916865140726
8887,6528.919955764799
8888,7074.596092678499
8889,6950.949833481665
8890,6837.627569644264
8891,5835.459969077306
8892,6403.5812398549115
8893,6951.329727117756
8894,7055.892968547806
8895,6983.211665293186
8896,6828.603227931181
8897,5907.63899713534
8898,6946.915826316223
8899,6053.279607305292
8900,6536.688473137016
8901,6420.85961691194
8902,6951.010954802354
8903,6316.867596622
8904,7038.605860304978
8905,7023.570015415597
8906,6836.042259751626
8907,5788.503740349639
8908,5944.853175199351
8909,6379.24018361118
8910,6619.853466755758
8911,7001.016248081525
8912,7482.9898062370485
8913,6423.201183795933
8914,6531.4320395578015
8915,6240.047867658695
8916,6525.531929070152
8917,6526.725697864784
8918,7070.485625924324
8919,7135.880326305048
8920,7012.42037127021
8921,7015.685365046775
8922,7483.539898123246
8923,5991.195683753778
8924,7034.93346830765
8925,6952.172259895437
8926,6915.93754223916
8927,6382.545552128255
8928,6505.506777182339
8929,7067.485568454571
8930,6450.61361871153
8931,5957.966814553125
8932,6487.507309481953
8933,7119.382682475156
8934,6454.879900274196
8935,6441.995512494445
8936,6065.882886674677
8937,6434.319035237144
8938,5960.860580152984
8939,7073.679272868171
8940,6399.335958036356
8941,6805.877705242812
8942,6307.279147860006
8943,7037.933525777404
8944,6482.486537167327
8945,7478.833556430228
8946,6275.121280221889
8947,5824.109360710485
8948,6523.751481588036
8949,6528.7365918027335
8950,5965.322436563247
8951,7033.033594610291
8952,6503.876549439299
8953,6539.338187639268
8954,6481.575757812238
8955,6354.215354302848
8956,6918.497289407704
8957,6946.0579552704985
8958,6488.745571412296
8959,6360.51441818246
8960,6494.3426718870405
8961,5849.372494430616
8962,6307.905844244992
8963,6798.09346339557
8964,7101.413014192725
8965,6399.629417537653
8966,6968.866433399353
8967,6972.523487128637
8968,7058.887913261544
8969,7059.137511300312
8970,7047.152619689345
8971,5980.570799466001
8972,6583.858794440526
8973,6439.1029526869825
8974,6294.673590088943
8975,7035.638420175911
8976,6436.365252861582
8977,6961.187296563114
8978,7479.872618881933
8979,5782.105859412444
8980,6456.339500211658
8981,6460.866517409103
8982,6391.976513982263
8983,7149.749753345332
8984,7069.278537778596
8985,7501.382211008285
8986,7034.449610498157
8987,5968.256259956297
8988,5852.096574174218
8989,7076.185247016401
8990,5992.763804219331
8991,6950.949833481665
8992,6623.027335489853
8993,6464.748678686605
8994,7076.124125695713
8995,6362.617573567396
8996,6401.2871680085545
8997,7482.8675635956715
8998,5982.979089156341
8999,5882.77049030344
9000,6367.555640937583
9001,6880.0084311863275
9002,5920.79541935142
9003,6522.773540457019
9004,5911.814297968953
9005,6525.25878616826
9006,6336.504759645255
9007,6504.331817647654
9008,6528.055028651889
9009,6352.61150624719
9010,7572.01800670018
9011,6418.627645346828
9012,6951.744410650617
9013,5978.613694979968
9014,7534.683105271511
9015,7428.790533054356
9016,6803.972056991187
9017,7058.806340916798
9018,6854.033863996279
9019,6440.203136459376
9020,6450.18576946671
9021,6554.469664701368
9022,6952.821970842869
9023,6226.054797979768
9024,6312.813731721454
9025,6334.895904209256
9026,5913.265561937656
9027,5922.668774442279
9028,6358.136594412984
9029,6556.5935726574235
9030,5984.804799594848
9031,7055.497736643672
9032,5866.463678015321
9033,6417.101089544002
9034,6930.173697203576
9035,6481.870638447062
9036,7022.948576696683
9037,6031.652885293578
9038,6503.178909330102
9039,6952.2945025368135
9040,7068.697885232055
9041,5952.793834132847
9042,7005.5392258124775
9043,5985.608396483432
9044,7130.623892725833
9045,7070.195357588924
9046,6339.971956298858
9047,6500.664538406341
9048,6620.8880892657535
9049,5921.658111411264
9050,6248.760106916583
9051,6443.851776981525
9052,6418.6225325908135
9053,6433.230528235375
9054,7034.37826366544
9055,6829.21035913932
9056,6968.907040707706
9057,6341.434328888659
9058,5796.136892225838
9059,6423.36559106017
9060,6913.00371884611
9061,7091.6947242032475
9062,5942.855103363968
9063,6951.255440085109
9064,6508.994388788731
9065,6731.3912663475385
9066,6357.708745168164
9067,6933.459359447973
9068,6922.808971349282
9069,6613.803128821897
9070,5926.357459534076
9071,7070.439842871679
9072,6545.612185957543
9073,7071.163073207912
9074,6220.544391804785
9075,6406.535204812239
9076,7030.293360691336
9077,5867.7517452168395
9078,6010.998991656866
9079,6609.501304438632
9080,6315.581421961619
9081,5866.799367865894
9082,5879.302558658884
9083,6773.533254397958
9084,6030.7971868039385
9085,5985.328053399282
9086,6386.125355992101
9087,6790.146884527829
9088,6866.769739997524
9089,6319.277504412365
9090,7066.5891996683
9091,6406.698762300533
9092,6951.866653291994
9093,6507.141820628796
9094,6934.391068331086
9095,6402.767722419736
9096,6862.573774720499
9097,6259.294570922306
9098,7481.217287937081
9099,5982.088623402789
9100,6276.160342673594
9101,6884.1192082166435
9102,5972.487008928837
9103,5935.646628759923
9104,6969.83120881841
9105,5863.639516927928
9106,5811.658495378568
9107,7065.794622499349
9108,5865.1275250151575
9109,5843.85671212659
9110,5958.139274773306
9111,6825.549783648096
9112,6299.312118438129
9113,6026.77144472751
9114,6934.9910591371845
9115,6563.271134880517
9116,6504.899260302599
9117,6418.991899984174
9118,6412.973110679417
9119,6952.172259895437
9120,6338.08429348703
9121,7047.458226292787
9122,6994.155321896365
9123,6610.991548070224
9124,5824.471621245249
9125,7046.475172405756
9126,5801.868858556372
9127,6867.883786109855
9128,7159.378313378451
9129,6389.438016843562
9130,6431.262969202717
9131,6407.546072743722
9132,6993.44231707216
9133,6471.555735319729
9134,6584.403773570709
9135,7010.785433879662
9136,7056.748667037446
9137,5907.476084197332
9138,6580.996127699746
9139,5966.802726104802
9140,5871.120714893754
9141,5946.19972827675
9142,6894.978041999006
9143,6437.913143613898
9144,6843.949729191741
9145,6936.580213475087
9146,7062.43294986148
9147,6980.464146062132
9148,6300.4310741127965
9149,6418.788962116182
9150,6957.83391913933
9151,6264.658374971638
9152,6405.914688056544
9153,7023.498668582879
9154,7003.5731180384155
9155,7031.760272387861
9156,6695.320113487143
9157,7536.761230174921
9158,6390.31313559999
9159,7072.212361171646
9160,6951.255440085109
9161,7444.249114432542
9162,6338.830903320305
9163,6359.5544943231
9164,6322.66046294115
9165,6421.15115676615
9166,6342.91147782416
9167,6238.577081861759
9168,6897.911530301549
9169,7023.804275186322
9170,6938.871203209323
9171,6569.311920116654
9172,5765.483788658145
9173,6535.588289364623
9174,6384.134706466157
9175,6968.265445704496
9176,5938.759974877836
9177,7067.01704891312
9178,6539.805660492132
9179,6310.279763038619
9180,6865.40768731042
9181,5884.443762806591
9182,6380.818967526996
9183,5690.27666524714
9184,6418.6207857760955
9185,6582.02515481987
9186,6420.573302096833
9187,6953.229600815115
9188,6914.28726658057
9189,6506.932615473726
9190,6508.8346881741345
9191,7481.033923975016
9192,6384.256949107534
9193,7425.9178309819945
9194,6526.343889871059
9195,6892.350373227963
9196,6913.072893122744
9197,6444.762006821451
9198,6438.748984368435
9199,7052.58730447461
9200,6951.805531971306
9201,6965.430473728836
9202,5992.601474129615
9203,6408.973353889692
9204,5788.325489143588
9205,7047.809615948875
9206,6509.927560187464
9207,7004.815995476243
9208,5876.53611559321
9209,5790.569739287166
9210,6525.035029322496
9211,6902.678993315255
9212,6839.412197478512
9213,7052.959145154756
9214,6000.985998805829
9215,6555.145686356964
9216,6358.087582626575
9217,6466.337833024507
9218,6002.564249401847
9219,6622.905092848475
9220,5886.64180115829
9221,5895.251820059624
9222,6419.091052132264
9223,7136.180820152476
9224,6837.06323323557
9225,6495.358783580938
9226,6881.534291647457
9227,5963.828670353355
9228,7067.383776837251
9229,5817.7693887918185
9230,6914.52957930724
9231,6400.413940976901
9232,7018.608962927796
9233,6414.853627098264
9234,6532.532223330196
9235,5822.095657578882
9236,6905.106670409176
9237,5862.1129069513545
9238,7055.587361944363
9239,6442.7417279482925
9240,7005.8214411919325
9241,6550.435657535923
9242,7037.373208379178
9243,6860.3324786806315
9244,6954.019065228052
9245,5873.88494081319
9246,5977.482044394783
9247,5882.781361182117
9248,6901.7010521842385
9249,6261.817928702492
9250,6879.947309865639
9251,7058.154457413282
9252,7447.121816504904
9253,6495.247428249841
9254,6034.62865050207
9255,7117.671285495877
9256,6439.176833613255
9257,7003.277736947001
9258,6838.189771064741
9259,6969.770087497722
9260,6951.927774612683
9261,7482.317471709474
9262,5982.191921073284
9263,6544.689240070838
9264,6982.730747683623
9265,7100.256821855657
9266,6950.7664695196
9267,6507.991200570026
9268,7004.150972707733
9269,6880.558523072525
9270,6597.111895517911
9271,6007.576197698307
9272,6489.403220951192
9273,6610.624820146093
9274,5876.617595105589
9275,6331.152793027973
9276,6477.621491046983
9277,6949.544043105829
9278,6496.852375225624
9279,7018.374703157071
9280,6952.05001725406
9281,6348.96760132834
9282,5810.401607952605
9283,6407.975746020383
9284,6964.755966645177
9285,7038.144394324141
9286,5878.026024134294
9287,6499.23132906697
9288,6543.961910298953
9289,5875.600838045044
9290,6414.0667816985315
9291,6973.379185618276
9292,6541.944906716231
9293,7078.6096488198855
9294,5807.024900515532
9295,6375.24545144976
9296,6809.0956375266605
9297,6429.074278428554
9298,6932.546206309642
9299,6991.486434810127
9300,6382.3546473937795
9301,6511.495121702493
9302,5856.860163087514
9303,5917.3738444088
9304,7025.882400089732
9305,6950.888712160977
9306,6275.6102507873975
9307,7483.173170199114
9308,7037.044210551747
9309,6464.380808963657
9310,6751.901659610507
9311,6299.8460371894225
9312,6890.8810170834395
9313,6475.839400514351
9314,6382.488155293261
9315,6526.603455223407
9316,6267.824846215392
9317,6489.451917756804
9318,6333.693534440114
9319,6259.923167761147
9320,6870.745099945425
9321,6267.506395086717
9322,6880.925250996655
9323,6013.010898915177
9324,6545.978913881674
9325,6536.994079740459
9326,5848.333761894838
9327,6489.966729515317
9328,6236.808437662203
9329,6558.483479041202
9330,6356.785577154278
9331,6817.434892519019
9332,6512.545551465043
9333,7022.286467681137
9334,7447.9775149945435
9335,6294.121024099599
9336,6445.705129427226
9337,6817.642136434715
9338,6512.094370285156
9339,6457.833581402348
9340,6902.556750673878
9341,6273.255168170604
9342,6915.257859411211
9343,6420.982477792762
9344,6934.391068331086
9345,7074.229364754368
9346,7178.410539992243
9347,6876.707879869146
9348,6449.862338765131
9349,6953.566827870486
9350,6371.555840370201
9351,6984.556334348334
9352,6463.392642320611
9353,7482.92868491636
9354,6392.946465145612
9355,6888.3404534445635
9356,5959.780787435489
9357,5977.4395453616535
9358,5951.121226636008
9359,6358.7478076198695
9360,6829.341796535458
9361,6000.669488460502
9362,6489.4631917439865
9363,6308.044559250703
9364,6324.698869166297
9365,6261.433817146405
9366,6472.464968270897
9367,6541.700421433477
9368,6474.163649203397
9369,6503.8164765937645
9370,6992.40836737647
9371,6917.519348276687
9372,6585.020099533609
9373,6482.5499861845055
9374,7033.950414420619
9375,6368.628513298826
9376,7045.318980068689
9377,7481.278409257769
9378,5978.997806536056
9379,6531.676524840556
9380,7010.051978031401
9381,6377.6806837811755
9382,7427.873713244028
9383,6453.5217216875035
9384,6357.708095096859
9385,6540.712657898938
9386,6793.430052213054
9387,5892.636447795249
9388,6932.790691592396
9389,5892.343579661129
9390,5990.331031270921
9391,6337.768461371558
9392,6305.526475568194
9393,6252.4846333781725
9394,6998.6427420867
9395,6002.586024022407
9396,6555.931463641878
9397,7022.459606131174
9398,6403.553329163865
9399,6061.883646773144
9400,6419.662044237777
9401,7285.130202063367
9402,6893.890723207869
9403,6307.005496798998
9404,7023.019923529399
9405,6328.822404985837
9406,6346.585269818752
9407,6397.928458203474
9408,6735.241909550917
9409,6435.252309483604
9410,5915.647409422258
9411,5971.428250083692
9412,5978.3762229070835
9413,7125.555935864699
9414,7026.921462541438
9415,7478.527949826785
9416,6437.900384008313
9417,184.62428760347302
9418,0.0
9419,666.2747283314266
9420,128.58114928809573
9421,729.1890183439918
9422,173.0723579933392
9423,392.7061372915059
9424,107.10889217752901
9425,97.94007583480197
9426,0.0
9427,163.5155296832727
9428,739.4522874636523
9429,126.75987419210742
9430,0.0
9431,574.3138637109678
9432,0.0
9433,185.4137520164095
9434,255.793840024764
9435,679.2957421941701
9436,59.95430503933858
9437,746.1756327393914
9438,60.413047447657846
9439,699.540065054035
9440,0.0
9441,787.0555707679969
9442,0.0
9443,627.2155224099679
9444,274.93603580106446
9445,0.0
9446,98.73465300375301
9447,172.2214371692071
9448,611.0324556083397
9449,0.0
9450,257.9340831376212
9451,0.0
9452,569.3820277928298
9453,257.2770868780899
9454,613.6748349986656
9455,118.44012280981224
9456,34.35187926013714
9457,659.9631856775386
9458,538.190003948318
9459,133.39484454970534
9460,155.65104650933336
9461,378.59222496846814
9462,215.54145035984584
9463,127.18632343966328
9464,0.0
9465,0.0
9466,1246.470248833435
9467,592.923177484181
9468,205.57256544284064
9469,729.8562401155514
9470,0.0
9471,0.0
9472,713.6693156451174
9473,626.3800167459367
9474,533.0711512785228
9475,708.8100547746362
9476,77.98337046527104
9477,207.7790426324009
9478,179.72435643636072
9479,0.0
9480,0.0
9481,211.50744319440219
9482,669.4123667105996
9483,134.6695550424547
9484,0.0
9485,555.0107652057795
9486,0.0
9487,98.36792507962127
9488,0.0
9489,670.0795884821582
9490,0.0
9491,62.74256476653045
9492,118.48079310644334
9493,131.60584215845756
9494,0.0
9495,112.30361435515897
9496,180.59028043802937
9497,710.3687643279363
9498,667.8996719614297
9499,528.2016648960134
9500,153.3560126039456
9501,182.42392005868624
9502,560.142783587532
9503,230.7913621943435
9504,171.29983969337172
9505,701.8729007522297
9506,835.8150464094097
9507,0.0
9508,6105.877690564711
9509,272.98015353903065
9510,0.0
9511,0.0
9512,57.349334563661614
9513,0.0
9514,0.0
9515,622.7738588253123
9516,158.4728527730349
9517,0.0
9518,43.861189429785554
9519,0.0
9520,0.0
9521,62.91137474631796
9522,137.10676102042635
9523,221.40909714594545
9524,120.95120971405686
9525,658.1609309478936
9526,98.12343979686739
9527,139.0019763316086
9528,707.2413514607915
9529,0.0
9530,636.259047117338
9531,217.19172601843638
9532,0.0
9533,659.0777507582216
9534,0.0
9535,687.8812310705671
9536,107.24106007015507
9537,247.30408609382903
9538,583.4911280905544
9539,812.6551786244663
9540,152.37933978367982
9541,0.0
9542,0.0
9543,632.6751776863493
9544,151.42518495756667
9545,0.0
9546,0.0
9547,211.93529243922148
9548,80.63378808672587
9549,0.0
9550,202.82821565662925
9551,205.02858320141604
9552,1156.8308351634169
9553,156.9363293315646
9554,0.0
9555,90.46125165221747
9556,168.96700399517795
9557,737.6797691636848
9558,26.006665659214377
9559,641.1080824757901
9560,0.0
9561,192.8654403843966
9562,0.0
9563,0.0
9564,266.78670732387945
9565,625.2187116528539
9566,0.0
9567,1158.419989501319
9568,273.70849663127865
9569,0.0
9570,164.45936453226932
9571,0.0
9572,763.7072262649745
9573,0.0
9574,515.2264922988697
9575,186.08097378796901
9576,5721.364031588385
9577,0.0
9578,631.7667459224731
9579,116.26722031531153
9580,0.0
9581,98.91801696581842
9582,98.67353168306454
9583,208.8181050841058
9584,495.37104993152025
9585,307.25898893327394
9586,186.27456326206448
9587,641.0571866671316
9588,21.104391395356288
9589,625.6465608976741
9590,213.58556809781203
9591,65.90413517702655
9592,64.38186028247492
9593,682.9252913387818
9594,131.86348142622592
9595,216.5193914908623
9596,201.36130396010412
9597,0.0
9598,97.8789545141135
9599,1156.0362579944658
9600,1154.997195542761
9601,0.0
9602,0.0
9603,5.605035161226624
9604,751.4320663186063
9605,253.11572431525565
9606,412.7502177185979
9607,574.9984855460862
9608,613.6748349986656
9609,0.0
9610,1157.6865336530564
9611,0.0
9612,483.0192854863626
9613,7.9276453473912625
9614,237.23932902382967
9615,466.6400101974359
9616,0.0
9617,6541.801898620328
9618,5905.548237942052
9619,241.06485682603216
9620,0.0
9621,320.089353521852
9622,289.6560485749742
9623,1177.2402435173753
9624,0.0
9625,707.6080793849223
9626,5463.604272061786
9627,115.15710876372304
9628,131.68958834557088
9629,792.0521807964142
9630,198.25539059217135
9631,0.0
9632,681.1527730388143
9633,0.0
9634,0.0
9635,213.34108281505814
9636,0.0
9637,0.0
9638,98.88641294549325
9639,238.39059878533135
9640,244.50273085418485
9641,0.0
9642,0.0
9643,178.3287915725541
9644,106.80662085493168
9645,6136.6472786511185
9646,522.73651842462
9647,803.2424952384308
9648,0.0
9649,0.0
9650,216.15266356673055
9651,253.54835122558234
9652,0.0
9653,0.0
9654,0.0
9655,5737.49573177991
9656,1155.6084087496465
9657,230.37348026310337
9658,0.0
9659,576.3652655985834
9660,155.219819596271
9661,0.0
9662,525.9866283029787
9663,1122.7964850519293
9664,86.40664855265823
9665,616.1188866389157
9666,0.0
9667,208.94034772548275
9668,0.0
9669,544.5836547686476
9670,513.3227609327041
9671,825.9133924578655
9672,89.29235969997444
9673,5696.846329036335
9674,627.2357152355762
9675,165.86948740277512
9676,191.86244463772618
9677,88.59598387710685
9678,710.0529322124639
9679,591.5510894654981
9680,115.95973888861863
9681,0.0
9682,569.2861392082295
9683,14.744049558052211
9684,709.9918108917755
9685,89.30988824198812
9686,0.0
9687,0.0
9688,0.0
9689,173.56237703400075
9690,5895.325233732653
9691,696.7438225704054
9692,682.1867227345047
9693,2.4820553236431806
9694,156.88032076688978
9695,732.7289421879132
9696,1157.6865336530564
9697,19.24066852756914
9698,0.0
9699,707.6183048969524
9700,275.5411229315732
9701,777.0876827397506
9702,0.0
9703,218.6171871569859
9704,84.11443107340438
9705,78.55253580080443
9706,549.5156981151995
9707,728.5166838164178
9708,187.54788548449415
9709,0.0
9710,1157.625412332368
9711,164.39313045556628
9712,224.03697884504618
9713,65.41829199402946
9714,214.25790262538612
9715,700.7064829031324
9716,0.0
9717,215.11360111502563
9718,801.3477342970864
9719,161.75468815393015
9720,295.156967436943
9721,564.3168544946211
9722,60.20465300406704
9723,0.0
9724,197.6940247187913
9725,93.85241745632175
9726,0.0
9727,123.53692828689509
9728,0.0
9729,0.0
9730,464.76510699119353
9731,0.0
9732,707.7303220262993
9733,181.60089819865425
9734,1119.4348124140597
9735,31.617258553785177
9736,770.7310653881423
9737,748.8598580936732
9738,497.6794155951857
9739,0.0
9740,563.6271363350916
9741,190.39199795571676
9742,741.8360189705054
9743,204.83910959457808
9744,750.5152465082783
9745,626.8689873114445
9746,513.5467234740445
9747,0.0
9748,79.50039368469061
9749,627.2488809475353
9750,731.8121223775843
9751,659.1308191229655
9752,6153.526988673185
9753,0.0
9754,622.8349801460008
9755,0.0
9756,212.60762696679558
9757,96.7787707417192
9758,626.9301086321329
9759,0.0
9760,714.5250141347569
9761,699.4891692453757
9762,511.9614135814063
9763,0.0
9764,0.0
9765,55.15933744096037
9766,5944.7772274977615
9767,676.9354019113043
9768,1158.9089600668276
9769,99.12033762571264
9770,207.35119338758068
9771,0.0
9772,201.45108289993095
9773,202.64485169456293
9774,746.4047797541034
9775,811.7994801348268
9776,688.3395250999902
9777,691.6045188765547
9778,1159.4590519530238
9779,0.0
9780,710.8526221374295
9781,628.0914137252157
9782,591.8566960689404
9783,58.464705958033846
9784,181.42593101211787
9785,743.4047222843501
9786,126.53277254130899
9787,0.0
9788,163.42646331173273
9789,795.3018363049359
9790,130.79905410397532
9791,117.91466632422453
9792,0.0
9793,110.23818906692304
9794,0.0
9795,749.5984266979494
9796,75.25511186613494
9797,481.79685907259136
9798,0.0
9799,713.8526796071828
9800,158.40569099710592
9801,1154.752710260006
9802,0.0
9803,0.0
9804,199.6706354178159
9805,204.65574563251266
9806,0.0
9807,708.9527484400705
9808,179.79570326907833
9809,5864.261948381271
9810,157.49491164201845
9811,30.13450813262807
9812,594.4164432374837
9813,621.9771091002776
9814,164.6647252420753
9815,36.43357201223898
9816,170.26182571681966
9817,0.0
9818,0.0
9819,6123.017224137574
9820,777.3321680225044
9821,75.5485713674334
9822,644.785587229132
9823,6297.44724787064
9824,734.807067091323
9825,735.0566651300924
9826,723.0717735191229
9827,0.0
9828,259.7779482703063
9829,115.0221065167616
9830,0.0
9831,711.5575740056911
9832,112.28440669136126
9833,637.1064503928937
9834,1155.791772711712
9835,0.0
9836,132.25865404143678
9837,136.78567123888206
9838,67.89566781204212
9839,825.6689071751116
9840,745.197691608375
9841,1177.3013648380638
9842,710.3687643279363
9843,0.0
9844,0.0
9845,752.1044008461804
9846,0.0
9847,626.8689873114445
9848,298.94648931963184
9849,140.667832516383
9850,6401.047886437716
9851,38.53672739717513
9852,77.20632183833368
9853,1158.7867174254507
9854,0.0
9855,0.0
9856,43.474794767362255
9857,555.9275850161075
9858,0.0
9859,198.69269428679854
9860,0.0
9861,201.1779399980387
9862,12.423913475035079
9863,180.25097147743327
9864,5852.978789393893
9865,28.53066007696907
9866,1247.9371605299593
9867,94.54679917660724
9868,627.6635644803955
9869,0.0
9870,1210.6022591012897
9871,1104.7096868841354
9872,479.8912108209661
9873,734.7254947465772
9874,529.9530178260584
9875,116.12229028915499
9876,126.10492329648878
9877,230.38881853114708
9878,628.7411246726479
9879,0.0
9880,0.0
9881,10.815058039034739
9882,0.0
9883,0.0
9884,34.05574824276391
9885,232.5127264872026
9886,0.0
9887,731.4168904734515
9888,0.0
9889,93.02024337378225
9890,606.092851033356
9891,157.7897922768425
9892,698.867730526461
9893,0.0
9894,179.09806315988044
9895,628.2136563665927
9896,744.6170390618336
9897,0.0
9898,681.4583796422567
9899,0.0
9900,806.5430465556119
9901,746.1145114187029
9902,15.891110128637592
9903,176.58369223612135
9904,296.8072430955335
9905,0.0
9906,0.0
9907,119.77093081130533
9908,94.54168642059358
9909,109.1496820651546
9910,710.2974174952187
9911,505.12951296909887
9912,644.8261945374861
9913,17.35348271843941
9914,0.0
9915,99.28474488994925
9916,588.9228726758902
9917,767.6138780330266
9918,0.0
9919,627.1745939148877
9920,184.9135426185112
9921,407.3104201773176
9922,33.6278989979437
9923,609.3785132777521
9924,598.7281251790619
9925,289.7222826516763
9926,0.0
9927,746.3589967014568
9928,221.5313397873224
9929,747.0822270376912
9930,0.0
9931,82.45435864201863
9932,706.2125145211157
9933,0.0
9934,0.0
9935,285.4204582684124
9936,0.0
9937,0.0
9938,0.0
9939,6098.457015139962
9940,0.0
9941,0.0
9942,62.04450982188064
9943,466.0660383576087
9944,542.6888938273032
9945,0.0
9946,742.5083534980795
9947,82.61791613031346
9948,627.7858071217725
9949,183.0609744585763
9950,610.3102221608651
9951,78.68687624951508
9952,538.4929285502785
9953,0.0
9954,1157.1364417668592
9955,0.0
9956,0.0
9957,560.0383620464227
9958,0.0
9959,0.0
9960,645.7503626481903
9961,0.0
9962,0.0
9963,741.7137763291285
9964,0.0
9965,0.0
9966,0.0
9967,501.46893747787544
9968,0.0
9969,0.0
9970,610.9102129669627
9971,239.19028871029695
9972,180.81841413237817
9973,94.911053813953
9974,88.89226450919614
9975,628.0914137252157
9976,14.003447316809797
9977,723.3773801225661
9978,670.0744757261446
9979,286.9107019000039
9980,0.0
9981,722.3943262355351
9982,0.0
9983,6192.807546851858
9984,6484.302074120455
9985,65.35717067334008
9986,107.18212303249584
9987,83.46522657350124
9988,669.3614709019394
9989,147.47488914950918
9990,260.32292740048797
9991,686.7045877094415
9992,732.6678208672238
9993,0.0
9994,256.9152815295247
9995,0.0
9996,0.0
9997,0.0
9998,570.8971958287848
9999,113.83229744367782
10000,519.8688830215215
10001,612.4993673048648
10002,738.352103691258
10003,656.3832998919115
10004,0.0
10005,94.70811594596125
10006,633.753072969108
10007,0.0
10008,81.83384188632408
10009,699.4178224126581
10010,679.4922718681937
10011,707.6794262176409
10012,6020.243874229147
10013,1212.6803840047005
10014,66.23228942977039
10015,748.1315150014252
10016,627.1745939148877
10017,1120.1682682623223
10018,14.750057150085013
10019,35.47364815287983
10020,0.0
10021,97.0703105959301
10022,18.830631653939236
10023,0.0
10024,573.8306841313279
10025,699.7234290161005
10026,614.7903570391018
10027,245.23107394643375
10028,0.0
10029,211.50744319440219
10030,60.05386029593592
10031,644.1845995342755
10032,0.0
10033,742.9362027428988
10034,215.72481432191125
10035,0.0
10036,541.3268411401996
10037,0.0
10038,56.73812135677599
10039,0.0
10040,94.53993960587468
10041,257.94430864965034
10042,96.49245592661191
10043,629.1487546448943
10044,590.2064204103499
10045,182.85176930350553
10046,184.75384200391363
10047,1156.9530778047938
10048,60.17610293731286
10049,1101.8369848117736
10050,202.26304370083744
10051,568.2695270577433
10052,588.9920469525232
10053,120.68116065123013
10054,114.66813819821436
10055,728.5064583043895
10056,627.724685801084
10057,641.3496275586149
10058,0.0
10059,84.89250771947172
10060,0.0
10061,723.7287697786551
10062,185.84671401724427
10063,680.7351493060232
10064,0.0
10065,0.0
10066,200.9541831522747
10067,578.5981471450341
10068,515.3313513082912
10069,728.8782989845349
10070,0.0
10071,231.0648401867429
10072,34.0067364563547
10073,142.25698685428506
10074,0.0
10075,298.8242466782549
10076,0.0
10077,0.0
10078,95.01020596204307
10079,812.0999739822555
10080,512.982387065349
10081,171.27793741071764
10082,6206.458052389461
10083,0.0
10084,743.3029306670305
10085,0.0
10086,6239.453340049244
10087,76.33309480668049
10088,694.5281167575749
10089,90.77278092804409
10090,208.45137715997498
10091,0.0
10092,581.0258242389555
10093,0.0
10094,731.5065157741419
10095,118.66088177807251
10096,681.7405950217117
10097,226.35481136570343
10098,713.2923622089565
10099,536.2516325104107
10100,629.9382190578308
10101,0.0
10102,0.0
10103,0.0
10104,577.6202060140176
10105,0.0
10106,555.866463695419
10107,734.0736112430604
10108,1123.0409703346832
10109,171.16658207962064
10110,0.0
10111,793.5904393256569
10112,115.09598744303457
10113,679.1968907767805
10114,514.10892489452
10115,645.6892413275009
10116,627.8469284424609
10117,1158.2366255392535
10118,0.0
10119,220.60839390061847
10120,658.6499015134013
10121,776.1759756854362
10122,626.6856233493791
10123,183.91035439980624
10124,680.0701265375119
10125,556.4776769023038
10126,273.0310493476909
10127,0.0
10128,165.3223747809725
10129,286.5439739758722
10130,0.0
10131,7.071946857751755
10132,153.5406448767626
10133,625.4631969356078
10134,172.77152905540333
10135,694.2938569868502
10136,627.9691710838388
10137,5673.891362070343
10138,0.0
10139,83.89489985016189
10140,640.6751204749571
10141,714.0635481539211
10142,0.0
10143,175.15048289674996
10144,219.88106412873185
10145,0.0
10146,89.98593552831062
10147,649.2983394480552
10148,217.86406054600957
10149,754.5288026496646
10150,0.0
10151,51.16460527954041
10152,6134.019398268664
10153,104.993432258334
10154,608.4653601394211
10155,667.4055886399065
10156,58.27380122355862
10157,187.41427553227186
10158,0.0
10159,0.0
10160,701.8015539195112
10161,626.807865990756
10162,0.0
10163,1159.092324028893
10164,712.9633643815268
10165,140.29996279343686
10166,427.82081344028666
10167,0.0
10168,566.8001709132186
10169,151.75855434413006
10170,58.40730912304025
10171,202.522609053186
10172,0.0
10173,165.37107158658273
10174,9.612688269892715
10175,0.0
10176,546.664253775205
10177,0.0
10178,556.8444048264355
10179,0.0
10180,221.89806771145322
10181,212.91323357023794
10182,0.0
10183,165.88588334509586
10184,0.0
10185,234.4026328709815
10186,32.70473098405819
10187,493.35404634879797
10188,188.46470529482212
10189,698.2056215109169
10190,1123.8966688243227
10191,0.0
10192,121.62428325700603
10193,493.56129026449435
10194,188.01352411493644
10195,133.75273523212672
10196,578.4759045036571
10197,0.0
10198,591.1770132409911
10199,96.90163162254248
10200,610.3102221608651
10201,750.1485185841466
10202,854.3296938220228
10203,552.6270336989264
10204,125.78149259491147
10205,629.4859817002653
10206,47.47499419997985
10207,660.4754881781137
10208,139.31179615039036
10209,1158.8478387461391
10210,68.86561897539195
10211,564.2596072743436
10212,0.0
10213,0.0
10214,0.0
10215,34.666961449648625
10216,6154.265557277461
10217,0.0
10218,165.38234557376654
10219,0.0
10220,0.6180229960764336
10221,0.0
10222,148.384122100676
10223,217.61957526325568
10224,150.08280303317588
10225,179.73563042354363
10226,668.327521206249
10227,593.4385021064663
10228,260.93925336338816
10229,158.46914001428559
10230,709.8695682503985
10231,44.54766712860601
10232,721.2381338984669
10233,1157.1975630875486
10234,0.0
10235,207.59567867033547
10236,685.971131861179
10237,53.59983761095555
10238,1103.7928670738074
10239,129.44087551728353
10240,33.62724892663846
10241,216.63181172871737
10242,469.34920604283434
10243,0.0
10244,608.7098454221759
10245,0.0
10246,0.0
10247,13.687615201338303
10248,0.0
10249,0.0
10250,674.5618959164804
10251,0.0
10252,231.85061747165673
10253,698.3787599609532
10254,79.47248299364401
10255,0.0
10256,95.58119806755622
10257,6610.05396280537
10258,6218.814483949874
10259,0.0
10260,698.9390773591795
10261,4.741558815617282
10262,22.504423648530064
10263,73.84761203325343
10264,411.16106338069585
10265,111.17146331338336
10266,0.0
10267,0.0
10268,0.0
10269,801.4750896944779
10270,702.8406163712161
10271,1154.4471036565637
10272,113.8195378380924
10273,5957.159419229641
10274,5182.858643786359
10275,6438.809859957593
10276,5901.116280914263
10277,6501.7241499701595
10278,5945.607489619506
10279,6165.241268917674
10280,5879.644023803696
10281,5870.475207460969
10282,5517.070247929652
10283,5936.05066130944
10284,6511.98741908982
10285,5899.295005818275
10286,5474.897791741766
10287,6346.848995337134
10288,5381.330320453212
10289,5957.948883642577
10290,6028.328971650931
10291,6451.830873820338
10292,5832.489436665506
10293,6518.710764365559
10294,5832.9481790738255
10295,6472.075196680203
10296,5454.257964854286
10297,6559.5907023941645
10298,5741.8065977137285
10299,6399.750654036135
10300,6047.471167427231
10301,5765.810852643455
10302,5871.26978462992
10303,5944.756568795374
10304,6383.567587234507
10305,5412.921023529554
10306,6030.469214763789
10307,5315.41545009176
10308,6341.917159418997
10309,6029.8122185042575
10310,6386.209966624832
10311,5890.97525443598
10312,5806.887010886304
10313,6432.498317303706
10314,6310.725135574485
10315,5905.929976175873
10316,5928.1861781355
10317,6151.127356594635
10318,5988.0765819860135
10319,5899.72145506583
10320,5751.825097721459
10321,5395.92929637814
10322,7019.005380459602
10323,6365.458309110349
10324,5978.107697069008
10325,6502.391371741719
10326,5317.943603935577
10327,5252.158111912884
10328,6486.204447271284
10329,6398.915148372104
10330,6305.6062829046905
10331,6481.345186400804
10332,5850.518502091439
10333,5980.3141742585685
10334,5952.259488062528
10335,5510.39905354978
10336,5359.424529659038
10337,5984.04257482057
10338,6441.947498336767
10339,5907.204686668622
10340,5438.968680688933
10341,6327.545896831946
10342,5420.606504074885
10343,5870.903056705789
10344,5256.42315011529
10345,6442.614720108326
10346,5660.403224068622
10347,5835.277696392697
10348,5891.015924732611
10349,5904.140973784625
10350,5653.852715695857
10351,5884.838745981326
10352,5953.125412064197
10353,6482.903895954103
10354,6440.434803587596
10355,6300.73679652218
10356,5925.891144230112
10357,5954.959051684853
10358,6332.6779152137
10359,6003.326493820511
10360,5943.834971319538
10361,6474.4080323783965
10362,6608.350178035576
10363,5339.539881162689
10364,6229.408215278654
10365,6045.515285165198
10366,5298.957831191852
10367,5257.353424171411
10368,5829.884466189828
10369,5343.398789455083
10370,5749.641147255254
10371,6395.30899045148
10372,5931.007984399202
10373,5279.019126662375
10374,5816.396321055953
10375,5442.941566533688
10376,5455.097887137648
10377,5835.446506372486
10378,5909.641892646594
10379,5993.944228772113
10380,5893.4863413402245
10381,6430.696062574061
10382,5870.658571423034
10383,5911.537107957776
10384,6479.776483086959
10385,5342.481969644755
10386,6408.794178743506
10387,5989.726857644604
10388,5220.2946914657
10389,6431.612882384389
10390,5416.738477239552
10391,6460.416362696735
10392,5879.776191696322
10393,6019.839217719997
10394,6356.026259716722
10395,6585.190310250634
10396,5924.914471409847
10397,5312.041667919611
10398,5385.606174248542
10399,6405.210309312517
10400,5923.960316583734
10401,5767.287251652995
10402,5387.579278800869
10403,5984.470424065389
10404,5853.168919712894
10405,5307.6791290235205
10406,5975.363347282797
10407,5977.563714827585
10408,6929.3659667895845
10409,5929.471460957731
10410,5352.7299004963725
10411,5862.996383278384
10412,5941.502135621346
10413,6510.214900789852
10414,5798.541797285382
10415,6413.643214101958
10416,5768.213041888144
10417,5965.400572010564
10418,5355.319156446393
10419,5428.949896852027
10420,6039.321838950047
10421,6397.7538432790225
10422,5753.033869693628
10423,6930.955121127487
10424,6046.243628257446
10425,5761.673810500431
10426,5936.994496158436
10427,5249.119646137827
10428,6536.242357891142
10429,5329.89268703996
10430,6287.761623925037
10431,5958.616105414137
10432,5844.894556302328
10433,5648.416792254988
10434,6404.30187754864
10435,5888.802351941479
10436,5290.785458308133
10437,5871.453148591985
10438,5871.208663309231
10439,5981.353236710273
10440,6267.906181557687
10441,6079.794120559441
10442,5958.809694888231
10443,6413.592318293298
10444,5793.639523021524
10445,6398.181692523842
10446,5986.12069972398
10447,5838.439266803193
10448,5836.916991908642
10449,6455.4604229649485
10450,5904.398613052392
10451,5989.05452311703
10452,5973.896435586272
10453,5479.217205452564
10454,5870.41408614028
10455,6928.571389620633
10456,6927.5323271689285
10457,5280.698539940669
10458,5723.8200509605895
10459,5778.140166787394
10460,6523.967197944774
10461,6025.650855941422
10462,6185.285349344766
10463,6347.533617172253
10464,6386.209966624832
10465,5351.524212347909
10466,6930.221665279225
10467,5720.404054870769
10468,6255.554417112529
10469,5780.462776973559
10470,6009.774460649996
10471,6239.175141823604
10472,5276.55935707342
10473,6665.332423334271
10474,6029.078762655995
10475,6013.5999884522
10476,5330.26611871418
10477,6092.62448514802
10478,6062.191180201141
10479,6949.775375143543
10480,5259.540337470406
10481,6480.14321101109
10482,5587.134796775729
10483,5887.692240389891
10484,5904.224719971738
10485,6564.587312422582
10486,5970.790522218339
10487,5725.408271398011
10488,6453.687904664981
10489,5439.702136537196
10490,5445.630904643984
10491,5985.876214441226
10492,5472.452938914224
10493,5753.870627917043
10494,5871.421544571661
10495,6010.925730411499
10496,6017.0378624803525
10497,5766.584172080039
10498,5448.955981281444
10499,5950.863923198721
10500,5879.341752481099
10501,6260.177803365062
10502,6295.271650050787
10503,6575.7776268645985
10504,5768.895113198104
10505,5207.403205556433
10506,5988.687795192898
10507,6026.08348285175
10508,5475.870620116769
10509,5259.06482115069
10510,5389.328193743778
10511,5861.026256493853
10512,6928.143540375814
10513,6002.908611889271
10514,5345.315117588574
10515,6348.90039722475
10516,5927.754951222438
10517,5339.242539648262
10518,6298.521759929146
10519,6895.331616678097
10520,5858.941780178826
10521,6388.654018265083
10522,5394.736702245532
10523,5981.475479351651
10524,5397.522357679661
10525,6317.118786394815
10526,6285.857892558871
10527,6598.448524084033
10528,5861.827491326142
10529,5820.376853750278
10530,6399.770846861744
10531,5938.404619028943
10532,5964.397576263893
10533,5861.1311155032745
10534,6482.588063838632
10535,6364.086221091665
10536,5888.494870514786
10537,5297.839096849255
10538,6341.821270834396
10539,5787.27918118422
10540,6482.526942517943
10541,5861.845019868155
10542,5286.897879989418
10543,5304.15890157304
10544,5221.686682489877
10545,5946.097508660168
10546,6018.855758446596
10547,6469.278954196573
10548,6454.721854360672
10549,5775.017186949811
10550,5929.415452393057
10551,6505.26407381408
10552,6930.221665279225
10553,5791.775800153737
10554,5457.314030888713
10555,6480.153436523119
10556,6048.07625455774
10557,6549.622814365917
10558,5316.82416894058
10559,5991.1523187831535
10560,5856.649562699571
10561,5851.087667426972
10562,6322.050829741366
10563,6501.051815442585
10564,5960.083017110662
10565,5365.648850639566
10566,6930.160543958536
10567,5936.928262081734
10568,5996.572110471214
10569,5837.953423620197
10570,5986.793034251554
10571,6473.241614529299
10572,5746.746113344645
10573,5987.648732741193
10574,6573.882865923254
10575,5934.289819780098
10576,6067.69209906311
10577,6336.851986120788
10578,5832.739784630234
10579,5385.201114419868
10580,5970.22915634496
10581,5866.387549082489
10582,5405.36047036522
10583,5896.072059913063
10584,5268.907237803795
10585,5462.50934314724
10586,6237.300238617361
10587,5716.3989002095705
10588,6480.265453652468
10589,5954.136029824821
10590,6891.969944040226
10591,5804.152390179953
10592,6543.266197014309
10593,6521.394989719841
10594,6270.214547221353
10595,5435.246466988828
10596,6336.162267961258
10597,5962.927129581884
10598,6514.371150596673
10599,5977.374241220746
10600,6523.050378134446
10601,6399.404118937613
10602,6286.081855100211
10603,5283.9142545332525
10604,5852.035525310858
10605,6399.784012573702
10606,6504.347254003753
10607,6431.665950749133
10608,6277.057513387128
10609,5356.093282591287
10610,6395.3701117721685
10611,5501.733892761239
10612,5985.142758592963
10613,5869.313902367887
10614,6399.4652402583015
10615,5765.321882077947
10616,6487.060145760925
10617,6472.024300871543
10618,6284.496545207573
10619,5236.958025805586
10620,5393.307460655298
10621,5827.694469067127
10622,6068.307752211705
10623,6449.470533537472
10624,6931.444091692995
10625,5871.655469251879
10626,5979.886325013749
10627,5688.502153114642
10628,5973.986214526099
10629,5975.1799833207315
10630,6518.93991138027
10631,6584.334611760994
10632,6460.874656726157
10633,6464.139650502721
10634,6931.994183579192
10635,5439.649969209725
10636,6483.387753763597
10637,6400.626545351383
10638,6364.391827695108
10639,5830.9998375842015
10640,5953.9610626382855
10641,6515.939853910518
10642,5899.067904167477
10643,5406.421100009072
10644,5935.9615949378995
10645,6567.836967931103
10646,5903.334185730143
10647,5890.449797950392
10648,5514.337172130624
10649,5882.773320693091
10650,5409.314865608931
10651,6522.133558324118
10652,5847.790243492303
10653,6254.331990698759
10654,5755.733433315952
10655,6486.38781123335
10656,5930.940822623274
10657,6927.287841886175
10658,5723.575565677836
10659,5272.563646166432
10660,5972.205767043983
10661,5977.19087725868
10662,5413.776722019194
10663,6481.487880066238
10664,5952.330834895246
10665,5987.7924730952145
10666,5930.030043268185
10667,5802.669639758795
10668,6366.95157486365
10669,6394.512240726445
10670,5937.199856868243
10671,5808.968703638406
10672,5942.796957342987
10673,5297.826779886563
10674,5756.360129700939
10675,6246.547748851517
10676,6549.867299648672
10677,5848.0837029936
10678,6417.320718855299
10679,6420.977772584583
10680,6507.342198717491
10681,6507.591796756259
10682,6495.6069051452905
10683,5429.025084921947
10684,6032.313079896474
10685,5887.557238142929
10686,5743.127875544889
10687,6484.092705631858
10688,5884.819538317529
10689,6409.6415820190605
10690,6928.32690433788
10691,5230.560144868391
10692,5904.793785667604
10693,5909.32080286505
10694,5840.43079943821
10695,6598.204038801278
10696,6517.732823234543
10697,6949.8364964642315
10698,6482.903895954103
10699,5416.710545412244
10700,5300.550859630165
10701,6524.639532472348
10702,5441.218089675278
10703,6399.404118937613
10704,6071.4816209457995
10705,5913.202964142551
10706,6524.578411151659
10707,5811.071859023343
10708,5849.741453464501
10709,6931.321849051617
10710,5431.4333746122875
10711,5331.224775759387
10712,5816.00992639353
10713,6328.462716642274
10714,5369.249704807366
10715,5971.227825912966
10716,5360.2685834249
10717,5973.713071624206
10718,5784.959045101202
10719,5952.786103103601
10720,5976.509314107836
10721,5801.065791703137
10722,7020.472292156126
10723,5867.081930802775
10724,6400.198696106563
10725,5427.067980435915
10726,6983.137390727457
10727,6877.244818510303
10728,6252.426342447134
10729,6507.260626372745
10730,6302.488149452226
10731,5888.657421915323
10732,5898.640054922656
10733,6002.923950157314
10734,6401.2762562988155
10735,5674.509083435715
10736,5761.268017177401
10737,5783.3501896652015
10738,5361.719847393602
10739,5371.123059898226
10740,5806.590879868931
10741,6005.04785811337
10742,5433.259085050795
10743,6503.952022099619
10744,5314.917963471268
10745,5865.555374999949
10746,6378.627982659523
10747,5930.324923903009
10748,6471.402862152629
10749,5480.107170749525
10750,5951.633194786049
10751,6400.74878799276
10752,6517.152170688001
10753,5401.248119588794
10754,6453.993511268423
10755,5434.062681939379
10756,6579.07817818178
10757,6518.649643044871
10758,5788.426241754804
10759,5949.118823862288
10760,6069.3423747217
10761,5370.112396867211
10762,5697.21439237253
10763,5892.306062437472
10764,5867.07681804676
10765,5881.684813691321
10766,6482.832549121386
10767,6277.6646445952665
10768,6417.361326163653
10769,5789.888614344607
10770,5244.591177681785
10771,5871.819876516117
10772,6361.458004302058
10773,6540.149009659194
10774,5391.309388819915
10775,6399.709725541055
10776,5957.448674244678
10777,6179.845551803485
10778,5806.163030624111
10779,6381.91364490392
10780,6371.263256805229
10781,6062.257414277844
10782,5374.811744990023
10783,6518.894128327625
10784,5994.06647141349
10785,6519.617358663859
10786,5668.998677260732
10787,5854.989490268185
10788,6478.7476461472825
10789,5316.206030672786
10790,5459.453277112812
10791,6057.95558989458
10792,5764.035707417565
10793,5315.253653321841
10794,5327.7568441148305
10795,6221.987539853905
10796,5479.251472259885
10797,5433.782338855229
10798,5834.579641448047
10799,6238.601169983775
10800,6315.22402545347
10801,5767.731789868311
10802,6515.043485124247
10803,5855.153047756481
10804,6400.320938747941
10805,5955.596106084743
10806,6382.845353787033
10807,5851.222007875683
10808,6311.028060176446
10809,5707.748856378253
10810,6929.671573393027
10811,5430.542908858736
10812,5724.6146281295405
10813,6332.57349367259
10814,5420.941294384784
10815,5384.10091421587
10816,6418.285494274357
10817,5312.0938023838735
10818,5260.1127808345145
10819,6514.248907955296
10820,5313.581810471104
10821,5292.310997582536
10822,5406.593560229253
10823,6274.004069104043
10824,5747.766403894075
10825,5475.225730183457
10826,6383.44534459313
10827,6011.725420336464
10828,5953.353545758546
10829,5867.446185440121
10830,5861.427396135364
10831,6400.626545351383
10832,5786.5385789429765
10833,6495.912511748734
10834,6442.609607352312
10835,6059.445833526172
10836,5272.925906701195
10837,6494.929457861703
10838,5250.323144012319
10839,6316.338071565801
10840,6607.832598834398
10841,5837.892302299509
10842,5879.7172546586635
10843,5856.000358199669
10844,6441.896602528107
10845,5920.010020775676
10846,6032.858059026656
10847,6459.239719335609
10848,6505.202952493391
10849,5355.930369653279
10850,6029.450413155691
10851,5415.257011560749
10852,5319.5750003497005
10853,5394.6540137326965
10854,6343.432327454952
10855,5886.367429069845
10856,6292.404014647688
10857,6385.034498931032
10858,6510.8872353174265
10859,6428.918431518079
10860,5748.885359568743
10861,5867.243247572129
10862,6406.288204595276
10863,5713.112660427585
10864,5854.368973512491
10865,6471.952954038826
10866,6452.027403494361
10867,6480.214557843808
10868,6143.77439894309
10869,6985.215515630867
10870,5838.767421055937
10871,6520.666646627593
10872,6399.709725541055
10873,6892.703399888489
10874,5787.285188776252
10875,5808.008779779047
10876,5771.114748397098
10877,5869.605442222097
10878,5791.365763280106
10879,5687.031367317706
10880,6346.3658157574955
10881,6472.258560642269
10882,6387.3254886652685
10883,6017.7662055726005
10884,5213.938074114092
10885,5984.04257482057
10886,5832.588991922104
10887,6416.719731160443
10888,5387.2142603337825
10889,6515.471334369066
10890,5988.259945948079
10891,5758.734048494566
10892,6313.861972766367
10893,5332.8980482625375
10894,5829.273252982943
10895,5138.730950703088
10896,5867.075071232042
10897,6030.479440275817
10898,5869.02758755278
10899,6401.683886271062
10900,6362.741552036517
10901,5955.386900929673
10902,5957.288973630081
10903,6929.488209430961
10904,5832.7112345634805
10905,6874.372116437941
10906,5974.798175327005
10907,6340.80465868391
10908,6361.527178578691
10909,5893.216292277399
10910,5887.203269824382
10911,6501.041589930557
10912,6400.259817427252
10913,6413.8847591847825
10914,5441.055759585562
10915,5857.427639345638
10916,5236.779774599535
10917,6496.263901404822
10918,5958.381845643411
10919,6453.27028093219
10920,5324.990401049156
10921,5239.024024743113
10922,5973.489314778442
10923,6351.133278771202
10924,6287.866482934459
10925,6501.413430610703
10926,5449.440284261776
10927,6003.599971812911
10928,5806.541868082521
10929,5914.792118480453
10930,5451.018534857793
10931,6071.359378304422
10932,5335.096086614236
10933,5343.70610551557
10934,5867.545337588212
10935,6584.635105608422
10936,6285.517518691517
10937,5943.813069036885
10938,6329.988577103404
10939,5412.282955809302
10940,6515.838062293198
10941,5266.223674247765
10942,6362.983864763187
10943,5848.868226432848
10944,6467.063248383743
10945,5863.307912554211
10946,5980.986508786143
10947,5270.549943034829
10948,6353.560955865123
10949,5310.567192407301
10950,6504.04164740031
10951,5891.196013404239
10952,6454.275726647878
10953,5998.88994299187
10954,6485.827493835124
10955,6308.786764136579
10956,6402.473350683998
10957,5322.339226269137
10958,5425.93632985073
10959,5331.235646638063
10960,6350.155337640185
10961,5710.272214158438
10962,6328.401595321586
10963,6506.608742869228
10964,6895.576101960851
10965,5943.701713705788
10966,5483.082935958017
10967,6566.125570951824
10968,5887.631119069202
10969,6451.732022402948
10970,6286.644056520688
10971,6418.2243729536685
10972,6400.3820600686295
10973,6930.771757165421
10974,5430.646206529231
10975,5993.143525526785
10976,6431.185033139569
10977,6548.711107311604
10978,6399.220754975547
10979,5956.445486025973
10980,6452.6052581636795
10981,6329.012808528471
10982,6045.566180973858
10983,5456.0304831542535
10984,5937.857506407139
10985,6059.07910560204
10986,5325.071880561536
10987,5779.607078483919
10988,5926.075776502928
10989,6397.998328561776
10990,5945.306660681571
10991,6466.828988613017
10992,6400.504302710006
10993,5797.4218867842865
10994,5258.855893408552
10995,5856.4300314763295
10996,6413.210252101124
10997,6486.598679780088
10998,5326.480309590241
10999,5947.685614522917
11000,5992.4161957548995
11001,5324.055123500991
11002,5862.521067154478
11003,6421.833471074223
11004,5990.399192172178
11005,6527.063934275831
11006,5255.479185971479
11007,5823.699736905708
11008,6257.549922982607
11009,5877.528563884501
11010,6381.000491765589
11011,6439.940720266073
11012,5830.808932849726
11013,5959.9494071584395
11014,5305.3144485434605
11015,5365.828129864747
11016,6474.336685545679
11017,6399.342997616924
11018,5724.064536243344
11019,6931.627455655061
11020,6485.4984960076945
11021,5912.835094419604
11022,6200.355945066453
11023,5748.300322645369
11024,6339.335302539386
11025,5924.293685970298
11026,5830.942440749208
11027,5975.0577406793545
11028,5716.279131671339
11029,5937.90620321275
11030,5782.14781989606
11031,5708.377453217094
11032,6319.199385401372
11033,5715.960680542664
11034,6329.379536452602
11035,5461.4651843711235
11036,5994.433199337622
11037,5985.448365196406
11038,5296.788047350785
11039,5938.421014971263
11040,5685.26272311815
11041,6006.937764497149
11042,5805.239862610225
11043,6265.889177974966
11044,5960.99983692099
11045,6470.740753137084
11046,6896.43180045049
11047,5742.575309555546
11048,5894.159414883173
11049,6266.096421890662
11050,5960.548655741103
11051,5906.287866858294
11052,6351.011036129825
11053,5721.70945362655
11054,6363.712144867158
11055,5869.436763248709
11056,6382.845353787033
11057,6522.683650210314
11058,6626.86482544819
11059,6325.162165325093
11060,5898.316624221078
11061,6402.021113326433
11062,5820.0101258261475
11063,6433.010619804281
11064,5911.846927776558
11065,6931.382970372307
11066,5841.400750601559
11067,6336.794738900511
11068,5408.235072891436
11069,5425.8938308176
11070,5399.575512091955
11071,5807.202093075816
11072,6277.796081991404
11073,5449.123773916449
11074,5937.917477199933
11075,5756.49884470665
11076,5773.153154622244
11077,5709.888102602352
11078,5920.919253726844
11079,5990.154706889423
11080,5922.6179346593435
11081,5952.270762049711
11082,6440.862652832417
11083,6365.973633732634
11084,6033.474384989556
11085,5931.004271640452
11086,6482.404699876566
11087,5817.082798754773
11088,6493.773265524635
11089,6929.732694713716
11090,5427.452091992002
11091,5980.130810296503
11092,6458.506263487347
11093,5826.134969237122
11094,6876.327998699975
11095,5901.97600714345
11096,5806.162380552805
11097,5989.166943354885
11098,6241.884337669002
11099,5341.090733251196
11100,6381.244977048344
11101,5340.797865117076
11102,5438.785316726868
11103,5786.222746827505
11104,5753.9807610241405
11105,5700.938918834119
11106,6447.097027542647
11107,5451.040309478354
11108,6004.385749097824
11109,6470.913891587121
11110,5852.007614619812
11111,5510.337932229091
11112,5868.116329693724
11113,6733.584487519313
11114,6342.345008663817
11115,5755.459782254945
11116,6471.474208985346
11117,5777.276690441784
11118,5795.039555274699
11119,5846.382743659421
11120,6183.6961950068635
11121,5883.706594939551
11122,5364.101694878204
11123,5419.882535539638
11124,5426.83050836303
11125,6574.0102213206455
11126,6475.375747997384
11127,6926.982235282732
11128,5886.35466946426
11129,8040.194115794627
11130,7265.893340351346
11131,8521.84455652258
11132,7984.150977479249
11133,8584.758846535145
11134,8028.642186184492
11135,8248.275965482659
11136,7962.678720368682
11137,7953.509904025956
11138,7600.104944494639
11139,8019.085357874426
11140,8595.022115654807
11141,7982.329702383261
11142,7557.932488306753
11143,8429.88369190212
11144,7464.365017018198
11145,8040.983580207563
11146,8111.363668215918
11147,8534.865570385324
11148,7915.524133230492
11149,8601.745460930546
11150,7915.982875638812
11151,8555.10989324519
11152,7537.292661419273
11153,8642.62539895915
11154,7824.841294278715
11155,8482.785350601122
11156,8130.505863992217
11157,7848.845549208441
11158,7954.304481194906
11159,8027.79126536036
11160,8466.602283799493
11161,7495.955720094541
11162,8113.503911328775
11163,7398.450146656747
11164,8424.951855983982
11165,8112.846915069244
11166,8469.244663189818
11167,7974.009951000966
11168,7889.921707451291
11169,8515.533013868691
11170,8393.75983213947
11171,7988.96467274086
11172,8011.220874700486
11173,8234.16205315962
11174,8071.1112785509995
11175,7982.756151630816
11176,7834.859794286445
11177,7478.963992943127
11178,9102.040077024587
11179,8448.493005675335
11180,8061.142393633994
11181,8585.426068306706
11182,7400.978300500563
11183,7335.192808477871
11184,8569.23914383627
11185,8481.949844937091
11186,8388.640979469677
11187,8564.37988296579
11188,7933.553198656426
11189,8063.3488708235545
11190,8035.294184627515
11191,7593.433750114766
11192,7442.459226224025
11193,8067.077271385556
11194,8524.982194901753
11195,7990.239383233609
11196,7522.00337725392
11197,8410.580593396931
11198,7503.641200639872
11199,7953.937753270775
11200,7339.457846680276
11201,8525.649416673314
11202,7743.437920633608
11203,7918.312392957684
11204,7974.050621297597
11205,7987.175670349611
11206,7736.887412260843
11207,7967.873442546312
11208,8036.160108629183
11209,8565.938592519089
11210,8523.469500152583
11211,8383.771493087166
11212,8008.925840795098
11213,8037.993748249839
11214,8415.712611778687
11215,8086.361190385496
11216,8026.8696678845245
11217,8557.442728943382
11218,8691.384874600562
11219,7422.574577727675
11220,8312.44291184364
11221,8128.549981730184
11222,7381.992527756838
11223,7340.388120736397
11224,7912.919162754814
11225,7426.43348602007
11226,7832.6758438202405
11227,8478.343687016466
11228,8014.042680964189
11229,7362.053823227361
11230,7899.431017620939
11231,7525.976263098675
11232,7538.132583702635
11233,7918.481202937472
11234,7992.67658921158
11235,8076.9789253371
11236,7976.521037905211
11237,8513.730759139047
11238,7953.693267988021
11239,7994.571804522762
11240,8562.811179651944
11241,7425.516666209742
11242,8491.828875308493
11243,8072.76155420959
11244,7303.3293880306865
11245,8514.647578949374
11246,7499.773173804539
11247,8543.45105926172
11248,7962.810888261308
11249,8102.873914284983
11250,8439.060956281708
11251,8668.22500681562
11252,8007.949167974833
11253,7395.076364484597
11254,7468.640870813529
11255,8488.245005877503
11256,8006.99501314872
11257,7850.321948217981
11258,7470.613975365855
11259,8067.505120630376
11260,7936.20361627788
11261,7390.7138255885075
11262,8058.398043847783
11263,8060.598411392571
11264,9012.400663354572
11265,8012.506157522717
11266,7435.7645970613585
11267,7946.03107984337
11268,8024.536832186332
11269,8593.24959735484
11270,7881.576493850368
11271,8496.677910666946
11272,7851.247738453131
11273,8048.435268575551
11274,7438.35385301138
11275,7511.9845934170135
11276,8122.356535515033
11277,8480.788539844008
11278,7836.068566258614
11279,9013.989817692473
11280,8129.278324822432
11281,7844.708507065417
11282,8020.029192723423
11283,7332.154342702814
11284,8619.277054456128
11285,7412.927383604947
11286,8370.796320490022
11287,8041.650801979124
11288,7927.929252867314
11289,7731.451488819974
11290,8487.336574113626
11291,7971.837048506466
11292,7373.8201548731195
11293,7954.487845156972
11294,7954.243359874217
11295,8064.38793327526
11296,8350.940878122674
11297,8162.828817124427
11298,8041.844391453217
11299,8496.627014858284
11300,7876.67421958651
11301,8481.216389088828
11302,8069.155396288967
11303,7921.47396336818
11304,7919.951688473628
11305,8538.495119529935
11306,7987.433309617378
11307,8072.089219682016
11308,8056.931132151258
11309,7562.25190201755
11310,7953.448782705266
11311,9011.60608618562
11312,9010.567023733915
11313,7363.733236505655
11314,7806.854747525576
11315,7861.17486335238
11316,8607.00189450976
11317,8108.685552506409
11318,8268.320045909752
11319,8430.56831373724
11320,8469.244663189818
11321,7434.558908912896
11322,9013.256361844211
11323,7803.438751435755
11324,8338.589113677517
11325,7863.497473538545
11326,8092.809157214982
11327,8322.20983838859
11328,7359.594053638407
11329,8748.367119899258
11330,8112.113459220982
11331,8096.634685017187
11332,7413.300815279167
11333,8175.659181713007
11334,8145.225876766127
11335,9032.810071708529
11336,7342.575034035392
11337,8563.177907576077
11338,7670.169493340714
11339,7970.726936954878
11340,7987.2594165367245
11341,8647.622008987568
11342,8053.825218783325
11343,7808.4429679629975
11344,8536.722601229967
11345,7522.736833102183
11346,7528.665601208971
11347,8068.910911006213
11348,7555.487635479211
11349,7836.905324482029
11350,7954.456241136648
11351,8093.960426976485
11352,8100.0725590453385
11353,7849.618868645025
11354,7531.990677846431
11355,8033.898619763707
11356,7962.376449046085
11357,8343.212499930047
11358,8378.306346615773
11359,8658.812323429585
11360,7851.92980976309
11361,7290.437902121419
11362,8071.722491757885
11363,8109.118179416736
11364,7558.905316681756
11365,7342.099517715676
11366,7472.362890308764
11367,7944.060953058839
11368,9011.1782369408
11369,8085.943308454257
11370,7428.34981415356
11371,8431.935093789736
11372,8010.789647787424
11373,7422.277236213249
11374,8381.556456494132
11375,8978.366313243083
11376,7941.976476743812
11377,8471.68871483007
11378,7477.771398810518
11379,8064.510175916637
11380,7480.557054244648
11381,8400.153482959802
11382,8368.892589123858
11383,8681.48322064902
11384,7944.862187891128
11385,7903.411550315264
11386,8482.80554342673
11387,8021.439315593929
11388,8047.432272828879
11389,7944.1658120682605
11390,8565.622760403618
11391,8447.120917656652
11392,7971.529567079772
11393,7380.873793414242
11394,8424.855967399384
11395,7870.313877749206
11396,8565.56163908293
11397,7944.879716433142
11398,7369.932576554404
11399,7387.193598138027
11400,7304.721379054863
11401,8029.132205225155
11402,8101.890455011582
11403,8552.31365076156
11404,8537.756550925658
11405,7858.051883514797
11406,8012.450148958043
11407,8588.298770379068
11408,9013.256361844211
11409,7874.810496718723
11410,7540.3487274537
11411,8563.188133088104
11412,8131.110951122726
11413,8632.657510930903
11414,7399.858865505567
11415,8074.1870153481395
11416,7939.684259264557
11417,7934.122363991958
11418,8405.085526306353
11419,8584.086512007572
11420,8043.117713675648
11421,7448.683547204552
11422,9013.195240523522
11423,8019.96295864672
11424,8079.6068070362
11425,7920.988120185183
11426,8069.82773081654
11427,8556.276311094287
11428,7829.780809909631
11429,8070.68342930618
11430,8656.917562488241
11431,8017.324516345084
11432,8150.726795628096
11433,8419.886682685774
11434,7915.77448119522
11435,7468.235810984855
11436,8053.263852909946
11437,7949.422245647476
11438,7488.395166930206
11439,7979.106756478049
11440,7351.941934368782
11441,7545.544039712226
11442,8320.334935182347
11443,7799.433596774557
11444,8563.300150217454
11445,8037.170726389808
11446,8975.004640605213
11447,7887.187086744939
11448,8626.300893579295
11449,8604.429686284828
11450,8353.24924378634
11451,7518.281163553815
11452,8419.196964526245
11453,8045.96182614687
11454,8597.405847161659
11455,8060.408937785732
11456,8606.085074699433
11457,8482.438815502599
11458,8369.116551665196
11459,7366.9489510982385
11460,7935.070221875845
11461,8482.81870913869
11462,8587.381950568739
11463,8514.70064731412
11464,8360.092209952114
11465,7439.127979156273
11466,8478.404808337156
11467,7584.768589326226
11468,8068.177455157949
11469,7952.348598932873
11470,8482.499936823287
11471,7848.356578642933
11472,8570.09484232591
11473,8555.058997436528
11474,8367.531241772558
11475,7319.992722370573
11476,7476.342157220284
11477,7910.729165632113
11478,8151.342448776691
11479,8532.505230102459
11480,9014.47878825798
11481,7954.690165816866
11482,8062.921021578735
11483,7771.536849679628
11484,8057.0209110910855
11485,8058.2146798857175
11486,8601.974607945256
11487,8667.36930832598
11488,8543.909353291143
11489,8547.174347067707
11490,9015.028880144178
11491,7522.684665774712
11492,8566.422450328584
11493,8483.661241916368
11494,8447.426524260094
11495,7914.0345341491875
11496,8036.9957592032715
11497,8598.974550475505
11498,7982.102600732463
11499,7489.455796574059
11500,8018.9962915028855
11501,8650.87166449609
11502,7986.368882295129
11503,7973.484494515378
11504,7597.37186869561
11505,7965.808017258077
11506,7492.349562173917
11507,8605.168254889104
11508,7930.824940057289
11509,8337.366687263744
11510,7838.768129880938
11511,8569.422507798336
11512,8013.97551918826
11513,9010.32253845116
11514,7806.610262242822
11515,7355.598342731418
11516,8055.240463608969
11517,8060.225573823666
11518,7496.8114185841805
11519,8564.522576631225
11520,8035.365531460232
11521,8070.8271696602005
11522,8013.064739833171
11523,7885.704336323781
11524,8449.986271428636
11525,8477.54693729143
11526,8020.234553433229
11527,7892.003400203392
11528,8025.831653907973
11529,7380.861476451549
11530,7839.394826265925
11531,8329.582445416503
11532,8632.901996213659
11533,7931.118399558587
11534,8500.355415420287
11535,8504.01246914957
11536,8590.376895282478
11537,8590.626493321246
11538,8578.641601710278
11539,7512.059781486934
11540,8115.34777646146
11541,7970.591934707915
11542,7826.162572109875
11543,8567.127402196844
11544,7967.854234882516
11545,8492.676278584047
11546,9011.361600902866
11547,7313.594841433377
11548,7987.828482232591
11549,7992.355499430036
11550,7923.465496003196
11551,8681.238735366265
11552,8600.767519799529
11553,9032.87119302922
11554,8565.938592519089
11555,7499.74524197723
11556,7383.585556195152
11557,8607.674229037333
11558,7524.252786240264
11559,8482.438815502599
11560,8154.5163175107855
11561,7996.237660707537
11562,8607.613107716646
11563,7894.106555588329
11564,7932.776150029487
11565,9014.356545616603
11566,7514.4680711772735
11567,7414.259472324374
11568,7899.044622958516
11569,8411.49741320726
11570,7452.2844013723525
11571,8054.262522477952
11572,7443.3032799898865
11573,8056.747768189192
11574,7867.993741666188
11575,8035.820799668587
11576,8059.544010672822
11577,7884.100488268123
11578,9103.506988721114
11579,7950.116627367761
11580,8483.233392671551
11581,7510.102677000902
11582,9066.172087292445
11583,8960.27951507529
11584,8335.46103901212
11585,8590.29532293773
11586,8385.522846017213
11587,7971.692118480309
11588,7981.674751487643
11589,8085.958646722301
11590,8484.310952863802
11591,7757.543780000702
11592,7844.302713742387
11593,7866.3848862301875
11594,7444.754543958588
11595,7454.1577564632125
11596,7889.625576433917
11597,8088.082554678356
11598,7516.293781615781
11599,8586.986718664604
11600,7397.952660036254
11601,7948.590071564935
11602,8461.66267922451
11603,8013.359620467996
11604,8554.437558717615
11605,7563.141867314511
11606,8034.667891351035
11607,8483.783484557747
11608,8600.186867252989
11609,7484.28281615378
11610,8537.02820783341
11611,7517.097378504366
11612,8662.112874746766
11613,8601.684339609857
11614,7871.460938319791
11615,8032.153520427275
11616,8152.377071286686
11617,7453.147093432197
11618,7780.249088937516
11619,7975.340759002458
11620,7950.111514611746
11621,7964.719510256307
11622,8565.867245686371
11623,8360.699341160253
11624,8500.396022728639
11625,7872.923310909593
11626,7327.625874246771
11627,7954.854573081103
11628,8444.492700867044
11629,8623.183706224181
11630,7474.3440853849015
11631,8482.744422106041
11632,8040.483370809664
11633,8262.880248368472
11634,7889.197727189097
11635,8464.948341468906
11636,8454.297953370215
11637,8145.29211084283
11638,7457.84644155501
11639,8601.928824892611
11640,8077.101167978477
11641,8602.652055228846
11642,7752.033373825718
11643,7938.024186833171
11644,8561.78234271227
11645,7399.240727237772
11646,7542.487973677798
11647,8140.990286459566
11648,7847.070403982551
11649,7398.288349886828
11650,7410.791540679817
11651,8305.022236418892
11652,7562.286168824871
11653,7516.817035420216
11654,7917.614338013034
11655,8321.635866548762
11656,8398.258722018458
11657,7850.766486433297
11658,8598.078181689234
11659,7938.187744321467
11660,8483.355635312928
11661,8038.630802649729
11662,8465.880050352018
11663,7934.256704440669
11664,8394.062756741432
11665,7790.78355294324
11666,9012.706269958013
11667,7513.577605423723
11668,7807.6493246945265
11669,8415.608190237577
11670,7503.97599094977
11671,7467.135610780857
11672,8501.320190839344
11673,7395.12849894886
11674,7343.1474773995005
11675,8597.283604520282
11676,7396.61650703609
11677,7375.345694147522
11678,7489.62825679424
11679,8357.038765669029
11680,7830.801100459062
11681,7558.260426748444
11682,8466.480041158116
11683,8094.760116901451
11684,8036.388242323532
11685,7950.480882005107
11686,7944.462092700351
11687,8483.661241916368
11688,7869.5732755079625
11689,8578.94720831372
11690,8525.6443039173
11691,8142.480530091158
11692,7355.960603266182
11693,8577.964154426689
11694,7333.357840577306
11695,8399.372768130788
11696,8690.867295399385
11697,7920.926998864495
11698,7962.7519512236495
11699,7939.035054764655
11700,8524.931299093092
11701,8003.044717340662
11702,8115.892755591642
11703,8542.274415900596
11704,8588.237649058377
11705,7438.965066218265
11706,8112.485109720677
11707,7498.291708125736
11708,7402.6096969146865
11709,7477.688710297683
11710,8426.467024019938
11711,7969.402125634831
11712,8375.438711212675
11713,8468.06919549602
11714,8593.921931882413
11715,8511.953128083065
11716,7831.920056133729
11717,7950.277944137115
11718,8489.322901160262
11719,7796.147356992572
11720,7937.403670077478
11721,8554.987650603813
11722,8535.062100059347
11723,8563.249254408795
11724,8226.809095508077
11725,9068.250212195853
11726,7921.802117620924
11727,8603.701343192579
11728,8482.744422106041
11729,8975.738096453475
11730,7870.319885341238
11731,7891.0434763440335
11732,7854.149444962084
11733,7952.640138787084
11734,7874.400459845092
11735,7770.066063882692
11736,8429.400512322482
11737,8555.293257207255
11738,8470.360185230255
11739,8100.800902137587
11740,7296.972770679078
11741,8067.077271385556
11742,7915.62368848709
11743,8499.75442772543
11744,7470.2489568987685
11745,8598.506030934053
11746,8071.294642513065
11747,7841.768745059552
11748,8396.896669331352
11749,7415.9327448275235
11750,7912.307949547929
11751,7221.765647268074
11752,7950.109767797028
11753,8113.514136840804
11754,7952.062284117766
11755,8484.718582836049
11756,8445.776248601504
11757,8038.421597494659
11758,8040.323670195067
11759,9012.52290599595
11760,7915.7459311284665
11761,8957.406813002928
11762,8057.832871891991
11763,8423.839355248896
11764,8444.561875143678
11765,7976.250988842385
11766,7970.237966389369
11767,8584.076286495543
11768,8483.294513992238
11769,8496.919455749769
11770,7524.090456150548
11771,7940.4623359106245
11772,7319.814471164521
11773,8579.298597969808
11774,8041.416542208397
11775,8536.304977497177
11776,7408.025097614142
11777,7322.0587213081
11778,8056.524011343428
11779,8434.16797533619
11780,8370.901179499444
11781,8584.448127175689
11782,7532.474980826762
11783,8086.634668377897
11784,7889.576564647508
11785,7997.826815045439
11786,7534.05323142278
11787,8154.394074869408
11788,7418.130783179223
11789,7426.740802080557
11790,7950.580034153198
11791,8667.669802173408
11792,8368.552215256503
11793,8026.847765601871
11794,8413.02327366839
11795,7495.317652374289
11796,8598.872758858184
11797,7349.258370812751
11798,8446.018561328172
11799,7931.902922997835
11800,8550.09794494873
11801,7946.342609119198
11802,8064.021205351129
11803,7353.584639599815
11804,8436.59565243011
11805,7393.601888972287
11806,8587.076343965296
11807,7974.230709969225
11808,8537.310423212864
11809,8081.924639556857
11810,8568.862190400112
11811,8391.821460701565
11812,8485.508047248984
11813,7405.373922834124
11814,7508.971026415717
11815,7414.27034320305
11816,8433.19003420517
11817,7793.306910723424
11818,8411.436291886572
11819,8589.643439434214
11820,8978.610798525837
11821,8026.736410270774
11822,7566.117632523003
11823,8649.16026751681
11824,7970.665815634189
11825,8534.766718967934
11826,8369.678753085675
11827,8501.259069518655
11828,8483.416756633615
11829,9013.806453730409
11830,7513.680903094218
11831,8076.178222091772
11832,8514.219729704557
11833,8631.74580387659
11834,8482.255451540534
11835,8039.480182590959
11836,8535.639954728666
11837,8412.047505093458
11838,8128.600877538844
11839,7539.06517971924
11840,8020.892202972125
11841,8142.113802167026
11842,7408.106577126522
11843,7862.641775048905
11844,8009.110473067914
11845,8481.033025126762
11846,8028.341357246558
11847,8549.863685178003
11848,8483.538999274992
11849,7880.4565833492725
11850,7341.890589973538
11851,7939.4647280413155
11852,8496.24494866611
11853,8569.633376345075
11854,7409.515006155227
11855,8030.720311087903
11856,8075.450892319886
11857,7407.089820065978
11858,7945.555763719465
11859,8504.868167639208
11860,8073.433888737164
11861,8610.098630840817
11862,7338.513882536466
11863,7906.734433470694
11864,8340.584619547593
11865,7960.563260449487
11866,8464.035188330576
11867,8522.97541683106
11868,7913.843629414713
11869,8042.9841037234255
11870,7388.3491451084465
11871,7448.862826429733
11872,8557.371382110665
11873,8482.37769418191
11874,7807.09923280833
11875,9014.662152220048
11876,8568.53319257268
11877,7995.86979098459
11878,8283.39064163144
11879,7831.335019210355
11880,8422.369999104372
11881,8007.328382535285
11882,7913.977137314194
11883,8058.0924372443405
11884,7799.313828236326
11885,8020.940899777736
11886,7865.182516461047
11887,7791.41214978208
11888,8402.234081966359
11889,7798.995377107651
11890,8412.41423301759
11891,7544.49988093611
11892,8077.467895902608
11893,8068.4830617613925
11894,7379.822743915771
11895,8021.4557115362495
11896,7768.297419683136
11897,8089.972461062135
11898,7888.274559175212
11899,8348.923874539953
11900,8044.034533485976
11901,8553.77544970207
11902,8979.466497015477
11903,7825.6100061205325
11904,7977.194111448158
11905,8349.131118455647
11906,8043.58335230609
11907,7989.32256342328
11908,8434.04573269481
11909,7804.744150191537
11910,8446.746841432145
11911,7952.471459813695
11912,8465.880050352018
11913,8605.7183467753
11914,8709.899522013176
11915,8408.19686189008
11916,7981.351320786065
11917,8485.055809891419
11918,7903.0448223911335
11919,8516.045316369267
11920,7994.881624341544
11921,9014.417666937294
11922,7924.435447166545
11923,8419.829435465497
11924,7491.269769456422
11925,7508.928527382586
11926,7482.610208656942
11927,7890.236789640802
11928,8360.83077855639
11929,7532.158470481435
11930,8020.952173764919
11931,7839.533541271637
11932,7856.18785118723
11933,7792.922799167338
11934,8003.95395029183
11935,8073.189403454409
11936,8005.6526312243295
11937,8035.305458614697
11938,8523.897349397403
11939,8449.00833029762
11940,8116.509081554543
11941,8014.038968205439
11942,8565.439396441552
11943,7900.117495319759
11944,8576.80796208962
11945,9012.767391278703
11946,7510.486788556989
11947,8063.165506861489
11948,8541.540960052334
11949,7909.169665802108
11950,8959.362695264961
11951,7985.010703708437
11952,7889.197077117792
11953,8072.201639919871
11954,8324.919034233988
11955,7424.125429816182
11956,8464.27967361333
11957,7423.832561682063
11958,7521.820013291855
11959,7869.257443392491
11960,7837.0154575891265
11961,7783.973615399105
11962,8530.131724107634
11963,7534.07500604334
11964,8087.420445662811
11965,8553.948588152107
11966,7935.042311184799
11967,7593.372628794077
11968,7951.151026258711
11969,8816.619184084298
11970,8425.379705228803
11971,7838.494478819931
11972,8554.508905550332
11973,7860.31138700677
11974,7878.074251839685
11975,7929.417440224408
11976,8266.73089157185
11977,7966.741291504537
11978,7447.136391443191
11979,7502.917232104624
11980,7509.865204928016
11981,8657.044917885632
11982,8558.41044456237
11983,9010.016931847718
11984,7969.389366029246
11985,8163.72464050857
11986,7389.423865065288
11987,8645.375081236523
11988,8107.6815021931925
11989,8708.28937124909
11990,8152.172710898436
11991,8371.806490196603
11992,8086.209245082625
11993,8077.040428739899
11994,7723.6354692085815
11995,8142.6158825883695
11996,8718.552640368749
11997,8105.860227097204
11998,7681.463013020696
11999,8553.414216616064
12000,7587.895541732141
12001,8164.514104921507
12002,8234.89419292986
12003,8658.396095099266
12004,8039.054657944435
12005,8725.275985644488
12006,8039.5134003527555
12007,8678.640417959132
12008,7660.823186133216
12009,8766.155923673094
12010,7948.3718189926585
12011,8606.315875315064
12012,8254.036388706161
12013,7972.3760739223835
12014,8077.835005908849
12015,8151.321790074304
12016,8590.132808513437
12017,7619.486244808484
12018,8237.034436042719
12019,7521.980671370689
12020,8548.482380697926
12021,8236.377439783188
12022,8592.77518790376
12023,8097.540475714909
12024,8013.452232165233
12025,8639.063538582635
12026,8517.290356853413
12027,8112.495197454802
12028,8134.751399414429
12029,8357.692577873564
12030,8194.641803264942
12031,8106.286676344758
12032,7958.390319000389
12033,7602.49451765707
12034,9225.570601738531
12035,8572.023530389277
12036,8184.672918347937
12037,8708.956593020648
12038,7524.508825214506
12039,7458.723333191814
12040,8692.769668550214
12041,8605.480369651033
12042,8512.17150418362
12043,8687.910407679734
12044,8057.083723370368
12045,8186.879395537499
12046,8158.8247093414575
12047,7716.964274828709
12048,7565.989750937968
12049,8190.607796099499
12050,8648.512719615697
12051,8113.769907947552
12052,7645.533901967863
12053,8534.111118110875
12054,7627.171725353815
12055,8077.468277984718
12056,7462.988371394219
12057,8649.179941387256
12058,7866.968445347551
12059,8041.842917671627
12060,8097.58114601154
12061,8110.706195063554
12062,7860.417936974786
12063,8091.403967260256
12064,8159.690633343126
12065,8689.469117233033
12066,8647.000024866526
12067,8507.30201780111
12068,8132.4563655090415
12069,8161.524272963782
12070,8539.243136492629
12071,8209.89171509944
12072,8150.4001925984685
12073,8680.973253657325
12074,8814.915399314505
12075,7546.105102441618
12076,8435.973436557584
12077,8252.080506444128
12078,7505.523052470782
12079,7463.91864545034
12080,8036.4496874687575
12081,7549.964010734013
12082,7956.206368534184
12083,8601.87421173041
12084,8137.573205678132
12085,7485.584347941304
12086,8022.961542334882
12087,7649.506787812618
12088,7661.663108416578
12089,8042.011727651415
12090,8116.207113925523
12091,8200.509450051042
12092,8100.051562619154
12093,8637.26128385299
12094,8077.223792701964
12095,8118.102329236705
12096,8686.341704365888
12097,7549.047190923685
12098,8615.359400022435
12099,8196.292078923532
12100,7426.8599127446305
12101,8638.178103663318
12102,7623.303698518482
12103,8666.981583975665
12104,8086.341412975251
12105,8226.404438998925
12106,8562.591480995652
12107,8791.755531529563
12108,8131.479692688776
12109,7518.606889198541
12110,7592.171395527472
12111,8611.775530591447
12112,8130.525537862663
12113,7973.852472931924
12114,7594.1445000797985
12115,8191.035645344318
12116,8059.734140991824
12117,7514.244350302451
12118,8181.928568561726
12119,8184.128936106514
12120,9135.931188068515
12121,8136.036682236661
12122,7559.295121775302
12123,8069.561604557313
12124,8148.067356900275
12125,8716.780122068782
12126,8005.107018564311
12127,8620.208435380888
12128,7974.778263167074
12129,8171.965793289494
12130,7561.884377725322
12131,7635.515118130957
12132,8245.887060228975
12133,8604.319064557953
12134,7959.599090972557
12135,9137.520342406417
12136,8252.808849536375
12137,7968.23903177936
12138,8143.559717437365
12139,7455.684867416756
12140,8742.807579170072
12141,7536.45790831889
12142,8494.326845203967
12143,8165.181326693066
12144,8051.459777581257
12145,7854.982013533918
12146,8610.86709882757
12147,8095.367573220408
12148,7497.350679587063
12149,8078.018369870915
12150,8077.77388458816
12151,8187.918457989203
12152,8474.471402836616
12153,8286.35934183837
12154,8165.37491616716
12155,8620.157539572228
12156,8000.204744300453
12157,8604.74691380277
12158,8192.685921002909
12159,8045.004488082122
12160,8043.482213187571
12161,8662.025644243879
12162,8110.963834331322
12163,8195.619744395959
12164,8180.461656865202
12165,7685.782426731493
12166,8076.979307419209
12167,9135.136610899564
12168,9134.097548447859
12169,7487.263761219599
12170,7930.3852722395195
12171,7984.705388066323
12172,8730.532419223702
12173,8232.216077220352
12174,8391.850570623694
12175,8554.098838451182
12176,8592.77518790376
12177,7558.089433626839
12178,9136.786886558155
12179,7926.969276149698
12180,8462.11963839146
12181,7987.027998252488
12182,8216.339681928925
12183,8445.740363102534
12184,7483.12457835235
12185,8871.8976446132
12186,8235.643983934924
12187,8220.165209731129
12188,7536.83133999311
12189,8299.189706426949
12190,8268.75640148007
12191,9156.340596422473
12192,7466.105558749335
12193,8686.70843229002
12194,7793.700018054658
12195,8094.257461668821
12196,8110.789941250667
12197,8771.152533701512
12198,8177.355743497268
12199,7931.97349267694
12200,8660.25312594391
12201,7646.267357816126
12202,7652.196125922914
12203,8192.441435720155
12204,7679.0181601931545
12205,7960.435849195972
12206,8077.98676585059
12207,8217.490951690428
12208,8223.603083759283
12209,7973.149393358968
12210,7655.521202560374
12211,8157.42914447765
12212,8085.906973760029
12213,8466.74302464399
12214,8501.836871329717
12215,8782.342848143528
12216,7975.460334477033
12217,7413.968426835362
12218,8195.253016471828
12219,8232.64870413068
12220,7682.435841395699
12221,7465.630042429619
12222,7595.893415022707
12223,8067.591477772783
12224,9134.708761654743
12225,8209.4738331682
12226,7551.880338867504
12227,8555.46561850368
12228,8134.320172501368
12229,7545.807760927192
12230,8505.086981208075
12231,9101.896837957025
12232,8065.507001457755
12233,8595.219239544012
12234,7601.301923524461
12235,8188.04070063058
12236,7604.087578958591
12237,8523.684007673744
12238,8492.4231138378
12239,8805.013745362961
12240,8068.392712605071
12241,8026.942075029208
12242,8606.336068140674
12243,8144.969840307872
12244,8170.962797542822
12245,8067.6963367822045
12246,8689.153285117562
12247,8570.651442370594
12248,8095.060091793715
12249,7504.404318128185
12250,8548.386492113326
12251,7993.844402463149
12252,8689.092163796873
12253,8068.410241147085
12254,7493.463101268347
12255,7510.72412285197
12256,7428.251903768806
12257,8152.662729939098
12258,8225.420979725524
12259,8675.844175475502
12260,8661.2870756396
12261,7981.58240822874
12262,8135.980673671987
12263,8711.82929509301
12264,9136.786886558155
12265,7998.341021432667
12266,7663.879252167643
12267,8686.718657802048
12268,8254.64147583667
12269,8756.188035644847
12270,7523.3893902195105
12271,8197.717540062082
12272,8063.214783978501
12273,8057.652888705901
12274,8528.616051020295
12275,8707.617036721515
12276,8166.648238389591
12277,7572.214071918495
12278,9136.725765237465
12279,8143.493483360663
12280,8203.137331750142
12281,8044.518644899126
12282,8193.358255530484
12283,8679.80683580823
12284,7953.311334623573
12285,8194.213954020122
12286,8780.448087202183
12287,8140.855041059027
12288,8274.25732034204
12289,8543.417207399718
12290,8039.305005909163
12291,7591.766335698798
12292,8176.794377623889
12293,8072.9527703614185
12294,7611.92569164415
12295,8102.637281191992
12296,7475.4724590827245
12297,7669.074564426169
12298,8443.86545989629
12299,7922.9641214885
12300,8686.830674931396
12301,8160.70125110375
12302,9098.535165319157
12303,8010.717611458882
12304,8749.831418293239
12305,8727.96021099877
12306,8476.779768500284
12307,7641.811688267757
12308,8542.727489240187
12309,8169.4923508608135
12310,8720.936371875603
12311,8183.939462499675
12312,8729.615599413375
12313,8605.969340216543
12314,8492.64707637914
12315,7490.479475812182
12316,8058.600746589787
12317,8606.349233852632
12318,8710.912475282683
12319,8638.231172028063
12320,8483.622734666056
12321,7562.658503870216
12322,8601.935333051098
12323,7708.299114040169
12324,8191.707979871893
12325,8075.879123646816
12326,8606.03046153723
12327,7971.887103356876
12328,8693.625367039855
12329,8678.589522150472
12330,8491.061766486502
12331,7443.523247084516
12332,7599.872681934227
12333,8034.259690346056
12334,8274.872973490634
12335,8656.035754816401
12336,9138.009312971924
12337,8078.2206905308085
12338,8186.451546292678
12339,7895.067374393571
12340,8180.551435805028
12341,8181.745204599661
12342,8725.5051326592
12343,8790.899833039923
12344,8667.439878005087
12345,8670.70487178165
12346,9138.559404858122
12347,7646.215190488655
12348,8689.952975042526
12349,8607.191766630312
12350,8570.957048974036
12351,8037.565058863131
12352,8160.526283917215
12353,8722.505075189447
12354,8105.633125446406
12355,7612.986321288001
12356,8142.526816216829
12357,8774.402189210032
12358,8109.899407009072
12359,8097.015019229321
12360,7720.902393409553
12361,8089.33854197202
12362,7615.88008688786
12363,8728.698779603048
12364,8054.355464771232
12365,8460.897211977688
12366,7962.2986545948825
12367,8692.95303251228
12368,8137.506043902203
12369,9133.853063165105
12370,7930.140786956765
12371,7479.128867445361
12372,8178.770988322912
12373,8183.756098537609
12374,7620.341943298124
12375,8688.053101345167
12376,8158.896056174175
12377,8194.357694374145
12378,8136.595264547114
12379,8009.234861037724
12380,8573.51679614258
12381,8601.077462005374
12382,8143.765078147173
12383,8015.533924917335
12384,8149.362178621916
12385,7504.392001165492
12386,7962.925350979868
12387,8453.112970130445
12388,8756.432520927601
12389,8054.648924272529
12390,8623.885940134229
12391,8627.542993863513
12392,8713.90741999642
12393,8714.157018035188
12394,8702.17212642422
12395,7635.590306200877
12396,8238.878301175402
12397,8094.122459421858
12398,7949.693096823818
12399,8690.657926910786
12400,8091.384759596459
12401,8616.20680329799
12402,9134.89212561681
12403,7437.12536614732
12404,8111.359006946534
12405,8115.88602414398
12406,8046.996020717139
12407,8804.769260080207
12408,8724.298044513473
12409,9156.401717743161
12410,8689.469117233033
12411,7623.275766691173
12412,7507.116080909095
12413,8731.204753751277
12414,7647.783310954208
12415,8605.969340216543
12416,8278.046842224729
12417,8119.768185421481
12418,8731.143632430589
12419,8017.637080302272
12420,8056.306674743431
12421,9137.887070330547
12422,7637.998595891217
12423,7537.789997038317
12424,8022.575147672459
12425,8535.027937921204
12426,7575.814926086296
12427,8177.793047191895
12428,7566.83380470383
12429,8180.2782929031355
12430,7991.524266380131
12431,8159.35132438253
12432,8183.074535386766
12433,8007.631012982066
12434,9227.037513435056
12435,8073.647152081705
12436,8606.763917385493
12437,7633.633201714845
12438,9189.702612006387
12439,9083.810039789232
12440,8458.991563726064
12441,8713.825847651675
12442,8509.053370731155
12443,8095.222643194253
12444,8105.2052762015865
12445,8209.489171436244
12446,8607.841477577746
12447,7881.074304714645
12448,7967.833238456331
12449,7989.915410944131
12450,7568.285068672531
12451,7577.688281177156
12452,8013.15610114786
12453,8211.6130793923
12454,7639.824306329725
12455,8710.517243378548
12456,7521.483184750197
12457,8072.120596278878
12458,8585.193203938452
12459,8136.890145181938
12460,8677.968083431559
12461,7686.672392028454
12462,8158.198416064978
12463,8607.31400927169
12464,8723.717391966931
12465,7607.813340867723
12466,8660.558732547353
12467,7640.627903218308
12468,8785.643399460709
12469,8725.2148643238
12470,7994.991463033733
12471,8155.684045141218
12472,8275.90759600063
12473,7576.67761814614
12474,7903.779613651459
12475,8098.871283716402
12476,8073.642039325689
12477,8088.250034970251
12478,8689.397770400315
12479,8484.229865874197
12480,8623.926547442581
12481,7996.453835623536
12482,7451.156398960715
12483,8078.385097795046
12484,8568.023225580986
12485,8746.714230938123
12486,7597.874610098845
12487,8606.274946819984
12488,8164.013895523607
12489,8386.410773082414
12490,8012.7282519030405
12491,8588.47886618285
12492,8577.828478084157
12493,8268.822635556773
12494,7581.376966268953
12495,8725.459349606554
12496,8200.63169269242
12497,8726.182579942788
12498,7875.563898539662
12499,8061.5547115471145
12500,8685.312867426212
12501,7522.771251951715
12502,7666.018498391742
12503,8264.520811173508
12504,7970.6009286964945
12505,7521.818874600771
12506,7534.322065393761
12507,8428.552761132834
12508,7685.816693538814
12509,7640.347560134159
12510,8041.144862726977
12511,8445.166391262705
12512,8521.7892467324
12513,7974.2970111472405
12514,8721.608706403176
12515,8061.718269035409
12516,8606.88616002687
12517,8162.161327363672
12518,8589.410575065962
12519,8057.787229154612
12520,8517.593281455374
12521,7914.314077657182
12522,9136.236794671957
12523,7637.108130137666
12524,7931.17984940847
12525,8539.138714951521
12526,7627.506515663713
12527,7590.6661354948
12528,8624.850715553286
12529,7518.6590236628035
12530,7466.678002113444
12531,8720.814129234226
12532,7520.147031750033
12533,7498.8762188614655
12534,7613.158781508183
12535,8480.569290382973
12536,7954.331625173005
12537,7681.790951462387
12538,8590.01056587206
12539,8218.290641615393
12540,8159.918767037475
12541,8074.01140671905
12542,8067.992617414294
12543,8607.191766630312
12544,7993.103800221907
12545,8702.477733027663
12546,8649.174828631241
12547,8266.0110548051
12548,7479.491127980125
12549,8701.494679140633
12550,7456.888365291248
12551,8522.90329284473
12552,8814.397820113327
12553,8044.457523578438
12554,8086.282475937593
12555,8062.565579478598
12556,8648.461823807036
12557,8126.575242054605
12558,8239.423280305586
12559,8665.804940614538
12560,8711.768173772321
12561,7562.495590932208
12562,8236.015634434621
12563,7621.822232839679
12564,7526.14022162863
12565,7601.219235011626
12566,8549.997548733882
12567,8092.932650348774
12568,8498.969235926617
12569,8591.599720209962
12570,8717.452456596355
12571,8635.483652797007
12572,7955.450580847673
12573,8073.808468851059
12574,8612.853425874206
12575,7919.677881706515
12576,8060.93419479142
12577,8678.518175317755
12578,8658.592624773291
12579,8686.779779122737
12580,8350.33962022202
12581,9191.780736909797
12582,8045.332642334866
12583,8727.231867906521
12584,8606.274946819984
12585,9099.268621167419
12586,7993.850410055181
12587,8014.574001057976
12588,7977.679969676027
12589,8076.170663501027
12590,7997.930984559035
12591,7893.596588596635
12592,8552.931037036426
12593,8678.823781921197
12594,8593.890709944199
12595,8224.33142685153
12596,7420.503295393022
12597,8190.607796099499
12598,8039.154213201033
12599,8623.284952439371
12600,7593.779481612712
12601,8722.036555647996
12602,8194.825167227009
12603,7965.299269773495
12604,8520.427194045296
12605,7539.463269541467
12606,8035.838474261872
12607,7345.296171982017
12608,8073.640292510971
12609,8237.044661554746
12610,8075.592808831709
12611,8608.249107549991
12612,8569.306773315446
12613,8161.952122208602
12614,8163.85419490901
12615,9136.053430709891
12616,8039.27645584241
12617,9080.93733771687
12618,8181.363396605935
12619,8547.36987996284
12620,8568.09239985762
12621,8099.781513556328
12622,8093.768491103312
12623,8707.606811209487
12624,8606.825038706182
12625,8620.449980463713
12626,7647.620980864491
12627,8063.992860624568
12628,7443.344995878464
12629,8702.829122683752
12630,8164.947066922341
12631,8659.83550221112
12632,7531.5556223280855
12633,7445.589246022043
12634,8180.0545360573715
12635,8557.698500050132
12636,8494.431704213388
12637,8707.978651889633
12638,7656.005505540705
12639,8210.16519309184
12640,8013.107089361451
12641,8121.357339759383
12642,7657.583756136723
12643,8277.924599583352
12644,7541.661307893166
12645,7550.2713267945
12646,8074.110558867141
12647,8791.200326887352
12648,8492.082739970447
12649,8150.3782903158135
12650,8536.553798382332
12651,7618.848177088232
12652,8722.403283572126
12653,7472.788895526694
12654,8569.549086042116
12655,8055.433447711777
12656,8673.628469662672
12657,8069.87313383314
12658,8187.551730065072
12659,7477.115164313758
12660,8560.126177144051
12661,7517.13241368623
12662,8710.606868679239
12663,8097.761234683168
12664,8660.840947926808
12665,8205.4551642708
12666,8692.392715114054
12667,8515.35198541551
12668,8609.038571962927
12669,7528.904447548067
12670,7632.50155112966
12671,7537.800867916993
12672,8556.720558919114
12673,7916.837435437368
12674,8534.966816600514
12675,8713.173964148158
12676,9102.141323239779
12677,8150.266934984717
12678,7689.648157236947
12679,8772.690792230753
12680,8094.196340348132
12681,8658.297243681878
12682,8493.209277799617
12683,8624.7895942326
12684,8606.947281347559
12685,9137.336978444351
12686,7637.211427808161
12687,8199.708746805714
12688,8637.750254418499
12689,8755.276328590533
12690,8605.785976254476
12691,8163.010707304902
12692,8659.170479442608
12693,8535.5780298074
12694,8252.131402252788
12695,7662.5957044331835
12696,8144.422727686068
12697,8265.644326880969
12698,7531.637101840466
12699,7986.1722997628485
12700,8132.6409977818585
12701,8604.563549840706
12702,8151.8718819605
12703,8673.394209891947
12704,8607.069523988936
12705,8003.987108063216
12706,7465.421114687481
12707,8062.995252755259
12708,8619.775473380054
12709,8693.163901059017
12710,7533.04553086917
12711,8154.250835801846
12712,8198.981417033829
12713,7530.620344779921
12714,8069.086288433407
12715,8628.398692353152
12716,8196.964413451107
12717,8733.629155554761
12718,7462.044407250409
12719,8030.264958184637
12720,8464.115144261537
12721,8084.09378516343
12722,8587.565713044518
12723,8646.505941545003
12724,8037.374154128656
12725,8166.5146284373695
12726,7511.8796698223905
12727,7572.393351143676
12728,8680.901906824609
12729,8605.908218895853
12730,7930.629757522273
12731,9138.192676933992
12732,8692.063717286623
12733,8119.400315698533
12734,8406.921166345383
12735,7954.865543924299
12736,8545.900523818316
12737,8130.858907249227
12738,8037.507662028137
12739,8181.622961958284
12740,7922.844352950269
12741,8144.4714244916795
12742,7988.71304117499
12743,7914.942674496024
12744,8525.7646066803
12745,7922.525901821594
12746,8535.944757731533
12747,7668.030405650054
12748,8200.99842061655
12749,8192.013586475336
12750,7503.353268629714
12751,8144.986236250193
12752,7891.827944397079
12753,8213.502985776078
12754,8011.805083889155
12755,8472.454399253895
12756,8167.56505819992
12757,8677.305974416013
12758,9102.99702172942
12759,7949.140530834476
12760,8100.724636162102
12761,8472.661643169591
12762,8167.113877020032
12763,8112.853088137224
12764,8557.576257408753
12765,7928.27467490548
12766,8570.277366146087
12767,8076.001984527638
12768,8589.410575065962
12769,8729.248871489244
12770,8833.430046727119
12771,8531.727386604023
12772,8104.881845500007
12773,8608.586334605363
12774,8026.575347105077
12775,8639.57584108321
12776,8118.412149055488
12777,9137.948191651236
12778,8047.965971880489
12779,8543.35996017944
12780,7614.800294170365
12781,7632.459052096529
12782,7606.140733370885
12783,8013.767314354745
12784,8484.361303270334
12785,7655.688995195378
12786,8144.482698478862
12787,7963.06406598558
12788,7979.718375901173
12789,7916.453323881281
12790,8127.484475005773
12791,8196.719928168353
12792,8129.183155938274
12793,8158.83598332864
12794,8647.427874111345
12795,8572.538855011564
12796,8240.039606268485
12797,8137.569492919381
12798,8688.969921155496
12799,8023.648020033702
12800,8700.338486803565
12801,9136.297915992645
12802,7634.0173132709315
12803,8186.696031575432
12804,8665.071484766277
12805,8032.700190516051
12806,9082.893219978905
12807,8108.541228422379
12808,8012.727601831735
12809,8195.732164633813
12810,8448.44955894793
12811,7547.655954530126
12812,8587.810198327272
12813,7547.363086396006
12814,7645.350538005798
12815,7992.787968106435
12816,7960.54598230307
12817,7907.504140113048
12818,8653.662248821576
12819,7657.605530757283
12820,8210.950970376754
12821,8677.47911286605
12822,8058.572835898742
12823,7716.90315350802
12824,8074.681550972653
12825,8940.149708798243
12826,8548.910229942747
12827,7962.025003533874
12828,8678.039430264276
12829,7983.841911720714
12830,8001.604776553628
12831,8052.94796493835
12832,8390.261416285794
12833,8090.27181621848
12834,7570.6669161571335
12835,7626.4477568185675
12836,7633.395729641959
12837,8780.575442599575
12838,8681.940969276315
12839,9133.54745656166
12840,8092.919890743189
12841,8287.255165222512
12842,7512.954389779232
12843,8768.905605950466
12844,8231.212026907135
12845,8831.819895963032
12846,8275.703235612378
12847,8495.337014910547
12848,8209.739769796568
12849,8200.570953453842
12850,7847.165993922525
12851,8266.146407302313
12852,8842.083165082693
12853,8229.390751811148
12854,7804.993537734639
12855,8676.944741330008
12856,7711.426066446084
12857,8288.04462963545
12858,8358.424717643804
12859,8781.92661981321
12860,8162.5851826583785
12861,8848.806510358432
12862,8163.043925066699
12863,8802.170942673076
12864,7784.353710847159
12865,8889.686448387038
12866,8071.902343706602
12867,8729.846400029008
12868,8377.566913420103
12869,8095.9065986363275
12870,8201.365530622792
12871,8274.852314788246
12872,8713.663333227381
12873,7743.016769522427
12874,8360.564960756661
12875,7645.511196084633
12876,8672.01290541187
12877,8359.90796449713
12878,8716.305712617705
12879,8221.071000428852
12880,8136.982756879177
12881,8762.59406329658
12882,8640.820881567357
12883,8236.025722168746
12884,8258.281924128372
12885,8481.223102587508
12886,8318.172327978886
12887,8229.817201058702
12888,8081.920843714332
12889,7726.025042371013
12890,9349.101126452475
12891,8695.55405510322
12892,8308.20344306188
12893,8832.487117734592
12894,7648.039349928449
12895,7582.253857905757
12896,8816.300193264156
12897,8729.010894364976
12898,8635.702028897564
12899,8811.440932393676
12900,8180.614248084312
12901,8310.40992025144
12902,8282.355234055402
12903,7840.494799542652
12904,7689.52027565191
12905,8314.138320813443
12906,8772.04324432964
12907,8237.300432661496
12908,7769.064426681806
12909,8657.64164282482
12910,7750.7022500677585
12911,8200.998802698661
12912,7586.518896108162
12913,8772.710466101198
12914,7990.498970061494
12915,8165.37344238557
12916,8221.111670725484
12917,8234.236719777498
12918,7983.948461688729
12919,8214.934491974198
12920,8283.22115805707
12921,8812.999641946975
12922,8770.530549580468
12923,8630.832542515052
12924,8255.986890222985
12925,8285.054797677725
12926,8662.773661206571
12927,8333.422239813382
12928,8273.93071731241
12929,8804.503778371269
12930,8938.445924028449
12931,7669.635627155561
12932,8559.503961271526
12933,8375.61103115807
12934,7629.053577184724
12935,7587.449170164283
12936,8159.980212182701
12937,7673.494535447955
12938,8079.736893248127
12939,8725.404736444354
12940,8261.103730392075
12941,7609.114872655247
12942,8146.492067048825
12943,7773.037312526561
12944,7785.193633130521
12945,8165.542252365358
12946,8239.737638639466
12947,8324.039974764986
12948,8223.582087333098
12949,8760.791808566933
12950,8200.754317415907
12951,8241.632853950648
12952,8809.872229079832
12953,7672.577715637628
12954,8738.889924736379
12955,8319.822603637476
12956,7550.390437458573
12957,8761.708628377262
12958,7746.834223232425
12959,8790.512108689607
12960,8209.871937689193
12961,8349.934963712869
12962,8686.122005709594
12963,8915.286056243505
12964,8255.01021740272
12965,7642.137413912484
12966,7715.701920241415
12967,8735.30605530539
12968,8254.056062576607
12969,8097.382997645867
12970,7717.675024793742
12971,8314.566170058262
12972,8183.264665705767
12973,7637.774875016394
12974,8305.45909327567
12975,8307.659460820458
12976,9259.461712782457
12977,8259.567206950604
12978,7682.825646489245
12979,8193.092129271256
12980,8271.597881614218
12981,8840.310646782724
12982,8128.637543278254
12983,8743.73896009483
12984,8098.308787881017
12985,8295.496318003437
12986,7685.414902439266
12987,7759.0456428449
12988,8369.41758494292
12989,8727.849589271895
12990,8083.1296156865
12991,9261.05086712036
12992,8376.339374250318
12993,8091.769556493303
12994,8267.09024215131
12995,7579.2153921307
12996,8866.338103884014
12997,7659.988433032833
12998,8617.85736991791
12999,8288.71185140701
13000,8174.9903022952
13001,7978.51253824786
13002,8734.397623541512
13003,8218.898097934352
13004,7620.881204301006
13005,8201.54889458486
13006,8201.304409302104
13007,8311.448982703147
13008,8598.001927550558
13009,8409.889866552312
13010,8288.905440881103
13011,8743.68806428617
13012,8123.735269014396
13013,8728.277438516714
13014,8316.216445716853
13015,8168.535012796066
13016,8167.012737901514
13017,8785.55616895782
13018,8234.494359045264
13019,8319.150269109901
13020,8303.992181579144
13021,7809.312951445436
13022,8200.509832133153
13023,9258.667135613507
13024,9257.628073161803
13025,7610.794285933542
13026,8053.915796953463
13027,8108.2359127802665
13028,8854.062943937646
13029,8355.746601934296
13030,8515.381095337638
13031,8677.629363165124
13032,8716.305712617705
13033,7681.619958340782
13034,9260.317411272097
13035,8050.499800863641
13036,8585.650163105402
13037,8110.558522966431
13038,8339.870206642869
13039,8569.270887816478
13040,7606.655103066293
13041,8995.428169327144
13042,8359.174508648868
13043,8343.695734445073
13044,7660.361864707053
13045,8422.720231140893
13046,8392.286926194014
13047,9279.871121136417
13048,7589.636083463278
13049,8810.238957003963
13050,7917.230542768601
13051,8217.787986382764
13052,8234.32046596461
13053,8894.683058415454
13054,8300.886268211212
13055,8055.504017390884
13056,8783.783650657853
13057,7769.797882530069
13058,7775.726650636857
13059,8315.971960434099
13060,7802.548684907098
13061,8083.966373909916
13062,8201.517290564534
13063,8341.02147640437
13064,8347.133608473225
13065,8096.679918072911
13066,7779.051727274317
13067,8280.959669191594
13068,8209.437498473972
13069,8590.273549357935
13070,8625.36739604366
13071,8905.873372857472
13072,8098.990859190976
13073,7537.498951549305
13074,8318.78354118577
13075,8356.179228844623
13076,7805.966366109642
13077,7589.160567143562
13078,7719.42393973665
13079,8191.122002486725
13080,9258.239286368687
13081,8333.004357882142
13082,7675.410863581446
13083,8678.996143217622
13084,8257.85069721531
13085,7669.338285641135
13086,8628.617505922019
13087,9225.42736267097
13088,8189.037526171698
13089,8718.749764257955
13090,7724.832448238405
13091,8311.571225344524
13092,7727.618103672533
13093,8647.214532387687
13094,8615.953638551742
13095,8928.544270076905
13096,8191.923237319014
13097,8150.4725997431515
13098,8729.866592854616
13099,8268.500365021815
13100,8294.493322256765
13101,8191.226861496147
13102,8812.683809831506
13103,8694.181967084536
13104,8218.59061650766
13105,7627.934842842128
13106,8671.917016827269
13107,8117.374927177092
13108,8812.622688510815
13109,8191.940765861028
13110,7616.99362598229
13111,7634.254647565913
13112,7551.782428482749
13113,8276.19325465304
13114,8348.951504439468
13115,8799.374700189446
13116,8784.817600353545
13117,8105.112932942683
13118,8259.51119838593
13119,8835.359819806952
13120,9260.317411272097
13121,8121.871546146609
13122,7787.409776881586
13123,8810.249182515992
13124,8378.172000550612
13125,8879.71856035879
13126,7646.919914933454
13127,8321.248064776026
13128,8186.745308692443
13129,8181.183413419844
13130,8652.146575734238
13131,8831.147561435459
13132,8290.178763103533
13133,7695.7445966324385
13134,9260.256289951409
13135,8267.024008074606
13136,8326.667856464086
13137,8168.049169613069
13138,8316.888780244426
13139,8803.337360522171
13140,8076.841859337517
13141,8317.744478734066
13142,8903.978611916125
13143,8264.38556577297
13144,8397.787845055982
13145,8666.947732113662
13146,8162.835530623106
13147,7715.296860412741
13148,8300.324902337832
13149,8196.483295075363
13150,7735.456216358092
13151,8226.167805905934
13152,7599.002983796669
13153,7792.605089140112
13154,8567.395984610233
13155,8046.494646202444
13156,8810.36119964534
13157,8284.231775817694
13158,9222.0656900331
13159,8134.248136172825
13160,8873.361943007181
13161,8851.490735712714
13162,8600.310293214226
13163,7765.3422129817
13164,8666.258013954131
13165,8293.022875574756
13166,8844.466896589545
13167,8307.469987213619
13168,8853.146124127317
13169,8729.499864930485
13170,8616.177601093084
13171,7614.010000526125
13172,8182.131271303731
13173,8729.879758566574
13174,8834.442999996625
13175,8761.761696742007
13176,8607.15325938
13177,7686.189028584159
13178,8725.46585776504
13179,7831.829638754112
13180,8315.238504585835
13181,8199.40964836076
13182,8729.560986251174
13183,8095.417628070819
13184,8817.155891753797
13185,8802.120046864417
13186,8614.592291200446
13187,7567.053771798459
13188,7723.40320664817
13189,8157.790215059999
13190,8398.403498204578
13191,8779.566279530343
13192,9261.539837685868
13193,8201.751215244753
13194,8309.982071006621
13195,8018.597899107514
13196,8304.081960518972
13197,8305.275729313604
13198,8849.035657373142
13199,8914.430357753867
13200,8790.97040271903
13201,8794.235396495595
13202,9262.089929572065
13203,7769.745715202598
13204,8813.48349975647
13205,8730.722291344257
13206,8694.48757368798
13207,8161.095583577074
13208,8284.056808631158
13209,8846.035599903389
13210,8229.16365016035
13211,7736.516846001945
13212,8266.057340930773
13213,8897.932713923976
13214,8233.429931723014
13215,8220.545543943264
13216,7844.432918123496
13217,8212.869066685962
13218,7739.410611601803
13219,8852.22930431699
13220,8177.885989485175
13221,8584.427736691632
13222,8085.829179308825
13223,8816.483557226224
13224,8261.036568616146
13225,9257.383587879047
13226,8053.671311670708
13227,7602.659392159304
13228,8302.301513036855
13229,8307.286623251552
13230,7743.872468012067
13231,8811.583626059111
13232,8282.426580888117
13233,8317.888219088087
13234,8260.125789261057
13235,8132.765385751667
13236,8697.047320856524
13237,8724.607986719318
13238,8267.295602861115
13239,8139.064449631278
13240,8272.89270333586
13241,7627.922525879435
13242,8086.455875693811
13243,8576.64349484439
13244,8879.963045641545
13245,8178.179448986473
13246,8747.416464848171
13247,8751.073518577456
13248,8837.437944710364
13249,8837.687542749132
13250,8825.702651138163
13251,7759.1208309148205
13252,8362.408825889346
13253,8217.652984135802
13254,8073.223621537762
13255,8814.18845162473
13256,8214.915284310402
13257,8739.737328011932
13258,9258.422650330753
13259,7560.655890861263
13260,8234.889531660478
13261,8239.416548857922
13262,8170.526545431082
13263,8928.299784794151
13264,8847.828569227415
13265,9279.932242457104
13266,8812.999641946975
13267,7746.806291405116
13268,7630.646605623038
13269,8854.735278465221
13270,7771.313835668151
13271,8729.499864930485
13272,8401.577366938673
13273,8243.298710135423
13274,8854.67415714453
13275,8141.167605016215
13276,8179.837199457374
13277,9261.417595044491
13278,7761.52912060516
13279,7661.32052175226
13280,8146.105672386402
13281,8658.558462635146
13282,7699.345450800239
13283,8301.32357190584
13284,7690.364329417773
13285,8303.808817617079
13286,8115.054791094074
13287,8282.881849096473
13288,8306.605060100708
13289,8131.161537696009
13290,9350.568038148998
13291,8197.177676795647
13292,8730.294442099435
13293,7757.163726428788
13294,9313.23313672033
13295,9207.340564503174
13296,8582.522088440006
13297,8837.356372365617
13298,8632.5838954451
13299,8218.753167908195
13300,8228.735800915529
13301,8333.019696150186
13302,8731.372002291688
13303,8004.604829428588
13304,8091.363763170274
13305,8113.445935658074
13306,7691.815593386475
13307,7701.218805891099
13308,8136.686625861803
13309,8335.143604106242
13310,7763.354831043667
13311,8834.047768092492
13312,7645.01370946414
13313,8195.651120992821
13314,8708.723728652396
13315,8260.420669895882
13316,8801.498608145503
13317,7810.202916742397
13318,8281.728940778921
13319,8730.844533985633
13320,8847.247916680873
13321,7731.343865581666
13322,8784.089257261296
13323,7764.1584279322515
13324,8909.173924174653
13325,8848.745389037744
13326,8118.5219877476775
13327,8279.214569855161
13328,8399.438120714573
13329,7700.208142860083
13330,8027.310138365402
13331,8222.401808430344
13332,8197.172564039633
13333,8211.780559684194
13334,8812.92829511426
13335,8607.76039058814
13336,8747.457072156525
13337,8119.984360337479
13338,7574.686923674657
13339,8201.91562250899
13340,8691.55375029493
13341,8870.244755652067
13342,7721.405134812788
13343,8729.805471533928
13344,8287.544420237551
13345,8509.941297796358
13346,8136.258776616984
13347,8712.009390896792
13348,8701.3590027981
13349,8392.353160270715
13350,7704.907490982896
13351,8848.989874320498
13352,8324.162217406363
13353,8849.713104656732
13354,7999.094423253604
13355,8185.085236261058
13356,8808.843392140156
13357,7646.3017766656585
13358,7789.549023105685
13359,8388.051335887452
13360,8094.131453410438
13361,7645.349399314713
13362,7657.852590107704
13363,8552.083285846777
13364,7809.347218252758
13365,7763.878084848102
13366,8164.6753874409205
13367,8568.696915976649
13368,8645.319771446342
13369,8097.827535861184
13370,8845.139231117118
13371,8185.248793749353
13372,8730.416684740812
13373,8285.691852077616
13374,8712.941099779906
13375,8181.317753868555
13376,8641.123806169318
13377,8037.844602371126
13378,9259.767319385901
13379,7760.638654851609
13380,8054.710374122413
13381,8662.669239665463
13382,7751.037040377656
13383,7714.196660208743
13384,8748.38124026723
13385,7642.189548376747
13386,7590.208526827387
13387,8844.344653948168
13388,7643.6775564639765
13389,7622.406743575409
13390,7736.689306222126
13391,8604.099815096917
13392,8077.862149886948
13393,7805.32147617633
13394,8713.541090586004
13395,8341.821166329337
13396,8283.449291751418
13397,8197.541931432992
13398,8191.523142128237
13399,8730.722291344257
13400,8116.634324935849
13401,8826.008257741607
13402,8772.705353345185
13403,8389.541579519044
13404,7603.0216526940685
13405,8825.025203854575
13406,7580.418890005192
13407,8646.433817558674
13408,8937.928344827269
13409,8167.988048292381
13410,8209.813000651535
13411,8186.096104192542
13412,8771.99234852098
13413,8250.105766768549
13414,8362.953805019528
13415,8789.335465328482
13416,8835.298698486265
13417,7686.026115646151
13418,8359.546159148564
13419,7745.352757553622
13420,7649.670746342573
13421,7724.749759725569
13422,8673.528073447826
13423,8216.463175062716
13424,8622.49976064056
13425,8715.130244923905
13426,8840.982981310299
13427,8759.014177510951
13428,8078.981105561616
13429,8197.338993565001
13430,8736.383950588148
13431,8043.208406420457
13432,8184.464719505364
13433,8802.048700031699
13434,8782.123149487234
13435,8810.310303836679
13436,8473.870144935961
13437,9315.311261623741
13438,8168.86316704881
13439,8850.762392620465
13440,8729.805471533928
13441,9222.799145881363
13442,8117.380934769124
13443,8138.104525771919
13444,8101.21049438997
13445,8199.70118821497
13446,8121.461509272978
13447,8017.127113310578
13448,8676.46156175037
13449,8802.354306635141
13450,8717.42123465814
13451,8347.861951565474
13452,7544.033820106964
13453,8314.138320813443
13454,8162.684737914976
13455,8746.815477153315
13456,7717.310006326655
13457,8845.56708036194
13458,8318.355691940951
13459,8088.829794487439
13460,8643.95771875924
13461,7662.99379425541
13462,8159.368998975815
13463,7468.82669669596
13464,8197.170817224915
13465,8360.57518626869
13466,8199.123333545653
13467,8731.779632263933
13468,8692.83729802939
13469,8285.482646922545
13470,8287.384719622954
13471,9259.583955423834
13472,8162.806980556353
13473,9204.467862430814
13474,8304.893921319877
13475,8670.900404676782
13476,8691.622924571562
13477,8223.312038270271
13478,8217.299015817254
13479,8831.13733592343
13480,8730.355563420126
13481,8743.980505177655
13482,7771.151505578434
13483,8187.523385338511
13484,7566.875520592407
13485,8826.359647397694
13486,8288.477591636283
13487,8783.366026925061
13488,7655.086147042029
13489,7569.119770735986
13490,8303.585060771315
13491,8681.229024764074
13492,8617.962228927332
13493,8831.509176603575
13494,7779.536030254649
13495,8333.695717805782
13496,8136.637614075394
13497,8244.887864473327
13498,7781.114280850667
13499,8401.455124297294
13500,7665.191832607109
13501,7673.801851508443
13502,8197.641083581084
13503,8914.730851601294
13504,8615.61326468439
13505,8273.908815029758
13506,8660.084323096276
13507,7742.378701802175
13508,8845.93380828607
13509,7596.319420240638
13510,8693.07961075606
13511,8178.963972425721
13512,8797.158994376616
13513,8193.403658547084
13514,8311.082254779016
13515,7600.645689027701
13516,8683.656701857995
13517,7640.6629384001735
13518,8834.137393393183
13519,8221.29175939711
13520,8784.371472640752
13521,8328.985688984743
13522,8815.923239827996
13523,8638.882510129451
13524,8732.56909667687
13525,7652.43497226201
13526,7756.032075843603
13527,7661.3313926309365
13528,8680.251083633058
13529,8040.36796015131
13530,8658.497341314458
13531,8836.7044888621
13532,9225.671847953723
13533,8273.79745969866
13534,7813.17868195089
13535,8896.221316944697
13536,8217.726865062075
13537,8781.82776839582
13538,8616.739802513559
13539,8748.320118946542
13540,8730.477806061503
13541,9260.867503158293
13542,7760.741952522104
13543,8323.239271519658
13544,8761.280779132441
13545,8878.806853304477
13546,8729.31650096842
13547,8286.541232018844
13548,8782.701004156552
13549,8659.108554521343
13550,8375.66192696673
13551,7786.126229147127
13552,8267.953252400011
13553,8389.174851594911
13554,7655.167626554408
13555,8109.702824476792
13556,8256.1715224958
13557,8728.094074554649
13558,8275.402406674444
13559,8796.92473460589
13560,8730.60004870288
13561,8127.517632777159
13562,7588.9516394014245
13563,8186.525777469202
13564,8743.305998093996
13565,8816.69442577296
13566,7656.576055583113
13567,8277.78136051579
13568,8322.511941747773
13569,7654.150869493864
13570,8192.616813147351
13571,8751.929217067096
13572,8320.494938165051
13573,8857.159680268704
13574,7585.574931964352
13575,8153.79548289858
13576,8587.64566897548
13577,8207.624309877374
13578,8711.096237758462
13579,8770.036466258945
13580,8160.904678842599
13581,8290.045153151312
13582,7635.410194536333
13583,7695.923875857619
13584,8804.432431538551
13585,8729.438743609797
13586,8054.1602822362165
13587,9261.723201647934
13588,8815.594242000567
13589,8242.930840412475
13590,8530.451691059327
13591,8078.396068638242
13592,8669.431048532259
13593,8254.389431963169
13594,8161.03818674208
13595,8305.153486672227
13596,8046.374877664212
13597,8268.001949205624
13598,8112.2435658889335
13599,8038.473199209966
13600,8649.295131394243
13601,8046.056426535537
13602,8659.475282445475
13603,7791.560930363996
13604,8324.528945330494
13605,8315.54411118928
13606,7626.883793343657
13607,8268.516760964136
13608,8015.358469111022
13609,8337.033510490022
13610,8135.335608603098
13611,8595.984923967837
13612,8291.095582913862
13613,8800.836499129957
13614,9226.527546443362
13615,8072.671055548419
13616,8224.255160876044
13617,8596.192167883535
13618,8290.644401733976
13619,8236.383612851168
13620,8681.106782122697
13621,8051.805199619423
13622,8693.80789086003
13623,8199.53250924158
13624,8712.941099779906
13625,8852.779396203186
13626,8956.960571441063
13627,8655.257911317965
13628,8228.412370213951
13629,8732.116859319305
13630,8150.10587181902
13631,8763.106365797154
13632,8241.94267376943
13633,9261.478716365178
13634,8171.496496594431
13635,8666.890484893382
13636,7738.330818884308
13637,7755.9895768104725
13638,7729.671258084828
13639,8137.2978390686885
13640,8607.891827984276
13641,7779.219519909321
13642,8268.013223192806
13643,8086.594590699522
13644,8103.248900615116
13645,8039.983848595224
13646,8251.014999719715
13647,8320.250452882296
13648,8252.713680652216
13649,8282.366508042584
13650,8770.958398825289
13651,8696.069379725506
13652,8363.570130982429
13653,8261.100017633325
13654,8812.500445869438
13655,8147.178544747645
13656,8823.869011517507
13657,9259.828440706588
13658,7757.547837984875
13659,8310.226556289375
13660,8788.602009480219
13661,8156.2307152299945
13662,9206.423744692847
13663,8232.071753136323
13664,8136.258126545678
13665,8319.262689347757
13666,8571.980083661874
13667,7671.186479244068
13668,8711.340723041216
13669,7670.893611109949
13670,7768.881062719741
13671,8116.318492820377
13672,8084.076507017013
13673,8031.0346648269915
13674,8777.19277353552
13675,7781.136055471226
13676,8334.481495090698
13677,8801.009637579993
13678,8182.103360612685
13679,7840.433678221963
13680,8198.212075686597
13681,9063.680233512187
13682,8672.440754656689
13683,8085.555528247818
13684,8801.569954978218
13685,8107.372436434656
13686,8125.135301267571
13687,8176.478489652293
13688,8513.791940999736
13689,8213.802340932423
13690,7694.197440871077
13691,7749.978281532511
13692,7756.9262543559025
13693,8904.105967313519
13694,8805.471493990257
13695,9257.077981275605
13696,8216.450415457133
13697,8410.785689936456
13698,7636.484914493174
13699,8892.43613066441
13700,8354.742551621079
13701,8955.350420676974
13702,8399.233760326322
13703,8618.867539624489
13704,8333.27029451051
13705,8324.101478167784
13706,7970.696518636467
13707,8389.676932016255
13708,8965.613689796635
13709,8352.92127652509
13710,7928.524062448581
13711,8800.475266043948
13712,7834.9565911600275
13713,8411.575154349392
13714,8481.955242357746
13715,8905.457144527154
13716,8286.11570737232
13717,8972.337035072374
13718,8286.57444978064
13719,8925.701467387018
13720,7907.884235561101
13721,9013.21697310098
13722,8195.432868420543
13723,8853.37692474295
13724,8501.097438134047
13725,8219.43712335027
13726,8324.896055336736
13727,8398.38283950219
13728,8837.193857941322
13729,7866.547294236369
13730,8484.095485470603
13731,7769.041720798576
13732,8795.543430125812
13733,8483.438489211072
13734,8839.836237331647
13735,8344.601525142794
13736,8260.51328159312
13737,8886.124588010522
13738,8764.3514062813
13739,8359.556246882688
13740,8381.812448842316
13741,8604.75362730145
13742,8441.702852692828
13743,8353.347725772644
13744,8205.451368428274
13745,7849.555567084955
13746,9472.631651166417
13747,8819.084579817163
13748,8431.733967775823
13749,8956.017642448534
13750,7771.569874642392
13751,7705.7843826196995
13752,8939.8307179781
13753,8852.54141907892
13754,8759.232553611506
13755,8934.971457107618
13756,8304.144772798254
13757,8433.940444965385
13758,8405.885758769344
13759,7964.025324256594
13760,7813.050800365853
13761,8437.668845527385
13762,8895.573769043582
13763,8360.830957375438
13764,7892.5949513957485
13765,8781.172167538762
13766,7874.232774781701
13767,8324.529327412605
13768,7710.049420822104
13769,8896.240990815142
13770,8114.029494775436
13771,8288.903967099512
13772,8344.642195439426
13773,8357.76724449144
13774,8107.4789864026725
13775,8338.46501668814
13776,8406.751682771011
13777,8936.53016666092
13778,8894.061074294412
13779,8754.363067228996
13780,8379.517414936927
13781,8408.585322391667
13782,8786.304185920515
13783,8456.952764527327
13784,8397.461242026355
13785,8928.034303085211
13786,9061.976448742393
13787,7793.166151869504
13788,8683.034485985469
13789,8499.141555872013
13790,7752.5841018986675
13791,7710.979694878226
13792,8283.510736896644
13793,7797.025060161898
13794,8203.26741796207
13795,8848.935261158294
13796,8384.634255106017
13797,7732.6453973691905
13798,8270.022591762769
13799,7896.567837240504
13800,7908.724157844464
13801,8289.0727770793
13802,8363.268163353408
13803,8447.570499478928
13804,8347.11261204704
13805,8884.322333280876
13806,8324.28484212985
13807,8365.16337866459
13808,8933.402753793775
13809,7796.10824035157
13810,8862.420449450321
13811,8443.353128351418
13812,7673.920962172516
13813,8885.239153091205
13814,7870.364747946367
13815,8914.04263340355
13816,8333.402462403137
13817,8473.465488426811
13818,8809.652530423537
13819,9038.81658095745
13820,8378.540742116662
13821,7765.667938626427
13822,7839.232444955357
13823,8858.836580019331
13824,8377.586587290549
13825,8220.91352235981
13826,7841.205549507684
13827,8438.096694772205
13828,8306.79519041971
13829,7761.305399730336
13830,8428.989617989611
13831,8431.1899855344
13832,9382.9922374964
13833,8383.097731664548
13834,7806.356171203187
13835,8316.6226539852
13836,8395.12840632816
13837,8963.841171496668
13838,8252.168067992197
13839,8867.269484808774
13840,8221.839312594959
13841,8419.02684271738
13842,7808.945427153209
13843,7882.576167558842
13844,8492.948109656862
13845,8851.380113985837
13846,8206.660140400443
13847,9384.581391834301
13848,8499.869898964262
13849,8215.300081207246
13850,8390.620766865251
13851,7702.745916844642
13852,8989.868628597957
13853,7783.518957746776
13854,8741.387894631851
13855,8412.242376120952
13856,8298.520827009143
13857,8102.043062961804
13858,8857.928148255454
13859,8342.428622648295
13860,7744.411729014949
13861,8325.0794192988
13862,8324.834934016046
13863,8434.979507417089
13864,8721.532452264502
13865,8533.420391266256
13866,8412.435965595047
13867,8867.218589000113
13868,8247.265793728338
13869,8851.807963230658
13870,8439.746970430795
13871,8292.065537510009
13872,8290.543262615456
13873,8909.086693671765
13874,8358.024883759208
13875,8442.680793823845
13876,8427.522706293086
13877,7932.843476159378
13878,8324.040356847096
13879,9382.197660327449
13880,9381.158597875743
13881,7734.324810647485
13882,8177.446321667405
13883,8231.766437494209
13884,8977.59346865159
13885,8479.277126648238
13886,8638.911620051582
13887,8801.159887879068
13888,8839.836237331647
13889,7805.150483054725
13890,9383.84793598604
13891,8174.030325577583
13892,8709.180687819346
13893,8234.089047680372
13894,8463.40073135681
13895,8692.801412530418
13896,7730.185627780235
13897,9118.958694041086
13898,8482.70503336281
13899,8467.226259159015
13900,7783.892389420997
13901,8546.250755854835
13902,8515.817450907956
13903,9403.401645850357
13904,7713.16660817722
13905,8933.769481717905
13906,8040.761067482545
13907,8341.318511096706
13908,8357.850990678553
13909,9018.213583129396
13910,8424.416792925154
13911,8179.034542104826
13912,8907.314175371795
13913,7893.328407244011
13914,7899.2571753508
13915,8439.502485148041
13916,7926.079209621041
13917,8207.496898623856
13918,8325.047815278476
13919,8464.552001118314
13920,8470.664133187169
13921,8220.210442786854
13922,7902.582251988259
13923,8404.490193905536
13924,8332.968023187914
13925,8713.804074071877
13926,8748.897920757601
13927,9029.403897571414
13928,8222.52138390492
13929,7661.0294762632475
13930,8442.314065899714
13931,8479.709753558565
13932,7929.496890823584
13933,7712.691091857505
13934,7842.954464450593
13935,8314.65252720067
13936,9381.76981108263
13937,8456.534882596086
13938,7798.9413882953895
13939,8802.526667931566
13940,8381.381221929252
13941,7792.868810355077
13942,8752.148030635963
13943,9348.957887384911
13944,8312.56805088564
13945,8842.280288971899
13946,7848.362972952347
13947,8435.101750058466
13948,7851.148628386476
13949,8770.74505710163
13950,8739.484163265686
13951,9052.074794790848
13952,8315.453762032957
13953,8274.003124457093
13954,8853.397117568558
13955,8392.030889735757
13956,8418.023846970707
13957,8314.75738621009
13958,8936.214334545446
13959,8817.71249179848
13960,8342.121141221602
13961,7751.46536755607
13962,8795.447541541213
13963,8240.905451891034
13964,8936.15321322476
13965,8315.47129057497
13966,7740.524150696232
13967,7757.785172279855
13968,7675.3129531966915
13969,8399.723779366985
13970,8472.482029153412
13971,8922.905224903388
13972,8908.348125067487
13973,8228.643457656626
13974,8383.041723099872
13975,8958.890344520896
13976,9383.84793598604
13977,8245.402070860551
13978,7910.940301595529
13979,8933.779707229935
13980,8501.702525264554
13981,9003.249085072734
13982,7770.450439647396
13983,8444.778589489968
13984,8310.275833406387
13985,8304.713938133787
13986,8775.677100448182
13987,8954.6780861494
13988,8413.709287817477
13989,7819.275121346382
13990,9383.78681466535
13991,8390.554532788548
13992,8450.198381178028
13993,8291.579694327012
13994,8440.41930495837
13995,8926.867885236115
13996,8200.37238405146
13997,8441.275003448009
13998,9027.50913663007
13999,8387.916090486913
14000,8521.318369769924
14001,8790.478256827604
14002,8286.36605533705
14003,7838.827385126683
14004,8423.855427051774
14005,8320.013819789305
14006,7858.986741072034
14007,8349.698330619878
14008,7722.533508510611
14009,7916.135613854054
14010,8690.926509324177
14011,8170.025170916386
14012,8933.891724359282
14013,8407.762300531636
14014,9345.596214747042
14015,8257.778660886768
14016,8996.892467721125
14017,8975.021260426656
14018,8723.840817928169
14019,7888.872737695643
14020,8789.788538668074
14021,8416.5534002887
14022,8967.997421303487
14023,8431.000511927561
14024,8976.676648841261
14025,8853.030389644427
14026,8739.708125807027
14027,7737.540525240068
14028,8305.661796017674
14029,8853.410283280518
14030,8957.973524710567
14031,8885.292221455948
14032,8730.683784093942
14033,7809.719553298102
14034,8848.996382478985
14035,7955.360163468054
14036,8438.76902929978
14037,8322.940173074701
14038,8853.091510965118
14039,8218.948152784762
14040,8940.686416467739
14041,8925.650571578359
14042,8738.122815914388
14043,7690.584296512401
14044,7846.933731362113
14045,8281.320739773942
14046,8521.93402291852
14047,8903.096804244287
14048,9385.07036239981
14049,8325.281739958695
14050,8433.512595720564
14051,8142.128423821458
14052,8427.612485232914
14053,8428.806254027546
14054,8972.566182087086
14055,9037.960882467809
14056,8914.500927432971
14057,8917.765921209537
14058,9385.620454286007
14059,7893.27623991654
14060,8937.014024470413
14061,8854.252816058199
14062,8818.018098401923
14063,8284.626108291017
14064,8407.587333345102
14065,8969.566124617333
14066,8352.694174874292
14067,7860.047370715887
14068,8389.587865644715
14069,9021.463238637918
14070,8356.960456436958
14071,8344.076068657207
14072,7967.963442837438
14073,8336.399591399906
14074,7862.941136315745
14075,8975.759829030932
14076,8301.416514199118
14077,8707.958261405574
14078,8209.359704022769
14079,8940.014081940166
14080,8384.56709333009
14081,9380.91411259299
14082,8177.201836384651
14083,7726.189916873246
14084,8425.832037750799
14085,8430.817147965496
14086,7867.402992726009
14087,8935.114150773054
14088,8405.957105602061
14089,8441.41874380203
14090,8383.656313975
14091,8256.29591046561
14092,8820.577845570466
14093,8848.13851143326
14094,8390.82612757506
14095,8262.594974345222
14096,8396.423228049804
14097,7751.453050593378
14098,8209.986400407754
14099,8700.174019558332
14100,9003.493570355487
14101,8301.709973700416
14102,8870.946989562115
14103,8874.604043291398
14104,8960.968469424306
14105,8961.218067463074
14106,8949.233175852107
14107,7882.651355628763
14108,8485.939350603288
14109,8341.183508849745
14110,8196.754146251704
14111,8937.718976338674
14112,8338.445809024346
14113,8863.267852725876
14114,9381.953175044695
14115,7684.186415575206
14116,8358.42005637442
14117,8362.947073571864
14118,8294.057070145025
14119,9051.830309508094
14120,8971.359093941359
14121,9403.462767171048
14122,8936.53016666092
14123,7870.336816119059
14124,7754.177130336981
14125,8978.265803179163
14126,7894.844360382092
14127,8853.030389644427
14128,8525.107891652615
14129,8366.829234849367
14130,8978.204681858475
14131,8264.698129730157
14132,8303.367724171316
14133,9384.948119758434
14134,7885.059645319103
14135,7784.851046466202
14136,8269.636197100344
14137,8782.088987349089
14138,7822.875975514181
14139,8424.854096619782
14140,7813.894854131715
14141,8427.33934233102
14142,8238.585315808017
14143,8406.412373810417
14144,8430.13558481465
14145,8254.692062409951
14146,9474.098562862942
14147,8320.70820150959
14148,8853.82496681338
14149,7880.6942511427305
14150,9436.763661434274
14151,9330.871089217118
14152,8706.052613153948
14153,8960.88689707956
14154,8756.114420159041
14155,8342.283692622139
14156,8352.266325629473
14157,8456.55022086413
14158,8854.90252700563
14159,8128.135354142531
14160,8214.894287884217
14161,8236.976460372018
14162,7815.346118100417
14163,7824.749330605041
14164,8260.217150575747
14165,8458.674128820185
14166,7886.88535575761
14167,8957.578292806435
14168,7768.544234178084
14169,8319.181645706765
14170,8832.254253366338
14171,8383.951194609825
14172,8925.029132859445
14173,7933.733441456339
14174,8405.259465492863
14175,8854.375058699576
14176,8970.778441394817
14177,7854.8743902956085
14178,8907.619781975238
14179,7887.688952646195
14180,9032.704448888595
14181,8972.275913751686
14182,8242.05251246162
14183,8402.745094569103
14184,8522.968645428515
14185,7823.738667574025
14186,8150.840663079344
14187,8345.932333144287
14188,8320.703088753577
14189,8335.311084398138
14190,8936.458819828202
14191,8731.290915302081
14192,8870.98759687047
14193,8243.514885051422
14194,7698.2174483886
14195,8325.446147222932
14196,8815.084275008874
14197,8993.77528036601
14198,7844.93565952673
14199,8853.335996247872
14200,8411.074944951493
14201,8633.4718225103
14202,8259.789301330926
14203,8835.539915610734
14204,8824.889527512045
14205,8515.88368498466
14206,7828.438015696838
14207,8972.52039903444
14208,8447.692742120305
14209,8973.243629370674
14210,8122.624947967547
14211,8308.615760975
14212,8932.373916854098
14213,7769.832301379602
14214,7913.079547819627
14215,8511.581860601395
14216,8217.66197812438
14217,7768.879924028656
14218,7781.383114821646
14219,8675.61381056072
14220,7932.877742966701
14221,7887.408609562044
14222,8288.205912154863
14223,8692.22744069059
14224,8768.850296160286
14225,8221.358060575127
14226,8968.669755831063
14227,8308.779318463296
14228,8853.947209454756
14229,8409.222376791558
14230,8836.471624493848
14231,8304.848278582496
14232,8764.65433088326
14233,8161.375127085068
14234,9383.297844099843
14235,7884.1691795655515
14236,8178.240898836356
14237,8786.199764379406
14238,7874.567565091598
14239,7837.727184922685
14240,8871.911764981172
14241,7765.720073090689
14242,7713.73905154133
14243,8967.87517866211
14244,7767.208081177919
14245,7745.937268289352
14246,7860.219830936068
14247,8727.630339810858
14248,8201.392674600891
14249,7928.852000890272
14250,8837.071615299945
14251,8465.351691043279
14252,8406.97981646536
14253,8321.072456146936
14254,8315.05366684218
14255,8854.252816058199
14256,8240.164849649793
14257,8949.53878245555
14258,8896.235878059128
14259,8513.072104232986
14260,7726.552177408011
14261,8948.555728568517
14262,7703.949414719134
14263,8769.964342272617
14264,9061.458869541213
14265,8291.518573006324
14266,8333.343525365479
14267,8309.626628906484
14268,8895.522873234922
14269,8373.63629148249
14270,8486.48432973347
14271,8912.865990042425
14272,8958.829223200208
14273,7809.556640360094
14274,8483.076683862506
14275,7868.883282267564
14276,7773.201271056516
14277,7848.280284439512
14278,8797.058598161768
14279,8339.99369977666
14280,8746.030285354504
14281,8838.660769637849
14282,8964.513506024241
14283,8882.544702224894
14284,8202.51163027556
14285,8320.869518278943
14286,8859.914475302092
14287,8166.7389311343995
14288,8307.995244219306
14289,8925.579224745641
14290,8905.653674201178
14291,8933.840828550623
14292,8597.400669649905
14293,9438.841786337684
14294,8292.393691762752
14295,8974.292917334407
14296,8853.335996247872
14297,9346.329670595303
14298,8240.911459483066
14299,8261.635050485862
14300,8224.741019103913
14301,8323.231712928911
14302,8244.99203398692
14303,8140.6576380245215
14304,8799.99208646431
14305,8925.884831349083
14306,8840.951759372085
14307,8471.392476279416
14308,7667.5643448209075
14309,8437.668845527385
14310,8286.215262628917
14311,8870.346001867258
14312,7840.840531040598
14313,8969.097605075882
14314,8441.886216654893
14315,8212.360319201382
14316,8767.488243473183
14317,7786.524318969353
14318,8282.899523689757
14319,7592.357221409902
14320,8320.701341938857
14321,8484.105710982632
14322,8322.653858259595
14323,8855.310156977877
14324,8816.367822743332
14325,8409.013171636489
14326,8410.915244336895
14327,9383.114480137778
14328,8286.337505270296
14329,9327.998387144757
14330,8428.42444603382
14331,8794.430929390724
14332,8815.153449285506
14333,8346.842562984213
14334,8340.829540531198
14335,8954.667860637372
14336,8853.886088134068
14337,8867.511029891597
14338,7894.682030292377
14339,8311.053910052453
14340,7690.40604530635
14341,8949.890172111636
14342,8412.008116350225
14343,8906.896551639005
14344,7778.616671755971
14345,7692.650295449928
14346,8427.115585485259
14347,8804.759549478018
14348,8741.492753641272
14349,8955.039701317517
14350,7903.066554968591
14351,8457.226242519726
14352,8260.168138789337
14353,8368.418389187269
14354,7904.644805564609
14355,8524.985649011236
14356,7788.722357321052
14357,7797.332376222386
14358,8321.171608295026
14359,9038.261376315237
14360,8739.143789398331
14361,8397.4393397437
14362,8783.614847810219
14363,7865.909226516117
14364,8969.464333000013
14365,7719.849944954581
14366,8816.610135470002
14367,8302.494497139664
14368,8920.689519090558
14369,8316.934183261026
14370,8434.612779492958
14371,7724.1762137416445
14372,8807.187226571938
14373,7764.193463114117
14374,8957.667918107125
14375,8344.822284111055
14376,8907.901997354695
14377,8452.516213698686
14378,8939.45376454194
14379,8762.413034843394
14380,8856.099621390813
14381,7775.965496975952
14382,7879.562600557545
14383,7784.861917344879
14384,8803.781608347
14385,8163.8984848652535
14386,8782.027866028402
14387,8960.235013576043
14388,9349.202372667667
14389,8397.327984412603
14390,7936.709206664831
14391,9019.751841658639
14392,8341.257389776018
14393,8905.358293109763
14394,8740.270327227503
14395,8871.850643660484
14396,8854.008330775445
14397,9384.398027872237
14398,7884.272477236046
14399,8446.7697962336
14400,8884.811303846385
14401,9002.33737801842
14402,8852.847025682362
14403,8410.071756732788
14404,8906.231528870496
14405,8782.639079235287
14406,8499.192451680672
14407,7909.656753861069
14408,8391.483777113954
14409,8512.705376308855
14410,7778.6981512683515
14411,8233.233349190734
14412,8379.702047209743
14413,8851.62459926859
14414,8398.932931388386
14415,8920.455259319831
14416,8854.130573416822
14417,8251.048157491101
14418,7712.482164115367
14419,8310.056302183144
14420,8866.836522807938
14421,8940.224950486903
14422,7780.106580297056
14423,8401.311885229732
14424,8446.042466461715
14425,7777.681394207806
14426,8316.147337861294
14427,8875.459741781038
14428,8444.025462878993
14429,8980.690204982648
14430,7709.105456678294
14431,8277.326007612523
14432,8711.176193689422
14433,8331.154834591316
14434,8834.626762472404
14435,8893.56699097289
14436,8284.435203556543
14437,8413.575677865254
14438,7758.940719250276
14439,7819.4544005715625
14440,8927.962956252493
14441,8852.969268323739
14442,8177.690806950159
14443,9385.253726361876
14444,8939.12476671451
14445,8366.461365126419
14446,8653.982215773269
14447,8201.926593352186
14448,8792.9615732462
14449,8377.919956677113
14450,8284.568711456024
14451,8428.684011386169
14452,8169.905402378155
14453,8391.532473919566
14454,8235.774090602876
14455,8162.003723923909
14456,8772.825656108187
14457,8169.586951249479
14458,8783.005807159418
14459,7915.091455077938
14460,8448.059470044436
14461,8439.07463590322
14462,7750.414318057599
14463,8392.047285678078
14464,8138.888993824965
14465,8460.564035203965
14466,8258.866133317042
14467,8719.515448681781
14468,8414.626107627806
14469,8924.367023843899
14470,9350.058071157306
14471,8196.201580262361
14472,8347.785685589988
14473,8719.722692597477
14474,8414.174926447919
14475,8359.914137565109
14476,8804.637306836641
14477,8175.335724333366
14478,8817.338415573973
14479,8323.063033955525
14480,8836.471624493848
14481,8976.30992091713
14482,9080.491096155005
14483,8778.788436031908
14484,8351.942894927894
14485,8855.647384033247
14486,8273.636396532962
14487,8886.636890511098
14488,8365.473198483374
14489,9385.009241079122
14490,8295.027021308375
14491,8790.421009607326
14492,7861.861343598252
14493,7879.520101524415
14494,7853.201782798771
14495,8260.828363782632
14496,8731.42235269822
14497,7902.750044623264
14498,8391.543747906748
14499,8210.125115413466
14500,8226.77942532906
14501,8163.514373309166
14502,8374.545524433659
14503,8443.780977596238
14504,8376.244205366158
14505,8405.897032756526
14506,8894.488923539231
14507,8819.599904439448
14508,8487.100655696371
14509,8384.630542347268
14510,8936.030970583382
14511,8270.709069461587
14512,8947.399536231449
14513,9383.358965420532
14514,7881.078362698818
14515,8433.757081003318
14516,8912.132534194163
14517,8279.761239943937
14518,9329.95426940679
14519,8355.602277850267
14520,8259.78865125962
14521,8442.7932140617
14522,8695.510608375816
14523,7794.717003958011
14524,8834.871247755158
14525,7794.424135823891
14526,7892.411587433683
14527,8239.849017534321
14528,8207.607031730955
14529,8154.565189540935
14530,8900.723298249462
14531,7904.666580185169
14532,8458.01201980464
14533,8924.540162293935
14534,8305.633885326628
14535,7963.964202935906
14536,8321.74260040054
14537,9187.210758226129
14538,8795.971279370631
14539,8209.08605296176
14540,8925.100479692162
14541,8230.9029611486
14542,8248.665825981514
14543,8300.009014366236
14544,8637.322465713678
14545,8337.332865646365
14546,7817.72796558502
14547,7873.508806246453
14548,7880.456779069846
14549,9027.636492027461
14550,8929.0020187042
14551,9380.608505989547
14552,8339.980940171075
14553,8485.704170708195
14554,7711.403395264912
14555,8967.354611436147
14556,8429.661032392818
14557,9030.268901448713
14558,8474.15224109806
14559,8693.786020396226
14560,8408.18877528225
14561,8399.019958939523
14562,8045.614999408206
14563,8464.595412787994
14564,9040.532170568375
14565,8427.839757296828
14566,8003.442543220321
14567,8875.393746815687
14568,7909.875071931766
14569,8486.49363512113
14570,8556.873723129485
14571,8980.375625298891
14572,8361.03418814406
14573,9047.255515844114
14574,8361.49293055238
14575,9000.619948158757
14576,7982.802716332841
14577,9088.135453872717
14578,8270.351349192282
14579,8928.29540551469
14580,8576.015918905785
14581,8294.355604122009
14582,8399.814536108473
14583,8473.301320273928
14584,8912.112338713061
14585,7941.465775008108
14586,8559.013966242343
14587,7843.960201570314
14588,8870.46191089755
14589,8558.356969982811
14590,8914.754718103386
14591,8419.520005914534
14592,8335.431762364859
14593,8961.043068782259
14594,8839.269887053038
14595,8434.474727654428
14596,8456.730929614054
14597,8679.672108073188
14598,8516.621333464567
14599,8428.266206544384
14600,8280.369849200013
14601,7924.474047856695
14602,9547.550131938155
14603,8894.003060588902
14604,8506.652448547562
14605,9030.936123220274
14606,7846.488355414131
14607,7780.702863391439
14608,9014.749198749838
14609,8927.459899850659
14610,8834.151034383245
14611,9009.889937879358
14612,8379.063253569993
14613,8508.858925737122
14614,8480.804239541083
14615,8038.943805028333
14616,7887.969281137592
14617,8512.587326299123
14618,8970.492249815321
14619,8435.749438147177
14620,7967.513432167487
14621,8856.0906483105
14622,7949.151255553439
14623,8399.447808184343
14624,7784.967901593844
14625,8971.159471586881
14626,8188.947975547176
14627,8363.822447871251
14628,8419.560676211164
14629,8432.685725263178
14630,8182.397467174411
14631,8413.38349745988
14632,8481.67016354275
14633,9011.448647432657
14634,8968.979555066151
14635,8829.281548000734
14636,8454.435895708666
14637,8483.503803163407
14638,8861.222666692254
14639,8531.871245299064
14640,8472.379722798092
14641,9002.95278385695
14642,9136.89492951413
14643,7868.084632641243
14644,8757.952966757208
14645,8574.060036643752
14646,7827.502582670406
14647,7785.898175649964
14648,8358.429217668381
14649,7871.9435409336365
14650,8278.18589873381
14651,8923.853741930034
14652,8459.552735877756
14653,7807.563878140929
14654,8344.941072534508
14655,7971.486318012243
14656,7983.642638616202
14657,8363.99125785104
14658,8438.186644125148
14659,8522.488980250668
14660,8422.03109281878
14661,8959.240814052615
14662,8399.203322901589
14663,8440.08185943633
14664,9008.321234565512
14665,7871.026721123309
14666,8937.33893022206
14667,8518.271609123158
14668,7748.839442944254
14669,8960.157633862942
14670,7945.283228718106
14671,8988.961114175288
14672,8408.320943174876
14673,8548.38396919855
14674,8884.571011195276
14675,9113.735061729189
14676,8453.4592228884
14677,7840.586419398165
14678,7914.1509257270955
14679,8933.75506079107
14680,8452.505068062288
14681,8295.832003131549
14682,7916.124030279423
14683,8513.015175543944
14684,8381.713671191448
14685,7836.223880502075
14686,8503.90809876135
14687,8506.108466306137
14688,9457.91071826814
14689,8458.016212436285
14690,7881.274651974925
14691,8391.541134756939
14692,8470.0468870999
14693,9038.759652268407
14694,8327.086548763935
14695,8942.187965580513
14696,8296.757793366698
14697,8493.945323489119
14698,7883.863907924948
14699,7957.494648330581
14700,8567.8665904286
14701,8926.298594757576
14702,8281.578621172182
14703,9459.49987260604
14704,8574.788379736001
14705,8290.218561978985
14706,8465.53924763699
14707,7777.664397616381
14708,9064.787109369696
14709,7858.437438518515
14710,8816.30637540359
14711,8487.160856892691
14712,8373.439307780882
14713,8176.961543733542
14714,8932.846629027194
14715,8417.347103420034
14716,7819.330209786687
14717,8399.997900070539
14718,8399.753414787785
14719,8509.897988188828
14720,8796.450933036242
14721,8608.338872037995
14722,8487.354446366786
14723,8942.137069771852
14724,8322.184274500078
14725,8926.726444002396
14726,8514.665451202534
14727,8366.984018281748
14728,8365.461743387195
14729,8984.005174443502
14730,8432.943364530945
14731,8517.599274595585
14732,8502.441187064825
14733,8007.761956931117
14734,8398.958837618833
14735,9457.116141099188
14736,9456.077078647482
14737,7809.243291419223
14738,8252.364802439144
14739,8306.684918265948
14740,9052.511949423328
14741,8554.195607419977
14742,8713.83010082332
14743,8876.078368650808
14744,8914.754718103386
14745,7880.068963826464
14746,9458.766416757779
14747,8248.948806349323
14748,8784.099168591085
14749,8309.007528452112
14750,8538.31921212855
14751,8767.719893302157
14752,7805.104108551975
14753,9193.877174812826
14754,8557.62351413455
14755,8542.144739930754
14756,7858.810870192734
14757,8621.169236626574
14758,8590.735931679694
14759,9478.320126622097
14760,7788.085088948959
14761,9008.687962489645
14762,8115.679548254282
14763,8416.236991868445
14764,8432.769471450292
14765,9093.132063901136
14766,8499.335273696892
14767,8253.953022876565
14768,8982.232656143535
14769,7968.24688801575
14770,7974.175656122538
14771,8514.42096591978
14772,8000.997690392779
14773,8282.415379395596
14774,8399.966296050216
14775,8539.470481890054
14776,8545.582613958906
14777,8295.128923558594
14778,7977.500732759998
14779,8479.408674677274
14780,8407.886503959653
14781,8788.722554843614
14782,8823.81640152934
14783,9104.322378343153
14784,8297.439864676657
14785,7735.947957034987
14786,8517.232546671454
14787,8554.628234330303
14788,8004.415371595323
14789,7787.609572629243
14790,7917.8729452223315
14791,8389.571007972407
14792,9456.688291854367
14793,8531.453363367826
14794,7873.859869067128
14795,8877.445148703304
14796,8456.299702700991
14797,7867.787291126816
14798,8827.0665114077
14799,9423.87636815665
14800,8387.48653165738
14801,8917.198769743638
14802,7923.2814537240865
14803,8510.020230830205
14804,7926.067109158214
14805,8845.66353787337
14806,8814.402644037425
14807,9126.993275562587
14808,8390.372242804697
14809,8348.921605228832
14810,8928.315598340298
14811,8466.949370507496
14812,8492.942327742447
14813,8389.675866981828
14814,9011.132815317185
14815,8892.63097257022
14816,8417.03962199334
14817,7826.383848327809
14818,8870.366022312952
14819,8315.823932662774
14820,9011.071693996497
14821,8390.389771346709
14822,7815.442631467971
14823,7832.703653051593
14824,7750.231433968431
14825,8474.642260138724
14826,8547.40050992515
14827,8997.823705675128
14828,8983.266605839226
14829,8303.561938428364
14830,8457.960203871611
14831,9033.808825292635
14832,9458.766416757779
14833,8320.32055163229
14834,7985.858782367268
14835,9008.698188001672
14836,8576.621006036294
14837,9078.167565844471
14838,7845.368920419134
14839,8519.697070261707
14840,8385.194314178125
14841,8379.632418905527
14842,8850.59558121992
14843,9029.59656692114
14844,8488.627768589216
14845,7894.19360211812
14846,9458.70529543709
14847,8465.473013560288
14848,8525.116861949768
14849,8366.49817509875
14850,8515.337785730107
14851,9001.786366007855
14852,8275.290864823199
14853,8516.193484219748
14854,9102.427617401809
14855,8462.834571258652
14856,8596.236850541663
14857,8865.396737599342
14858,8361.284536108788
14859,7913.7458658984215
14860,8498.773907823514
14861,8394.932300561044
14862,7933.905221843774
14863,8424.616811391617
14864,7797.451989282349
14865,7991.054094625793
14866,8765.844990095915
14867,8244.943651688125
14868,9008.810205131022
14869,8482.680781303376
14870,9420.514695518781
14871,8332.697141658507
14872,9071.810948492863
14873,9049.939741198395
14874,8798.759298699908
14875,7963.791218467381
14876,8864.707019439813
14877,8491.471881060439
14878,9042.915902075227
14879,8505.918992699299
14880,9051.595129613
14881,8927.948870416167
14882,8814.626606578764
14883,7812.459006011806
14884,8380.580276789413
14885,8928.328764052258
14886,9032.892005482307
14887,8960.210702227687
14888,8805.602264865682
14889,7884.638034069841
14890,8923.914863250724
14891,8030.278644239794
14892,8513.687510071517
14893,8397.85865384644
14894,8928.009991736855
14895,8293.8666335565
14896,9015.604897239478
14897,9000.569052350096
14898,8813.041296686126
14899,7765.50277728414
14900,7921.852212133852
14901,8356.239220545682
14902,8596.852503690257
14903,8978.015285016027
14904,9459.988843171548
14905,8400.200220730434
14906,8508.431076492303
14907,8217.046904593197
14908,8502.530966004653
14909,8503.724734799285
14910,9047.484662858824
14911,9112.879363239548
14912,8989.41940820471
14913,8992.684401981274
14914,9460.538935057746
14915,7968.19472068828
14916,9011.932505242152
14917,8929.171296829936
14918,8892.936579173662
14919,8359.544589062756
14920,8482.50581411684
14921,9044.484605389072
14922,8427.61265564603
14923,7934.965851487626
14924,8464.506346416452
14925,9096.381719409657
14926,8431.878937208698
14927,8418.994549428946
14928,8042.881923609178
14929,8411.318072171645
14930,7937.859617087484
14931,9050.678309802672
14932,8376.334994970857
14933,8782.876742177312
14934,8284.278184794506
14935,9014.932562711903
14936,8459.485574101827
14937,9455.832593364728
14938,8252.12031715639
14939,7801.108397644985
14940,8500.750518522536
14941,8505.735628737235
14942,7942.321473497748
14943,9010.032631544793
14944,8480.8755863738
14945,8516.33722457377
14946,8458.574794746739
14947,8331.214391237349
14948,8895.496326342203
14949,8923.056992204998
14950,8465.744608346797
14951,8337.51345511696
14952,8471.341708821541
14953,7826.371531365116
14954,8284.904881179493
14955,8775.09250033007
14956,9078.412051127227
14957,8376.628454472155
14958,8945.865470333854
14959,8949.522524063137
14960,9035.886950196045
14961,9036.136548234814
14962,9024.151656623846
14963,7957.569836400502
14964,8560.857831375028
14965,8416.101989621482
14966,8271.672627023443
14967,9012.637457110412
14968,8413.364289796084
14969,8938.186333497615
14970,9456.871655816434
14971,7759.104896346946
14972,8433.338537146159
14973,8437.865554343603
14974,8368.975550916763
14975,9126.748790279833
14976,9046.277574713096
14977,9478.381247942787
14978,9011.448647432657
14979,7945.255296890798
14980,7829.09561110872
14981,9053.1842839509
14982,7969.762841153832
14983,8927.948870416167
14984,8600.026372424352
14985,8441.747715621106
14986,9053.123162630214
14987,8339.616610501897
14988,8378.286204943055
14989,9459.866600530171
14990,7959.978126090841
14991,7859.769527237941
14992,8344.554677872084
14993,8857.007468120828
14994,7897.794456285919
14995,8499.772577391519
14996,7888.813334903454
14997,8502.25782310276
14998,8313.503796579756
14999,8481.330854582155
15000,8505.05406558639
15001,8329.61054318169
15002,9549.017043634682
15003,8395.626682281329
15004,8928.743447585119
15005,7955.612731914469
15006,9511.682142206013
15007,9405.789569988858
15008,8780.971093925687
15009,9035.805377851299
15010,8831.03290093078
15011,8417.202173393876
15012,8427.184806401212
15013,8531.46870163587
15014,8929.82100777737
15015,8203.05383491427
15016,8289.812768655956
15017,8311.894941143755
15018,7890.264598872156
15019,7899.66781137678
15020,8335.135631347484
15021,8533.592609591924
15022,7961.803836529349
15023,9032.496773578172
15024,7843.462714949821
15025,8394.100126478503
15026,8907.172734138077
15027,8458.869675381564
15028,8999.947613631182
15029,8008.651922228079
15030,8480.177946264603
15031,8929.293539471315
15032,9045.696922166557
15033,7929.792871067348
15034,8982.538262746977
15035,7962.607433417933
15036,9107.622929660334
15037,9047.194394523425
15038,8316.970993233359
15039,8477.663575340843
15040,8597.887126200254
15041,7898.657148345765
15042,8225.759143851083
15043,8420.850813916026
15044,8395.621569525314
15045,8410.229565169875
15046,9011.37730059994
15047,8806.20939607382
15048,8945.906077642207
15049,8318.43336582316
15050,7773.1359291603385
15051,8400.36462799467
15052,8890.002755780612
15053,9068.693761137749
15054,7919.854140298468
15055,8928.25447701961
15056,8485.99342572323
15057,8708.39030328204
15058,8334.707782102665
15059,8910.458396382473
15060,8899.808008283782
15061,8590.802165756399
15062,7903.3564964685775
15063,9047.43887980618
15064,8522.611222892045
15065,9048.162110142413
15066,8197.543428739285
15067,8383.53424174674
15068,9007.292397625837
15069,7844.75078215134
15070,7987.998028591366
15071,8586.500341373134
15072,8292.580458896118
15073,7843.798404800395
15074,7856.301595593384
15075,8750.53229133246
15076,8007.796223738439
15077,7962.327090333783
15078,8363.124392926602
15079,8767.14592146233
15080,8843.768776932026
15081,8296.276541346866
15082,9043.588236602802
15083,8383.697799235035
15084,8928.865690226496
15085,8484.140857563296
15086,8911.390105265586
15087,8379.766759354236
15088,8839.572811655
15089,8236.293607856805
15090,9458.21632487158
15091,7959.087660337291
15092,8253.159379608094
15093,8861.118245151145
15094,7949.4860458633375
15095,7912.645665694425
15096,8946.830245752912
15097,7840.638553862427
15098,7788.657532313068
15099,9042.79365943385
15100,7842.126561949657
15101,7820.85574906109
15102,7935.138311707808
15103,8802.548820582597
15104,8276.31115537263
15105,8003.770481662012
15106,8911.990096071684
15107,8540.270171815018
15108,8481.8982972371
15109,8395.990936918675
15110,8389.972147613918
15111,8929.171296829936
15112,8315.08333042153
15113,9024.457263227288
15114,8971.154358830867
15115,8587.990585004725
15116,7801.470658179749
15117,9023.474209340256
15118,7778.867895490874
15119,8844.882823044356
15120,9136.377350312952
15121,8366.437053778063
15122,8408.262006137218
15123,8384.545109678224
15124,8970.44135400666
15125,8448.554772254229
15126,8561.40281050521
15127,8987.784470814164
15128,9033.747703971945
15129,7884.475121131833
15130,8557.995164634245
15131,7943.801763039302
15132,7848.119751828254
15133,7923.19876521125
15134,8871.977078933505
15135,8414.9121805484
15136,8820.948766126243
15137,8913.579250409588
15138,9039.43198679598
15139,8957.463182996633
15140,8277.430111047299
15141,8395.787999050683
15142,8934.83295607383
15143,8241.657411906139
15144,8382.913724991045
15145,9000.49770551738
15146,8980.572154972915
15147,9008.759309322362
15148,8672.319150421645
15149,9513.760267109421
15150,8367.312172534492
15151,9049.211398106147
15152,8928.25447701961
15153,9421.248151367043
15154,8315.829940254805
15155,8336.5535312576
15156,8299.659499875652
15157,8398.15019370065
15158,8319.91051475866
15159,8215.57611879626
15160,8874.91056723605
15161,9000.803312120823
15162,8915.870240143822
15163,8546.310957051155
15164,7742.482825592646
15165,8512.587326299123
15166,8361.133743400656
15167,8945.264482638997
15168,7915.759011812336
15169,9044.016085847621
15170,8516.804697426633
15171,8287.27879997312
15172,8842.40672424492
15173,7861.442799741091
15174,8357.818004461496
15175,7667.2757021816415
15176,8395.619822710596
15177,8559.024191754372
15178,8397.572339031332
15179,8930.228637749617
15180,8891.286303515071
15181,8483.931652408228
15182,8485.833725108634
15183,9458.032960909517
15184,8361.255986042033
15185,9402.916867916496
15186,8503.342926805559
15187,8869.349410162464
15188,8890.071930057245
15189,8421.761043755952
15190,8415.748021302938
15191,9029.58634140911
15192,8928.804568905805
15193,8942.429510663336
15194,7969.600511064115
15195,8385.972390824192
15196,7765.324526078089
15197,9024.808652883376
15198,8486.926597121965
15199,8981.815032410745
15200,7853.535152527709
15201,7767.568776221668
15202,8502.034066256996
15203,8879.678030249757
15204,8816.411234413012
15205,9029.958182089256
15206,7977.98503574033
15207,8532.144723291465
15208,8335.086619561076
15209,8443.336869959006
15210,7979.563286336348
15211,8599.904129782975
15212,7863.640838092791
15213,7872.250856994124
15214,8396.090089066765
15215,9113.179857086976
15216,8814.06227017007
15217,8472.357820515439
15218,8858.533328581958
15219,7940.827707287855
15220,9044.382813771752
15221,7794.768425726319
15222,8891.52861624174
15223,8377.412977911403
15224,8995.607999862297
15225,8391.852664032765
15226,8509.531260264695
15227,7799.094694513383
15228,8882.105707343677
15229,7839.111943885855
15230,9032.586398878864
15231,8419.740764882794
15232,8982.820478126432
15233,8527.434694470425
15234,9014.37224531368
15235,8837.331515615133
15236,8931.018102162552
15237,7850.8839777476915
15238,7954.481081329284
15239,7859.780398116617
15240,8878.700089118738
15241,8238.816965636994
15242,8856.94634680014
15243,9035.153494347782
15244,9424.120853439405
15245,8472.246465184342
15246,8011.62768743657
15247,9094.670322430378
15248,8416.175870547757
15249,8980.276773881502
15250,8815.188807999242
15251,8946.769124432223
15252,8928.926811547182
15253,9459.316508643977
15254,7959.1909580077845
15255,8521.68827700534
15256,8959.729784618125
15257,9077.255858790159
15258,8927.765506454101
15259,8484.990237504528
15260,8981.150009642233
15261,8857.557560007026
15262,8574.110932452411
15263,7984.575234632808
15264,8466.402257885693
15265,8587.623857080594
15266,7853.61663204009
15267,8308.151829962473
15268,8454.620527981482
15269,8926.54308004033
15270,8473.851412160126
15271,8995.37374009157
15272,8929.04905418856
15273,8325.96663826284
15274,7787.400644887106
15275,8384.974782954883
15276,8941.755003579678
15277,9015.143431258643
15278,7855.0250610687945
15279,8476.23036600147
15280,8520.960947233454
15281,7852.599874979545
15282,8391.065818633033
15283,8950.378222552776
15284,8518.943943650731
15285,9055.608685754385
15286,7784.023937450033
15287,8352.244488384262
15288,8786.094674461161
15289,8406.073315363054
15290,8909.545243244143
15291,8968.485471744627
15292,8359.353684328282
15293,8488.494158636993
15294,7833.859200022014
15295,7894.372881343301
15296,9002.881437024233
15297,8927.887749095478
15298,8252.609287721898
15299,9460.172207133615
15300,9014.043247486248
15301,8441.379845898158
15302,8728.900696545008
15303,8276.845074123923
15304,8867.88005401794
15305,8452.838437448852
15306,8359.487192227762
15307,8503.602492157908
15308,8244.823883149893
15309,8466.450954691303
15310,8310.692571374615
15311,8236.92220469565
15312,8847.744136879926
15313,8244.505432021218
15314,8857.924287931157
15315,7990.009935849677
15316,8522.977950816176
15317,8513.99311667496
15318,7825.332798829339
15319,8466.965766449817
15320,8213.807474596702
15321,8535.482515975702
15322,8333.78461408878
15323,8794.43392945352
15324,8489.544588399543
15325,8999.285504615638
15326,9424.976551929045
15327,8271.1200610341
15328,8422.704166361726
15329,8794.641173369215
15330,8489.093407219658
15331,8434.832618336848
15332,8879.555787608379
15333,8250.254205105104
15334,8892.256896345712
15335,8397.981514727264
15336,8911.390105265586
15337,9051.228401688868
15338,9155.409576926744
15339,8853.706916803647
15340,8426.861375699631
15341,8930.565864804987
15342,8348.554877304701
15343,8961.555371282835
15344,8440.391679255112
15345,9459.927721850861
15346,8369.945502080112
15347,8865.339490379065
15348,7936.77982436999
15349,7954.438582296154
15350,7928.120263570509
15351,8335.74684455437
15352,8806.340833469958
15353,7977.668525395003
15354,8466.462228678487
15355,8285.043596185204
15356,8301.697906100799
15357,8238.432854080906
15358,8449.464005205398
15359,8518.699458367977
15360,8451.162686137897
15361,8480.815513528265
15362,8969.40740431097
15363,8894.518385211188
15364,8562.01913646811
15365,8459.549023119007
15366,9010.94945135512
15367,8345.627550233326
15368,9022.318017003188
15369,9458.27744619227
15370,7955.996843470556
15371,8508.675561775057
15372,8987.051014965902
15373,8354.679720715676
15374,9404.872750178529
15375,8430.520758622004
15376,8334.707132031359
15377,8517.711694833439
15378,8770.429089147556
15379,7869.63548472975
15380,8909.789728526897
15381,7869.34261659563
15382,7967.330068205421
15383,8314.767498306059
15384,8282.525512502694
15385,8229.483670312673
15386,8975.641779021202
15387,7979.585060956908
15388,8532.930500576378
15389,8999.458643065675
15390,8380.552366098367
15391,8038.882683707645
15392,8396.661081172279
15393,9262.129238997866
15394,8870.88976014237
15395,8284.0045337335
15396,9000.0189604639
15397,8305.821441920338
15398,8323.584306753251
15399,8374.927495137974
15400,8712.240946485417
15401,8412.251346418105
15402,7892.646446356758
15403,7948.427287018192
15404,7955.375259841584
15405,9102.5549727992
15406,9003.920499475938
15407,9455.526986761286
15408,8414.899420942813
15409,136.01224366126826
15410,0.0
15411,617.6626843892218
15412,79.96910534589097
15413,680.5769744017871
15414,124.46031405113445
15415,344.09409334930115
15416,58.49684823532425
15417,49.32803189259721
15418,0.0
15419,114.90348574106793
15420,690.8402435214475
15421,78.14783024990265
15422,0.0
15423,525.701819768763
15424,0.0
15425,136.80170807420473
15426,207.18179608255923
15427,630.6836982519653
15428,11.342261097133814
15429,697.5635887971866
15430,11.801003505453082
15431,650.9280211118303
15432,0.0
15433,738.4435268257921
15434,0.0
15435,578.6034784677631
15436,226.3239918588597
15437,0.0
15438,50.122609061548246
15439,123.60939322700233
15440,562.4204116661349
15441,0.0
15442,209.32203919541644
15443,0.0
15444,520.7699838506251
15445,208.66504293588514
15446,565.0627910564608
15447,69.82807886760747
15448,0.0
15449,611.3511417353338
15450,489.57796000611324
15451,84.78280060750058
15452,107.03900256712859
15453,329.9801810262634
15454,166.92940641764108
15455,78.57427949745852
15456,0.0
15457,0.0
15458,1197.8582048912303
15459,544.3111335419762
15460,156.96052150063588
15461,681.2441961733466
15462,0.0
15463,0.0
15464,665.0572717029127
15465,577.7679728037319
15466,484.4591073363181
15467,660.1980108324315
15468,29.371326523066273
15469,159.16699869019612
15470,131.11231249415596
15471,0.0
15472,0.0
15473,162.89539925219742
15474,620.8003227683948
15475,86.05751110024994
15476,0.0
15477,506.39872126357477
15478,0.0
15479,49.75588113741651
15480,0.0
15481,621.4675445399535
15482,0.0
15483,14.130520824325686
15484,69.86874916423858
15485,82.9937982162528
15486,0.0
15487,63.691570412954206
15488,131.9782364958246
15489,661.7567203857316
15490,619.2876280192249
15491,479.58962095380866
15492,104.74396866174084
15493,133.81187611648147
15494,511.53073964532723
15495,182.17931825213873
15496,122.68779575116696
15497,653.260856810025
15498,787.2030024672049
15499,0.0
15500,6057.265646622506
15501,224.3681095968259
15502,0.0
15503,0.0
15504,8.73729062145685
15505,0.0
15506,0.0
15507,574.1618148831076
15508,109.86080883083014
15509,0.0
15510,0.0
15511,0.0
15512,0.0
15513,14.299330804113197
15514,88.49471707822158
15515,172.7970532037407
15516,72.3391657718521
15517,609.5488870056888
15518,49.511395854662624
15519,90.38993238940384
15520,658.6293075185868
15521,0.0
15522,587.6470031751332
15523,168.57968207623162
15524,0.0
15525,610.4657068160168
15526,0.0
15527,639.2691871283623
15528,58.62901612795031
15529,198.69204215162426
15530,534.8790841483496
15531,764.0431346822616
15532,103.76729584147506
15533,0.0
15534,0.0
15535,584.0631337441446
15536,102.81314101536191
15537,0.0
15538,0.0
15539,163.32324849701672
15540,32.02174414452111
15541,0.0
15542,154.2161717144245
15543,156.41653925921128
15544,1108.218791221212
15545,108.32428538935983
15546,0.0
15547,41.849207710012706
15548,120.35496005297318
15549,689.06772522148
15550,0.0
15551,592.4960385335853
15552,0.0
15553,144.25339644219184
15554,0.0
15555,0.0
15556,218.1746633816747
15557,576.6066677106492
15558,0.0
15559,1109.8079455591142
15560,225.09645268907389
15561,0.0
15562,115.84732059006456
15563,0.0
15564,715.0951823227697
15565,0.0
15566,466.614448356665
15567,137.46892984576425
15568,5672.75198764618
15569,0.0
15570,583.1547019802683
15571,67.65517637310677
15572,0.0
15573,50.30597302361366
15574,50.061487740859775
15575,160.20606114190105
15576,446.7590059893155
15577,258.6469449910692
15578,137.6625193198597
15579,592.4451427249269
15580,0.0
15581,577.0345169554694
15582,164.97352415560727
15583,17.292091234821783
15584,15.769816340270154
15585,634.313247396577
15586,83.25143748402115
15587,167.90734754865753
15588,152.74926001789936
15589,0.0
15590,49.26691057190874
15591,1107.424214052261
15592,1106.3851516005561
15593,0.0
15594,0.0
15595,0.0
15596,702.8200223764015
15597,204.50368037305088
15598,364.13817377639316
15599,526.3864416038814
15600,565.0627910564608
15601,0.0
15602,1109.0744897108516
15603,0.0
15604,434.40724154415784
15605,0.0
15606,188.6272850816249
15607,418.02796625523115
15608,0.0
15609,6493.189854678123
15610,5856.936193999848
15611,192.4528128838274
15612,0.0
15613,271.4773095796472
15614,241.04400463276943
15615,1128.6281995751706
15616,0.0
15617,658.9960354427176
15618,5414.992228119581
15619,66.54506482151828
15620,83.07754440336612
15621,743.4401368542094
15622,149.6433466499666
15623,0.0
15624,632.5407290966095
15625,0.0
15626,0.0
15627,164.72903887285338
15628,0.0
15629,0.0
15630,50.274369003288484
15631,189.77855484312659
15632,195.89068691198008
15633,0.0
15634,0.0
15635,129.71674763034935
15636,58.194576912726916
15637,6088.035234708914
15638,474.1244744824153
15639,754.630451296226
15640,0.0
15641,0.0
15642,167.5406196245258
15643,204.93630728337757
15644,0.0
15645,0.0
15646,0.0
15647,5688.883687837706
15648,1106.9963648074418
15649,181.7614363208986
15650,0.0
15651,527.7532216563786
15652,106.60777565406624
15653,0.0
15654,477.37458436077395
15655,1074.1844411097245
15656,37.79460461045346
15657,567.5068426967109
15658,0.0
15659,160.328303783278
15660,0.0
15661,495.9716108264429
15662,464.71071699049935
15663,777.3013485156607
15664,40.68031575776968
15665,5648.234285094131
15666,578.6236712933714
15667,117.25744346057036
15668,143.25040069552142
15669,39.98393993490208
15670,661.4408882702592
15671,542.9390455232933
15672,67.34769494641387
15673,0.0
15674,520.6740952660248
15675,0.0
15676,661.3797669495707
15677,40.697844299783355
15678,0.0
15679,0.0
15680,0.0
15681,124.95033309179598
15682,5846.713189790448
15683,648.1317786282007
15684,633.5746787922999
15685,0.0
15686,108.26827682468502
15687,684.1168982457084
15688,1109.0744897108516
15689,0.0
15690,0.0
15691,659.0062609547476
15692,226.92907898936846
15693,728.4756387975458
15694,0.0
15695,170.00514321478113
15696,35.50238713119961
15697,29.94049185859967
15698,500.9036541729947
15699,679.904639874213
15700,138.93584154228938
15701,0.0
15702,1109.0133683901631
15703,115.78108651336152
15704,175.42493490284141
15705,16.806248051824696
15706,165.64585868318136
15707,652.0944389609276
15708,0.0
15709,166.50155717282087
15710,752.7356903548816
15711,113.14264421172538
15712,246.5449234947382
15713,515.7048105524163
15714,11.592609061862277
15715,0.0
15716,149.08198077658653
15717,45.24037351411698
15718,0.0
15719,74.92488434469033
15720,0.0
15721,0.0
15722,416.15306304898877
15723,0.0
15724,659.1182780840945
15725,132.98885425644949
15726,1070.822768471855
15727,0.0
15728,722.1190214459375
15729,700.2478141514684
15730,449.0673716529809
15731,0.0
15732,515.0150923928868
15733,141.779954013512
15734,693.2239750283006
15735,156.2270656523733
15736,701.9032025660736
15737,578.2569433692397
15738,464.9346795318397
15739,0.0
15740,30.888349742485843
15741,578.6368370053306
15742,683.2000784353795
15743,610.5187751807607
15744,6104.91494473098
15745,0.0
15746,574.222936203796
15747,0.0
15748,163.99558302459081
15749,48.166726799514436
15750,578.3180646899282
15751,0.0
15752,665.9129701925522
15753,650.8771253031709
15754,463.34936963920154
15755,0.0
15756,0.0
15757,6.547293498755607
15758,5896.165183555557
15759,628.3233579690996
15760,1110.2969161246228
15761,50.50829368350787
15762,158.73914944537592
15763,0.0
15764,152.8390389577262
15765,154.03280775235817
15766,697.7927358118986
15767,763.187436192622
15768,639.7274811577854
15769,642.99247493435
15770,1110.847008010819
15771,0.0
15772,662.2405781952248
15773,579.479369783011
15774,543.2446521267357
15775,9.852662015829083
15776,132.8138870699131
15777,694.7926783421453
15778,77.92072859910422
15779,0.0
15780,114.81441936952797
15781,746.6897923627312
15782,82.18701016177056
15783,69.30262238201976
15784,0.0
15785,61.62614512471828
15786,0.0
15787,700.9863827557447
15788,26.643067923930175
15789,433.1848151303866
15790,0.0
15791,665.2406356649781
15792,109.79364705490116
15793,1106.1406663178013
15794,0.0
15795,0.0
15796,151.05859147561114
15797,156.0437016903079
15798,0.0
15799,660.3407044978658
15800,131.18365932687357
15801,5815.6499044390675
15802,108.88286769981369
15803,0.0
15804,545.8043992952789
15805,573.3650651580729
15806,116.05268129987053
15807,0.0
15808,121.6497817746149
15809,0.0
15810,0.0
15811,6074.40518019537
15812,728.7201240802997
15813,26.936527425228633
15814,596.1735432869273
15815,6248.8352039284355
15816,686.1950231491182
15817,686.4446211878876
15818,674.4597295769181
15819,0.0
15820,211.16590432810153
15821,66.41006257455683
15822,0.0
15823,662.9455300634863
15824,63.67236274915649
15825,588.494406450689
15826,1107.1797287695072
15827,0.0
15828,83.64661009923202
15829,88.1736272966773
15830,19.283623869837356
15831,777.0568632329068
15832,696.5856476661702
15833,1128.689320895859
15834,661.7567203857316
15835,0.0
15836,0.0
15837,703.4923569039756
15838,0.0
15839,578.2569433692397
15840,250.33444537742707
15841,92.05578857417822
15842,6352.435842495512
15843,0.0
15844,28.594277896128915
15845,1110.174673483246
15846,0.0
15847,0.0
15848,0.0
15849,507.31554107390275
15850,0.0
15851,150.08065034459378
15852,0.0
15853,152.56589605583395
15854,0.0
15855,131.6389275352285
15856,5804.366745451688
15857,0.0
15858,1199.3251165877546
15859,45.93475523440247
15860,579.0515205381907
15861,0.0
15862,1161.990215159085
15863,1056.0976429419306
15864,431.2791668787613
15865,686.1134508043724
15866,481.3409738838536
15867,67.51024634695023
15868,77.49287935428401
15869,181.77677458894232
15870,580.1290807304431
15871,0.0
15872,0.0
15873,0.0
15874,0.0
15875,0.0
15876,0.0
15877,183.90068254499784
15878,0.0
15879,682.8048465312468
15880,0.0
15881,44.408199431577486
15882,557.4808070911513
15883,109.17774833463773
15884,650.2556865842562
15885,0.0
15886,130.48601921767568
15887,579.6016124243879
15888,696.0049951196288
15889,0.0
15890,632.8463357000519
15891,0.0
15892,757.9310026134071
15893,697.5024674764982
15894,0.0
15895,127.97164829391659
15896,248.19519915332876
15897,0.0
15898,0.0
15899,71.15888686910057
15900,45.929642478388814
15901,60.53763812294983
15902,661.685373553014
15903,456.5174690268941
15904,596.2141505952814
15905,0.0
15906,0.0
15907,50.67270094774449
15908,540.3108287336854
15909,719.0018340908218
15910,0.0
15911,578.562549972683
15912,136.30149867630644
15913,358.69837623511285
15914,0.0
15915,560.7664693355473
15916,550.1160812368571
15917,241.11023870947156
15918,0.0
15919,697.746952759252
15920,172.91929584511763
15921,698.4701830954864
15922,0.0
15923,33.84231469981387
15924,657.600470578911
15925,0.0
15926,0.0
15927,236.80841432620764
15928,0.0
15929,0.0
15930,0.0
15931,6049.844971197757
15932,0.0
15933,0.0
15934,13.432465879675874
15935,417.45399441540394
15936,494.07684988509845
15937,0.0
15938,693.8963095558747
15939,34.0058721881087
15940,579.1737631795677
15941,134.44893051637155
15942,561.6981782186604
15943,30.074832307310317
15944,489.88088460807376
15945,0.0
15946,1108.5243978246544
15947,0.0
15948,0.0
15949,511.4263181042179
15950,0.0
15951,0.0
15952,597.1383187059855
15953,0.0
15954,0.0
15955,693.1017323869237
15956,0.0
15957,0.0
15958,0.0
15959,452.8568935356707
15960,0.0
15961,0.0
15962,562.298169024758
15963,190.5782447680922
15964,132.2063701901734
15965,46.29900987174824
15966,40.280220566991375
15967,579.479369783011
15968,0.0
15969,674.7653361803614
15970,621.4624317839398
15971,238.29865795779915
15972,0.0
15973,673.7822822933304
15974,0.0
15975,6144.195502909654
15976,6435.69003017825
15977,16.745126731135315
15978,58.570079090291074
15979,34.85318263129648
15980,620.7494269597346
15981,98.86284520730442
15982,211.7108834582832
15983,638.0925437672367
15984,684.055776925019
15985,0.0
15986,208.30323758731993
15987,0.0
15988,0.0
15989,0.0
15990,522.28515188658
15991,65.22025350147305
15992,471.2568390793167
15993,563.88732336266
15994,689.7400597490532
15995,607.7712559497068
15996,0.0
15997,46.09607200375649
15998,585.1410290269032
15999,0.0
16000,33.22179794411932
16001,650.8057784704533
16002,630.880227925989
16003,659.0673822754361
16004,5971.631830286943
16005,1164.0683400624957
16006,17.620245487565626
16007,699.5194710592205
16008,578.562549972683
16009,1071.5562243201175
16010,0.0
16011,0.0
16012,0.0
16013,48.45826665372533
16014,0.0
16015,0.0
16016,525.2186401891231
16017,651.1113850738957
16018,566.178313096897
16019,196.619030004229
16020,0.0
16021,162.89539925219742
16022,11.441816353731156
16023,595.5725555920708
16024,0.0
16025,694.324158800694
16026,167.1127703797065
16027,0.0
16028,492.7147971979948
16029,0.0
16030,8.126077414571228
16031,0.0
16032,45.927895663669915
16033,209.33226470744557
16034,47.88041198440715
16035,580.5367107026896
16036,541.5943764681451
16037,134.23972536130077
16038,136.14179806170887
16039,1108.341033862589
16040,11.564058995108098
16041,1053.2249408695689
16042,153.65099975863268
16043,519.6574831155385
16044,540.3800030103184
16045,72.06911670902537
16046,66.0560942560096
16047,679.8944143621848
16048,579.1126418588792
16049,592.7375836164101
16050,0.0
16051,36.28046377726696
16052,0.0
16053,675.1167258364503
16054,137.2346700750395
16055,632.1231053638185
16056,0.0
16057,0.0
16058,152.34213921006994
16059,529.9861032028293
16060,466.71930736608647
16061,680.2662550423302
16062,0.0
16063,182.45279624453815
16064,0.0
16065,93.6449429120803
16066,0.0
16067,250.21220273605013
16068,0.0
16069,0.0
16070,46.39816201983831
16071,763.4879300400507
16072,464.37034312314427
16073,122.66589346851288
16074,6157.846008447256
16075,0.0
16076,694.6908867248258
16077,0.0
16078,6190.841296107039
16079,27.72105086447573
16080,645.9160728153702
16081,42.16073698583932
16082,159.83933321777022
16083,0.0
16084,532.4137802967507
16085,0.0
16086,682.8944718319372
16087,70.04883783586774
16088,633.1285510795069
16089,177.74276742349866
16090,664.6803182667518
16091,487.6395885682059
16092,581.326175115626
16093,0.0
16094,0.0
16095,0.0
16096,529.0081620718129
16097,0.0
16098,507.2544197532143
16099,685.4615673008557
16100,1074.4289263924784
16101,122.55453813741588
16102,0.0
16103,744.9783953834522
16104,66.48394350082981
16105,630.5848468345757
16106,465.4968809523152
16107,597.0771973852961
16108,579.2348845002562
16109,1109.6245815970487
16110,0.0
16111,171.9963499584137
16112,610.0378575711966
16113,727.5639317432315
16114,578.0735794071743
16115,135.29831045760147
16116,631.4580825953071
16117,507.865632960099
16118,224.41900540548613
16119,0.0
16120,116.71033083876773
16121,237.9319300336674
16122,0.0
16123,0.0
16124,104.92860093455783
16125,576.851152993403
16126,124.15948511319857
16127,645.6818130446454
16128,579.357127141634
16129,5625.279318128139
16130,0.0
16131,35.28285590795713
16132,592.0630765327523
16133,665.4515042117164
16134,0.0
16135,126.5384389545452
16136,171.2690201865271
16137,0.0
16138,41.373891586105856
16139,600.6862955058505
16140,169.2520166038048
16141,705.9167587074598
16142,0.0
16143,2.5525613373356464
16144,6085.407354326459
16145,56.38138831612923
16146,559.8533161972164
16147,618.7935446977017
16148,9.661757281353857
16149,138.8022315900671
16150,0.0
16151,0.0
16152,653.1895099773064
16153,578.1958220485512
16154,0.0
16155,1110.4802800866883
16156,664.3513204393221
16157,91.6879188512321
16158,379.2087694980819
16159,0.0
16160,518.1881269710138
16161,103.1465104019253
16162,9.795265180835486
16163,153.91056511098122
16164,0.0
16165,116.75902764437797
16166,0.0
16167,0.0
16168,498.05220983300023
16169,0.0
16170,508.23236088423073
16171,0.0
16172,173.28602376924846
16173,164.30118962803317
16174,0.0
16175,117.2738394028911
16176,0.0
16177,185.79058892877674
16178,0.0
16179,444.7420024065932
16180,139.85266135261736
16181,649.5935775687121
16182,1075.284624882118
16183,0.0
16184,73.01223931480126
16185,444.9492463222896
16186,139.40148017273168
16187,85.14069128992196
16188,529.8638605614524
16189,0.0
16190,542.5649692987863
16191,48.28958768033772
16192,561.6981782186604
16193,701.5364746419418
16194,805.717649879818
16195,504.01498975672166
16196,77.1694486527067
16197,580.8739377580605
16198,0.0
16199,611.8634442359089
16200,90.6997522081856
16201,1110.2357948039344
16202,20.25357503318719
16203,515.6475633321388
16204,0.0
16205,0.0
16206,0.0
16207,0.0
16208,6105.653513335257
16209,0.0
16210,116.77030163156178
16211,0.0
16212,0.0
16213,0.0
16214,99.77207815847123
16215,169.00753132105092
16216,101.47075909097111
16217,131.12358648133886
16218,619.7154772640442
16219,544.8264581642616
16220,212.3272094211834
16221,109.85709607208082
16222,661.2575243081938
16223,0.0
16224,672.6260899562621
16225,1108.5855191453438
16226,0.0
16227,158.9836347281307
16228,637.3590879189742
16229,4.987793668750783
16230,1055.1808231316027
16231,80.82883157507877
16232,0.0
16233,168.0197677865126
16234,420.7371621006296
16235,0.0
16236,560.0978014799712
16237,0.0
16238,0.0
16239,0.0
16240,0.0
16241,0.0
16242,625.9498519742756
16243,0.0
16244,183.23857352945197
16245,649.7667160187484
16246,30.860439051439243
16247,0.0
16248,46.96915412535145
16249,6561.4419188631655
16250,6170.202440007669
16251,0.0
16252,650.3270334169747
16253,0.0
16254,0.0
16255,25.235568091048663
16256,362.5490194384911
16257,62.55941937117859
16258,0.0
16259,0.0
16260,0.0
16261,752.8630457522731
16262,654.2285724290114
16263,1105.835059714359
16264,65.20749389588764
16265,5908.547375287436
16266,5134.246599844155
16267,6390.197816015389
16268,5852.504236972059
16269,6453.112106027955
16270,5896.995445677302
16271,6116.629224975469
16272,5831.031979861491
16273,5821.863163518764
16274,5468.458203987448
16275,5887.438617367236
16276,6463.375375147615
16277,5850.68296187607
16278,5426.285747799562
16279,6298.23695139493
16280,5332.718276511007
16281,5909.336839700372
16282,5979.716927708727
16283,6403.218829878133
16284,5783.877392723301
16285,6470.098720423355
16286,5784.336135131621
16287,6423.463152737999
16288,5405.645920912082
16289,6510.97865845196
16290,5693.194553771525
16291,6351.138610093931
16292,5998.859123485027
16293,5717.1988087012505
16294,5822.657740687715
16295,5896.14452485317
16296,6334.955543292303
16297,5364.308979587349
16298,5981.857170821584
16299,5266.8034061495555
16300,6293.305115476792
16301,5981.200174562053
16302,6337.5979226826275
16303,5842.363210493775
16304,5758.2749669441
16305,6383.8862733615015
16306,6262.11309163228
16307,5857.317932233668
16308,5879.574134193295
16309,6102.515312652431
16310,5939.464538043809
16311,5851.109411123625
16312,5703.213053779255
16313,5347.317252435935
16314,6970.393336517397
16315,6316.846265168144
16316,5929.4956531268035
16317,6453.779327799514
16318,5269.331559993372
16319,5203.54606797068
16320,6437.59240332908
16321,6350.3031044299
16322,6256.994238962486
16323,6432.733142458599
16324,5801.906458149234
16325,5931.702130316364
16326,5903.647444120324
16327,5461.787009607575
16328,5310.812485716834
16329,5935.430530878365
16330,6393.3354543945625
16331,5858.5926427264185
16332,5390.356636746728
16333,6278.9338528897415
16334,5371.994460132681
16335,5822.291012763584
16336,5207.811106173085
16337,6394.002676166122
16338,5611.791180126417
16339,5786.665652450493
16340,5842.403880790406
16341,5855.52892984242
16342,5605.240671753652
16343,5836.226702039121
16344,5904.513368121992
16345,6434.291852011898
16346,6391.822759645392
16347,6252.124752579976
16348,5877.279100287908
16349,5906.347007742648
16350,6284.065871271495
16351,5954.714449878306
16352,5895.222927377334
16353,6425.795988436192
16354,6559.738134093372
16355,5290.927837220484
16356,6180.796171336449
16357,5996.9032412229935
16358,5250.345787249647
16359,5208.741380229206
16360,5781.272422247624
16361,5294.786745512878
16362,5701.02910331305
16363,6346.696946509276
16364,5882.395940456998
16365,5230.40708272017
16366,5767.784277113748
16367,5394.329522591484
16368,5406.485843195444
16369,5786.834462430281
16370,5861.029848704389
16371,5945.332184829908
16372,5844.87429739802
16373,6382.084018631856
16374,5822.04652748083
16375,5862.925064015572
16376,6431.164439144754
16377,5293.86992570255
16378,6360.182134801302
16379,5941.114813702399
16380,5171.682647523496
16381,6383.000838442184
16382,5368.126433297348
16383,6411.80431875453
16384,5831.164147754117
16385,5971.227173777792
16386,6307.414215774517
16387,6536.578266308429
16388,5876.302427467642
16389,5263.429623977407
16390,5336.994130306338
16391,6356.598265370312
16392,5875.34827264153
16393,5718.67520771079
16394,5338.967234858665
16395,5935.858380123185
16396,5804.55687577069
16397,5259.067085081317
16398,5926.751303340592
16399,5928.95167088538
16400,6880.75392284738
16401,5880.8594170155275
16402,5304.117856554168
16403,5814.38433933618
16404,5892.890091679141
16405,6461.602856847648
16406,5749.929753343177
16407,6365.031170159754
16408,5719.60099794594
16409,5916.78852806836
16410,5306.707112504188
16411,5380.337852909823
16412,5990.709795007842
16413,6349.141799336818
16414,5704.421825751423
16415,6882.343077185282
16416,5997.6315843152415
16417,5713.061766558226
16418,5888.382452216232
16419,5200.507602195622
16420,6487.630313948937
16421,5281.280643097756
16422,6239.149579982833
16423,5910.004061471932
16424,5796.282512360123
16425,5599.804748312784
16426,6355.689833606436
16427,5840.190307999275
16428,5242.173414365929
16429,5822.841104649781
16430,5822.5966193670265
16431,5932.74119276807
16432,6219.294137615482
16433,6031.182076617236
16434,5910.197650946026
16435,6364.980274351094
16436,5745.027479079319
16437,6349.569648581637
16438,5937.508655781776
16439,5789.827222860989
16440,5788.304947966438
16441,6406.848379022744
16442,5855.786569110188
16443,5940.442479174825
16444,5925.284391644067
16445,5430.605161510359
16446,5821.8020421980755
16447,6879.95934567843
16448,6878.920283226724
16449,5232.086495998465
16450,5675.208007018386
16451,5729.5281228451895
16452,6475.355154002569
16453,5977.038811999218
16454,6136.673305402561
16455,6298.921573230049
16456,6337.5979226826275
16457,5302.912168405705
16458,6881.60962133702
16459,5671.792010928564
16460,6206.9423731703255
16461,5731.850733031354
16462,5961.162416707792
16463,6190.5630978814
16464,5227.947313131216
16465,6616.720379392066
16466,5980.466718713791
16467,5964.987944509995
16468,5281.654074771976
16469,6044.012441205816
16470,6013.579136258936
16471,6901.163331201338
16472,5210.928293528201
16473,6431.531167068886
16474,5538.5227528335245
16475,5839.080196447686
16476,5855.612676029534
16477,6515.975268480377
16478,5922.178478276134
16479,5676.796227455806
16480,6405.075860722776
16481,5391.090092594991
16482,5397.01886070178
16483,5937.264170499021
16484,5423.840894972021
16485,5705.258583974838
16486,5822.809500629457
16487,5962.313686469294
16488,5968.425818538148
16489,5717.972128137834
16490,5400.343937339239
16491,5902.251879256516
16492,5830.7297085388955
16493,6211.565759422857
16494,6246.659606108583
16495,6527.165582922395
16496,5720.283069255899
16497,5158.791161614228
16498,5940.075751250694
16499,5977.471438909545
16500,5427.258576174564
16501,5210.452777208485
16502,5340.716149801573
16503,5812.414212551649
16504,6879.531496433609
16505,5954.296567947066
16506,5296.70307364637
16507,6300.288353282546
16508,5879.142907280234
16509,5290.630495706057
16510,6249.909715986942
16511,6846.719572735892
16512,5810.329736236621
16513,6340.041974322879
16514,5346.124658303327
16515,5932.8634354094465
16516,5348.910313737457
16517,6268.5067424526105
16518,6237.245848616666
16519,6549.836480141828
16520,5813.215447383937
16521,5771.764809808074
16522,6351.158802919539
16523,5889.792575086738
16524,5915.785532321688
16525,5812.519071561071
16526,6433.976019896428
16527,6315.47417714946
16528,5839.8828265725815
16529,5249.227052907051
16530,6293.209226892192
16531,5738.667137242015
16532,6433.914898575738
16533,5813.232975925951
16534,5238.285836047213
16535,5255.546857630836
16536,5173.074638547672
16537,5897.4854647179645
16538,5970.243714504391
16539,6420.666910254369
16540,6406.1098104184675
16541,5726.405143007606
16542,5880.803408450853
16543,6456.652029871876
16544,6881.60962133702
16545,5743.163756211532
16546,5408.701986946508
16547,6431.541392580914
16548,5999.464210615536
16549,6501.010770423713
16550,5268.212124998376
16551,5942.540274840949
16552,5808.037518757367
16553,5802.475623484767
16554,6273.438785799161
16555,6452.4397715003815
16556,5911.470973168457
16557,5317.0368066973615
16558,6881.548500016332
16559,5888.316218139529
16560,5947.960066529009
16561,5789.341379677992
16562,5938.180990309349
16563,6424.629570587095
16564,5698.13406940244
16565,5939.036688798989
16566,6525.270821981049
16567,5885.677775837893
16568,6019.080055120905
16569,6288.239942178584
16570,5784.127740688029
16571,5336.589070477664
16572,5921.617112402755
16573,5817.775505140285
16574,5356.748426423015
16575,5847.460015970858
16576,5220.295193861591
16577,5413.897299205035
16578,6188.688194675156
16579,5667.786856267366
16580,6431.653409710263
16581,5905.523985882616
16582,6843.357900098023
16583,5755.540346237748
16584,6494.654153072105
16585,6472.782945777636
16586,6221.6025032791495
16587,5386.634423046624
16588,6287.550224019054
16589,5914.31508563968
16590,6465.759106654468
16591,5928.762197278541
16592,6474.438334192241
16593,6350.792074995408
16594,6237.469811158007
16595,5235.302210591048
16596,5803.4234813686535
16597,6351.171968631498
16598,6455.735210061548
16599,6383.053906806928
16600,6228.445469444923
16601,5307.481238649082
16602,6346.758067829965
16603,5453.121848819034
16604,5936.5307146507585
16605,5820.701858425682
16606,6350.853196316097
16607,5716.709838135742
16608,6438.44810181872
16609,6423.412256929339
16610,6235.884501265368
16611,5188.345981863382
16612,5344.695416713093
16613,5779.082425124923
16614,6019.6957082695
16615,6400.858489595267
16616,6882.8320477507905
16617,5823.0434253096755
16618,5931.2742810715445
16619,5639.890109172437
16620,5925.374170583895
16621,5926.567939378527
16622,6470.327867438065
16623,6535.72256781879
16624,6412.262612783952
16625,6415.527606560517
16626,6883.382139636988
16627,5391.03792526752
16628,6434.775709821393
16629,6352.014501409179
16630,6315.779783752903
16631,5782.387793641997
16632,5905.349018696081
16633,6467.327809968313
16634,5850.455860225272
16635,5357.809056066867
16636,5887.349550995696
16637,6519.224923988899
16638,5854.722141787938
16639,5841.837754008187
16640,5465.725128188419
16641,5834.161276750886
16642,5360.702821666726
16643,6473.521514381913
16644,5799.178199550098
16645,6205.719946756554
16646,5707.121389373748
16647,6437.775767291146
16648,5882.328778681069
16649,6878.67579794397
16650,5674.963521735631
16651,5223.951602224227
16652,5923.593723101778
16653,5928.5788333164755
16654,5365.16467807699
16655,6432.875836124033
16656,5903.718790953041
16657,5939.180429153011
16658,5881.41799932598
16659,5754.057595816591
16660,6318.339530921446
16661,6345.9001967842405
16662,5888.587812926039
16663,5760.356659696202
16664,5894.1849134007825
16665,5249.214735944358
16666,5707.748085758734
16667,6197.935704909312
16668,6501.255255706467
16669,5799.471659051395
16670,6368.708674913095
16671,6372.365728642379
16672,6458.730154775287
16673,6458.979752814055
16674,6446.994861203087
16675,5380.4130409797435
16676,5983.701035954269
16677,5838.9451942007245
16678,5694.515831602685
16679,6435.480661689653
16680,5836.207494375325
16681,6361.029538076856
16682,6879.714860395676
16683,5181.948100926187
16684,5856.1817417254
16685,5860.708758922846
16686,5791.818755496005
16687,6549.5919948590745
16688,6469.120779292338
16689,6901.224452522027
16690,6434.291852011898
16691,5368.098501470039
16692,5251.938815687961
16693,6476.027488530143
16694,5392.606045733073
16695,6350.792074995408
16696,6022.869577003595
16697,5864.590920200347
16698,6475.966367209455
16699,5762.459815081138
16700,5801.129409522297
16701,6882.7098051094135
16702,5382.821330670083
16703,5282.612731817183
16704,5767.397882451325
16705,6279.85067270007
16706,5320.637660865162
16707,5922.615781970761
16708,5311.656539482696
16709,5925.101027682002
16710,5736.347001158997
16711,5904.174059161396
16712,5927.897270165631
16713,5752.453747760932
16714,6971.860248213922
16715,5818.46988686057
16716,6351.586652164359
16717,5378.45593649371
16718,6934.525346785253
16719,6828.632774568098
16720,6203.814298504929
16721,6458.64858243054
16722,6253.876105510021
16723,5840.045377973118
16724,5850.028010980452
16725,5954.31190621511
16726,6352.664212356611
16727,5625.897039493511
16728,5712.655973235196
16729,5734.738145722998
16730,5313.107803451398
16731,5322.511015956022
16732,5757.978835926726
16733,5956.4358141711655
16734,5384.64704110859
16735,6455.339978157414
16736,5266.305919529063
16737,5816.943331057744
16738,6330.015938717319
16739,5881.712879960805
16740,6422.790818210425
16741,5431.49512680732
16742,5903.021150843844
16743,6352.136744050556
16744,6468.540126745797
16745,5352.636075646589
16746,6405.381467326219
16747,5385.450637997175
16748,6530.466134239576
16749,6470.037599102667
16750,5739.8141978126
16751,5900.506779920084
16752,6020.7303307794955
16753,5321.500352925006
16754,5648.602348430325
16755,5843.694018495268
16756,5818.4647741045555
16757,5833.0727697491175
16758,6434.220505179182
16759,6229.052600653062
16760,6368.749282221449
16761,5741.276570402402
16762,5195.97913373958
16763,5823.207832573912
16764,6312.845960359853
16765,6491.5369657169895
16766,5342.69734487771
16767,6351.097681598851
16768,5908.836630302473
16769,6131.2335078612805
16770,5757.550986681907
16771,6333.301600961715
16772,6322.651212863024
16773,6013.645370335639
16774,5326.199701047819
16775,6470.282084385421
16776,5945.454427471286
16777,6471.005314721654
16778,5620.386633318527
16779,5806.3774463259815
16780,6430.135602205079
16781,5267.5939867305815
16782,5410.841233170608
16783,6009.343545952375
16784,5715.423663475361
16785,5266.641609379637
16786,5279.144800172627
16787,6173.3754959117
16788,5430.6394283176805
16789,5385.170294913025
16790,5785.9675975058435
16791,6189.989126041572
16792,6266.611981511266
16793,5719.119745926107
16794,6466.431441182042
16795,5806.541003814276
16796,6351.708894805736
16797,5906.984062142538
16798,6334.233309844828
16799,5802.609963933478
16800,6262.416016234241
16801,5659.136812436049
16802,6881.059529450823
16803,5381.930864916532
16804,5676.002584187336
16805,6283.9614497303855
16806,5372.329250442579
16807,5335.488870273666
16808,6369.673450332153
16809,5263.48175844167
16810,5211.50073689231
16811,6465.636864013091
16812,5264.9697665288995
16813,5243.698953640332
16814,5357.981516287049
16815,6225.392025161838
16816,5699.154359951871
16817,5426.613686241253
16818,6334.8333006509265
16819,5963.11337639426
16820,5904.741501816341
16821,5818.834141497916
16822,5812.81535219316
16823,6352.014501409179
16824,5737.926535000773
16825,6447.300467806529
16826,6393.997563410107
16827,6010.833789583967
16828,5224.3138627589915
16829,6446.317413919498
16830,5201.711100070114
16831,6267.7260276235975
16832,6559.220554892193
16833,5789.280258357304
16834,5831.105210716459
16835,5807.388314257464
16836,6393.284558585902
16837,5871.397976833471
16838,5984.246015084452
16839,6410.627675393405
16840,6456.590908551188
16841,5307.318325711074
16842,5980.838369213488
16843,5366.644967618545
16844,5270.962956407496
16845,5346.041969790492
16846,6294.820283512749
16847,5837.75538512764
16848,6243.791970705484
16849,6336.422454988829
16850,6462.275191375222
16851,6380.306387575874
16852,5700.2733156265385
16853,5818.631203629924
16854,6357.676160653071
16855,5664.50061648538
16856,5805.756929570287
16857,6423.340910096622
16858,6403.415359552157
16859,6431.602513901603
16860,6095.162355000886
16861,6936.603471688663
16862,5790.155377113733
16863,6472.054602685388
16864,6351.097681598851
16865,6844.091355946284
16866,5738.673144834048
16867,5759.396735836842
16868,5722.502704454893
16869,5820.993398279893
16870,5742.753719337902
16871,5638.419323375501
16872,6297.753771815291
16873,6423.646516700064
16874,6338.713444723065
16875,5969.154161630397
16876,5165.326030171887
16877,5935.430530878365
16878,5783.976947979899
16879,6368.107687218238
16880,5338.602216391578
16881,6466.859290426863
16882,5939.647902005874
16883,5710.122004552361
16884,6265.249928824162
16885,5284.286004320333
16886,5780.661209040738
16887,5090.118906760883
16888,5818.463027289838
16889,5981.867396333613
16890,5820.415543610575
16891,6353.071842328857
16892,6314.129508094313
16893,5906.774856987468
16894,5908.6769296878765
16895,6880.876165488758
16896,5784.099190621276
16897,6825.760072495737
16898,5926.186131384801
16899,6292.192614741705
16900,6312.915134636486
16901,5844.604248335194
16902,5838.591225882178
16903,6452.429545988352
16904,6351.647773485048
16905,6365.272715242578
16906,5392.443715643357
16907,5808.815595403434
16908,5188.16773065733
16909,6447.651857462617
16910,5909.769801701207
16911,6404.658236989985
16912,5276.378357106952
16913,5190.411980800909
16914,5924.877270836238
16915,6302.521234828997
16916,6239.254438992254
16917,6452.801386668498
16918,5400.828240319571
16919,5954.987927870706
16920,5757.929824140317
16921,5866.180074538249
16922,5402.4064909155895
16923,6022.747334362218
16924,5286.484042672032
16925,5295.094061573366
16926,5818.933293646007
16927,6536.023061666218
16928,6236.905474749312
16929,5895.2010250946805
16930,6281.376533161199
16931,5363.670911867098
16932,6467.226018350993
16933,5217.6116303055605
16934,6314.371820820982
16935,5800.256182490643
16936,6418.451204441538
16937,5814.695868612007
16938,5932.374464843938
16939,5221.937899092624
16940,6304.948911922918
16941,5261.9551484650965
16942,6455.429603458105
16943,5842.5839694620345
16944,6405.663682705675
16945,5950.277899049666
16946,6437.21544989292
16947,6260.1747201943745
16948,6353.861306741794
16949,5273.727182326933
16950,5377.324285908526
16951,5282.623602695859
16952,6301.5432936979805
16953,5661.660170216234
16954,6279.789551379381
16955,6457.996698927023
16956,6846.964058018646
16957,5895.0896697635835
16958,5434.470892015812
16959,6517.513527009619
16960,5839.019075126997
16961,6403.119978460743
16962,6238.032012578484
16963,6369.612329011465
16964,6351.770016126425
16965,6882.159713223216
16966,5382.034162587027
16967,5944.531481584581
16968,6382.572989197365
16969,6500.0990633694
16970,6350.608711033343
16971,5907.833442083768
16972,6403.993214221475
16973,6280.400764586267
16974,5996.954137031654
16975,5407.41843921205
16976,5889.2454624649345
16977,6010.467061659835
16978,5276.459836619331
16979,5730.995034541715
16980,5877.463732560725
16981,6349.386284619572
16982,5896.694616739366
16983,6418.216944670812
16984,6351.892258767802
16985,5748.809842842082
16986,5210.2438494663475
16987,5807.817987534125
16988,6364.598208158919
16989,6437.986635837884
16990,5277.868265648036
16991,5899.073570580712
16992,5943.804151812695
16993,5275.443079558787
16994,5813.909023212274
16995,6373.221427132018
16996,5941.787148229973
16997,6478.4518903336275
16998,5206.867142029274
16999,5775.087692963503
17000,6208.937879040403
17001,179.91191303007236
17002,6332.388447823385
17003,6391.328676323869
17004,5782.196888907522
17005,5911.337363216235
17006,5256.702404601256
17007,5317.216085922542
17008,6425.724641603474
17009,6350.73095367472
17010,5675.4524923011395
17011,6883.015411712857
17012,6436.88645206549
17013,5864.223050477399
17014,6151.7439011242495
17015,5699.688278703165
17016,6290.7232585971815
17017,5875.681642028093
17018,5782.330396807003
17019,5926.44569673715
17020,5667.667087729135
17021,5889.294159270546
17022,5733.535775953856
17023,5659.765409274889
17024,6270.587341459167
17025,5667.34863660046
17026,6280.767492510398
17027,5412.853140428919
17028,5945.821155395417
17029,5936.836321254202
17030,5248.17600340858
17031,5889.808971029059
17032,5636.650679175945
17033,5958.325720554944
17034,5756.627818668021
17035,6217.277134032761
17036,5912.387792978785
17037,6422.12870919488
17038,6847.8197565082855
17039,5693.963265613342
17040,5845.547370940968
17041,6217.484377948457
17042,5911.936611798899
17043,5857.67582291609
17044,6302.39899218762
17045,5673.0974096843465
17046,6315.100100924953
17047,5820.824719306504
17048,6334.233309844828
17049,6474.0716062681095
17050,6578.252781505986
17051,6276.550121382888
17052,5849.704580278874
17053,6353.409069384228
17054,5771.398081883943
17055,6384.3985758620765
17056,5863.234883834353
17057,6882.770926430102
17058,5792.788706659355
17059,6288.1826949583065
17060,5359.623028949231
17061,5377.2817868753955
17062,5350.963468149751
17063,5758.5900491336115
17064,6229.1840380492
17065,5400.511729974244
17066,5889.3054332577285
17067,5707.886800764445
17068,5724.54111068004
17069,5661.276058660147
17070,5872.307209784639
17071,5941.5426629472195
17072,5874.005890717139
17073,5903.6587181075065
17074,6392.250608890212
17075,6317.361589790429
17076,5984.862341047351
17077,5882.3922276982485
17078,6433.792655934361
17079,5768.470754812568
17080,6445.16122158243
17081,6881.1206507715115
17082,5378.840048049798
17083,5931.518766354298
17084,6409.894219545143
17085,5777.5229252949175
17086,6827.71595475777
17087,5853.3639632012455
17088,5757.550336610601
17089,5940.55489941268
17090,6193.272293726797
17091,5292.478689308991
17092,6332.632933106139
17093,5292.185821174872
17094,5390.173272784663
17095,5737.610702885301
17096,5705.368717081936
17097,5652.3268748919145
17098,6398.484983600443
17099,5402.428265536149
17100,5955.7737051556205
17101,6422.301847644916
17102,5803.395570677607
17103,5461.725888286886
17104,5819.504285751519
17105,6684.972443577109
17106,6293.732964721612
17107,5706.84773831274
17108,6422.862165043141
17109,5728.664646499579
17110,5746.427511332494
17111,5797.770699717216
17112,6135.084151064659
17113,5835.094550997346
17114,5315.489650936
17115,5371.270491597434
17116,5378.2184644208255
17117,6525.398177378441
17118,6426.76370405518
17119,6878.3701913405275
17120,5837.742625522055
17121,5965.9709909757175
17122,5191.670215532436
17123,6447.621431703671
17124,5909.92785266034
17125,6510.535721716236
17126,5954.419061365584
17127,6174.05284066375
17128,5888.455595549773
17129,5879.286779207046
17130,5525.881819675729
17131,5944.862233055517
17132,6520.798990835897
17133,5908.106577564352
17134,5483.709363487844
17135,6355.660567083211
17136,5390.141892199289
17137,5966.760455388654
17138,6037.1405433970085
17139,6460.642445566415
17140,5841.301008411583
17141,6527.522336111637
17142,5841.759750819902
17143,6480.8867684262805
17144,5463.069536600363
17145,6568.402274140241
17146,5750.618169459806
17147,6408.562225782212
17148,6056.282739173308
17149,5774.622424389532
17150,5880.081356375997
17151,5953.568140541451
17152,6392.379158980584
17153,5421.732595275631
17154,6039.280786509866
17155,5324.227021837837
17156,6350.728731165073
17157,6038.623790250334
17158,6395.021538370909
17159,5899.786826182057
17160,5815.698582632382
17161,6441.309889049783
17162,6319.536707320562
17163,5914.74154792195
17164,5936.997749881577
17165,6159.938928340712
17166,5996.88815373209
17167,5908.533026811907
17168,5760.636669467536
17169,5404.740868124217
17170,7027.816952205679
17171,6374.2698808564255
17172,5986.919268815085
17173,6511.202943487796
17174,5326.755175681654
17175,5260.969683658961
17176,6495.016019017361
17177,6407.726720118181
17178,6314.417854650767
17179,6490.156758146881
17180,5859.330073837516
17181,5989.125746004645
17182,5961.071059808605
17183,5519.2106252958565
17184,5368.236101405115
17185,5992.854146566647
17186,6450.759070082844
17187,5916.016258414699
17188,5447.78025243501
17189,6336.357468578023
17190,5429.418075820962
17191,5879.714628451866
17192,5265.234721861367
17193,6451.426291854404
17194,5669.214795814699
17195,5844.089268138774
17196,5899.827496478688
17197,5912.952545530702
17198,5662.664287441934
17199,5893.650317727403
17200,5961.936983810274
17201,6491.71546770018
17202,6449.246375333673
17203,6309.548368268258
17204,5934.702715976189
17205,5963.77062343093
17206,6341.4894869597765
17207,6012.138065566588
17208,5952.646543065615
17209,6483.219604124473
17210,6617.161749781653
17211,5348.351452908766
17212,6238.219787024731
17213,6054.326856911275
17214,5307.769402937929
17215,5266.164995917487
17216,5838.696037935905
17217,5352.21036120116
17218,5758.452719001331
17219,6404.120562197557
17220,5939.8195561452785
17221,5287.830698408452
17222,5825.20789280203
17223,5451.753138279765
17224,5463.909458883726
17225,5844.2580781185625
17226,5918.453464392671
17227,6002.75580051819
17228,5902.297913086301
17229,6439.507634320138
17230,5879.470143169112
17231,5920.348679703853
17232,6488.588054833036
17233,5351.293541390832
17234,6417.605750489583
17235,5998.538429390681
17236,5229.106263211777
17237,6440.424454130466
17238,5425.550048985629
17239,6469.227934442812
17240,5888.587763442399
17241,6028.650789466074
17242,6364.837831462799
17243,6594.001881996711
17244,5933.726043155923
17245,5320.853239665688
17246,5394.417745994619
17247,6414.021881058594
17248,5932.771888329811
17249,5776.098823399072
17250,5396.390850546946
17251,5993.281995811466
17252,5861.980491458971
17253,5316.490700769598
17254,5984.174919028874
17255,5986.3752865736615
17256,6938.177538535661
17257,5938.283032703808
17258,5361.541472242449
17259,5871.807955024462
17260,5950.3137073674225
17261,6519.026472535929
17262,5807.353369031459
17263,6422.4547858480355
17264,5777.024613634222
17265,5974.212143756642
17266,5364.13072819247
17267,5437.761468598104
17268,6048.133410696124
17269,6406.565415025099
17270,5761.845441439705
17271,6939.766692873563
17272,6055.055200003523
17273,5770.4853822465075
17274,5945.806067904514
17275,5257.931217883904
17276,6545.053929637219
17277,5338.704258786038
17278,6296.573195671114
17279,5967.4276771602135
17280,5853.706128048405
17281,5657.2283640010655
17282,6413.113449294717
17283,5897.613923687556
17284,5299.59703005421
17285,5880.264720338062
17286,5880.020235055308
17287,5990.164808456351
17288,6276.717753303764
17289,6088.605692305518
17290,5967.621266634308
17291,6422.403890039375
17292,5802.451094767601
17293,6406.993264269919
17294,5994.9322714700575
17295,5847.250838549271
17296,5845.7285636547185
17297,6464.271994711025
17298,5913.2101847984695
17299,5997.866094863107
17300,5982.708007332349
17301,5488.0287771986405
17302,5879.225657886357
17303,6937.382961366711
17304,6936.343898915005
17305,5289.510111686746
17306,5732.631622706666
17307,5786.951738533471
17308,6532.778769690851
17309,6034.462427687499
17310,6194.096921090842
17311,6356.345188918331
17312,6395.021538370909
17313,5360.335784093986
17314,6939.033237025302
17315,5729.215626616846
17316,6264.365988858606
17317,5789.274348719636
17318,6018.586032396073
17319,6247.986713569681
17320,5285.370928819498
17321,6674.143995080348
17322,6037.890334402072
17323,6022.411560198277
17324,5339.077690460258
17325,6101.4360568940965
17326,6071.002751947218
17327,6958.58694688962
17328,5268.351909216482
17329,6488.954782757168
17330,5595.946368521806
17331,5896.503812135968
17332,5913.0362917178145
17333,6573.398884168659
17334,5979.602093964416
17335,5734.2198431440875
17336,6462.499476411058
17337,5448.5137082832725
17338,5454.4424763900615
17339,5994.687786187303
17340,5481.264510660302
17341,5762.68219966312
17342,5880.233116317739
17343,6019.737302157576
17344,6025.849434226429
17345,5775.395743826116
17346,5457.767553027521
17347,5959.675494944798
17348,5888.153324227176
17349,6268.9893751111385
17350,6304.083221796865
17351,6584.589198610676
17352,5777.706684944181
17353,5216.21477730251
17354,5997.499366938976
17355,6034.895054597827
17356,5484.682191862846
17357,5267.876392896766
17358,5398.139765489855
17359,5869.83782823993
17360,6936.955112121891
17361,6011.720183635348
17362,5354.126689334651
17363,6357.711968970828
17364,5936.5665229685155
17365,5348.054111394339
17366,6307.333331675223
17367,6904.143188424174
17368,5867.753351924903
17369,6397.46559001116
17370,5403.548273991609
17371,5990.287051097728
17372,5406.3339294257385
17373,6325.930358140892
17374,6294.669464304948
17375,6607.26009583011
17376,5870.639063072219
17377,5829.188425496355
17378,6408.582418607821
17379,5947.21619077502
17380,5973.20914800997
17381,5869.942687249352
17382,6491.399635584708
17383,6372.897792837742
17384,5897.306442260863
17385,5306.650668595333
17386,6350.632842580474
17387,5796.090752930297
17388,6491.33851426402
17389,5870.656591614232
17390,5295.709451735494
17391,5312.9704733191165
17392,5230.498254235954
17393,5954.909080406245
17394,6027.667330192673
17395,6478.09052594265
17396,6463.533426106749
17397,5783.828758695888
17398,5938.227024139134
17399,6514.075645560158
17400,6939.033237025302
17401,5800.587371899814
17402,5466.12560263479
17403,6488.965008269196
17404,6056.887826303817
17405,6558.434386111995
17406,5325.635740686657
17407,5999.96389052923
17408,5865.461134445648
17409,5859.899239173049
17410,6330.862401487443
17411,6509.863387188662
17412,5968.894588856739
17413,5374.460422385643
17414,6938.972115704613
17415,5945.739833827811
17416,6005.383682217291
17417,5846.764995366274
17418,5995.604605997631
17419,6482.053186275377
17420,5755.557685090722
17421,5996.46030448727
17422,6582.694437669331
17423,5943.101391526175
17424,6076.503670809187
17425,6345.663557866865
17426,5841.551356376311
17427,5394.0126861659455
17428,5979.040728091037
17429,5875.199120828566
17430,5414.172042111297
17431,5904.88363165914
17432,5277.718809549872
17433,5471.3209148933165
17434,6246.111810363438
17435,5725.210471955647
17436,6489.077025398545
17437,5962.947601570898
17438,6900.781515786304
17439,5812.96396192603
17440,6552.077768760387
17441,6530.206561465918
17442,6279.026118967431
17443,5444.0580387349055
17444,6344.973839707336
17445,5971.738701327961
17446,6523.18272234275
17447,5986.185812966823
17448,6531.861949880523
17449,6408.21569068369
17450,6294.893426846289
17451,5292.725826279329
17452,5860.847097056935
17453,6408.59558431978
17454,6513.15882574983
17455,6440.47752249521
17456,6285.869085133205
17457,5364.904854337364
17458,6404.181683518246
17459,5510.545464507316
17460,5993.95433033904
17461,5878.125474113964
17462,6408.276812004378
17463,5774.1334538240235
17464,6495.871717507001
17465,6480.83587261762
17466,6293.30811695365
17467,5245.7695975516635
17468,5402.119032401375
17469,5836.506040813205
17470,6077.1193239577815
17471,6458.282105283549
17472,6940.255663439072
17473,5880.467040997956
17474,5988.697896759826
17475,5697.313724860719
17476,5982.797786272176
17477,5983.991555066808
17478,6527.751483126347
17479,6593.146183507071
17480,6469.686228472234
17481,6472.951222248798
17482,6940.805755325269
17483,5448.461540955802
17484,6492.199325509674
17485,6409.43811709746
17486,6373.203399441185
17487,5839.811409330278
17488,5962.772634384362
17489,6524.751425656595
17490,5907.8794759135535
17491,5415.232671755149
17492,5944.773166683977
17493,6576.6485396771795
17494,5912.14575747622
17495,5899.261369696469
17496,5523.148743876701
17497,5891.584892439168
17498,5418.1264373550075
17499,6530.945130070195
17500,5856.6018152383795
17501,6263.143562444836
17502,5764.545005062029
17503,6495.199382979427
17504,5939.75239436935
17505,6936.0994136322515
17506,5732.3871374239125
17507,5281.375217912509
17508,5981.0173387900595
17509,5986.002449004757
17510,5422.5882937652705
17511,6490.299451812315
17512,5961.142406641323
17513,5996.604044841291
17514,5938.841615014262
17515,5811.481211504872
17516,6375.763146609727
17517,6403.323812472522
17518,5946.01142861432
17519,5817.7802753844835
17520,5951.608529089064
17521,5306.63835163264
17522,5765.171701447016
17523,6255.359320597594
17524,6558.678871394749
17525,5856.895274739677
17526,6426.132290601377
17527,6429.78934433066
17528,6516.1537704635675
17529,6516.403368502337
17530,6504.418476891368
17531,5437.836656668025
17532,6041.124651642551
17533,5896.368809889006
17534,5751.939447290966
17535,6492.904277377935
17536,5893.631110063607
17537,6418.453153765137
17538,6937.138476083956
17539,5239.371716614468
17540,5913.605357413681
17541,5918.132374611127
17542,5849.242371184287
17543,6607.015610547356
17544,6526.5443949806195
17545,6958.648068210308
17546,6491.71546770018
17547,5425.522117158321
17548,5309.362431376242
17549,6533.451104218425
17550,5450.029661421355
17551,6408.21569068369
17552,6080.293192691876
17553,5922.014535888628
17554,6533.389982897736
17555,5819.88343076942
17556,5858.553025210578
17557,6940.133420797695
17558,5440.244946358364
17559,5340.036347505464
17560,5824.821498139607
17561,6337.274288388351
17562,5378.061276553443
17563,5980.039397659043
17564,5369.080155170977
17565,5982.524643370283
17566,5793.770616847279
17567,5961.597674849678
17568,5985.320885853913
17569,5809.877363449214
17570,7029.283863902204
17571,5875.893502548852
17572,6409.010267852641
17573,5435.879552181992
17574,6991.948962473534
17575,6886.05639025638
17576,6261.237914193211
17577,6516.072198118822
17578,6311.299721198303
17579,5897.4689936613995
17580,5907.451626668733
17581,6011.735521903392
17582,6410.087828044892
17583,5683.320655181793
17584,5770.079588923478
17585,5792.161761411279
17586,5370.531419139679
17587,5379.934631644303
17588,5815.4024516150075
17589,6013.859429859447
17590,5442.070656796872
17591,6512.763593845696
17592,5323.729535217345
17593,5874.366946746026
17594,6387.439554405601
17595,5939.136495649087
17596,6480.2144338987055
17597,5488.918742495602
17598,5960.444766532126
17599,6409.560359738837
17600,6525.963742434078
17601,5410.059691334871
17602,6462.8050830145
17603,5442.874253685457
17604,6587.889749927857
17605,6527.461214790948
17606,5797.237813500881
17607,5957.930395608366
17608,6078.153946467777
17609,5378.923968613288
17610,5706.025964118607
17611,5901.117634183549
17612,5875.888389792837
17613,5890.496385437399
17614,6491.644120867463
17615,6286.476216341343
17616,6426.17289790973
17617,5798.700186090684
17618,5253.402749427862
17619,5880.631448262194
17620,6370.269576048135
17621,6548.960581405271
17622,5400.1209605659915
17623,6408.521297287132
17624,5966.260245990755
17625,6188.657123549562
17626,5814.974602370188
17627,6390.725216649997
17628,6380.0748285513055
17629,6071.068986023921
17630,5383.623316736101
17631,6527.705700073702
17632,6002.878043159567
17633,6528.428930409936
17634,5677.810249006809
17635,5863.801062014263
17636,6487.559217893359
17637,5325.017602418863
17638,5468.264848858889
17639,6066.767161640657
17640,5772.847279163642
17641,5324.065225067919
17642,5336.568415860908
17643,6230.799111599982
17644,5488.063044005962
17645,5442.593910601307
17646,5843.391213194125
17647,6247.412741729853
17648,6324.035597199548
17649,5776.543361614388
17650,6523.855056870324
17651,5863.964619502558
17652,6409.132510494018
17653,5964.40767783082
17654,6391.65692553311
17655,5860.03357962176
17656,6319.839631922523
17657,5716.5604281243295
17658,6938.483145139105
17659,5439.354480604814
17660,5733.426199875617
17661,6341.385065418667
17662,5429.752866130861
17663,5392.912485961948
17664,6427.097066020435
17665,5320.905374129951
17666,5268.924352580591
17667,6523.060479701373
17668,5322.393382217181
17669,5301.122569328613
17670,5415.405131975331
17671,6282.81564085012
17672,5756.5779756401525
17673,5484.037301929534
17674,6392.256916339207
17675,6020.5369920825415
17676,5962.165117504623
17677,5876.2577571861975
17678,5870.238967881442
17679,6409.43811709746
17680,5795.350150689053
17681,6504.724083494811
17682,6451.421179098389
17683,6068.257405272248
17684,5281.737478447273
17685,6503.74102960778
17686,5259.134715758396
17687,6325.149643311879
17688,6616.644170580475
17689,5846.7038740455855
17690,5888.52882640474
17691,5864.811929945746
17692,6450.708174274184
17693,5928.821592521753
17694,6041.669630772733
17695,6468.051291081687
17696,6514.014524239469
17697,5364.741941399356
17698,6038.261984901768
17699,5424.068583306826
17700,5328.386572095777
17701,5403.465585478773
17702,6352.243899201029
17703,5895.179000815921
17704,6301.215586393766
17705,6393.846070677109
17706,6519.698807063503
17707,6437.730003264156
17708,5757.69693131482
17709,5876.054819318206
17710,6415.0997763413525
17711,5721.924232173662
17712,5863.180545258568
17713,6480.764525784903
17714,6460.838975240438
17715,6489.0261295898845
17716,6152.585970689167
17717,6994.027087376944
17718,5847.578992802015
17719,6529.47821837367
17720,6408.521297287132
17721,6901.514971634566
17722,5796.096760522329
17723,5816.820351525123
17724,5779.926320143175
17725,5878.417013968174
17726,5800.177335026184
17727,5695.842939063783
17728,6355.177387503572
17729,6481.070132388346
17730,6396.137060411346
17731,6026.577777318678
17732,5222.749645860169
17733,5992.854146566647
17734,5841.40056366818
17735,6425.53130290652
17736,5396.025832079859
17737,6524.282906115144
17738,5997.071517694156
17739,5767.545620240643
17740,6322.673544512444
17741,5341.709620008614
17742,5838.08482472902
17743,5147.542522449165
17744,5875.886642978119
17745,6039.291012021894
17746,5877.839159298856
17747,6410.495458017139
17748,6371.553123782594
17749,5964.19847267575
17750,5966.100545376158
17751,6938.299781177038
17752,5841.522806309557
17753,6883.183688184018
17754,5983.609747073083
17755,6349.616230429987
17756,6370.338750324768
17757,5902.027864023476
17758,5896.01484157046
17759,6509.853161676634
17760,6409.071389173329
17761,6422.696330930859
17762,5449.8673313316385
17763,5866.239211091715
17764,5245.591346345612
17765,6505.075473150899
17766,5967.193417389488
17767,6462.081852678267
17768,5333.801972795233
17769,5247.835596489191
17770,5982.300886524519
17771,6359.944850517279
17772,6296.678054680536
17773,6510.225002356779
17774,5458.251856007852
17775,6012.411543558987
17776,5815.353439828598
17777,5923.6036902265305
17778,5459.83010660387
17779,6080.170950050499
17780,5343.907658360314
17781,5352.517677261648
17782,5876.3569093342885
17783,6593.446677354499
17784,6294.329090437594
17785,5952.624640782962
17786,6338.800148849481
17787,5421.094527555379
17788,6524.649634039275
17789,5275.035245993842
17790,6371.795436509264
17791,5857.679798178925
17792,6475.874820129819
17793,5872.119484300288
17794,5989.7980805322195
17795,5279.361514780906
17796,6362.3725276112
17797,5319.378764153378
17798,6512.853219146386
17799,5900.007585150316
17800,6463.087298393956
17801,6007.701514737948
17802,6494.639065581201
17803,6317.598335882656
17804,6411.284922430075
17805,5331.150798015215
17806,5434.7479015968065
17807,5340.04721838414
17808,6358.966909386262
17809,5719.083785904516
17810,6337.213167067663
17811,6515.420314615305
17812,6904.387673706928
17813,5952.513285451865
17814,5491.8945077040935
17815,6574.9371426979005
17816,5896.442690815279
17817,6460.543594149025
17818,6295.4556282667645
17819,6427.035944699745
17820,6409.193631814706
17821,6939.583328911498
17822,5439.457778275308
17823,6001.955097272862
17824,6439.996604885646
17825,6557.522679057681
17826,6408.0323267216245
17827,5965.25705777205
17828,6461.416829909756
17829,6337.824380274548
17830,6054.3777527199345
17831,5464.842054900331
17832,5946.669078153216
17833,6067.890677348117
17834,5333.883452307613
17835,5788.418650229996
17836,5934.887348249006
17837,6406.809900307853
17838,5954.118232427648
17839,6475.640560359094
17840,6409.315874456083
17841,5806.233458530363
17842,5267.667465154629
17843,5865.241603222406
17844,6422.021823847201
17845,6495.410251526165
17846,5335.291881336318
17847,5956.497186268994
17848,6001.227767500976
17849,5332.8666952470685
17850,5871.332638900555
17851,6430.6450428203
17852,5999.210763918255
17853,6535.875506021909
17854,5264.290757717556
17855,5832.511308651785
17856,6266.361494728684
17857,5886.340135630578
17858,6389.812063511667
17859,6448.752292012151
17860,5839.620504595804
17861,5968.760978904516
17862,5314.126020289537
17863,5374.639701610824
17864,6483.148257291756
17865,6408.154569363001
17866,5732.876107989421
17867,6940.439027401138
17868,6494.310067753771
17869,5921.6466661656805
17870,6209.167516812531
17871,5757.111894391446
17872,6348.146874285463
17873,5933.105257716375
17874,5839.754012495285
17875,5983.869312425431
17876,5725.090703417417
17877,5946.717774958827
17878,5790.959391642137
17879,5717.189024963171
17880,6328.010957147449
17881,5724.772252288741
17882,6338.19110819868
17883,5470.2767561172
17884,6003.244771083699
17885,5994.259936942483
17886,5305.599619096862
17887,5947.23258671734
17888,5694.074294864226
17889,6015.749336243226
17890,5814.051434356303
17891,6274.7007497210425
17892,5969.811408667067
17893,6479.5523248831605
17894,6905.243372196567
17895,5751.386881301623
17896,5902.97098662925
17897,6274.907993636739
17898,5969.360227487181
17899,5915.099438604371
17900,6359.822607875902
17901,5730.521025372627
17902,6372.523716613235
17903,5878.248334994786
17904,6391.65692553311
17905,6531.495221956391
17906,6635.676397194267
17907,6333.97373707117
17908,5907.128195967156
17909,6410.83268507251
17910,5828.821697572224
17911,6441.822191550358
17912,5920.658499522635
17913,6940.194542118384
17914,5850.2123223476365
17915,6345.606310646588
17916,5417.046644637513
17917,5434.705402563677
17918,5408.387083838033
17919,5816.013664821893
17920,6286.607653737481
17921,5457.935345662526
17922,5946.72904894601
17923,5765.310416452727
17924,5781.964726368321
17925,5718.699674348429
17926,5929.7308254729205
17927,5998.9662786355
17928,5931.42950640542
17929,5961.082333795788
17930,6449.6742245784935
17931,6374.785205478711
17932,6042.285956735633
17933,5939.815843386529
17934,6491.216271622643
17935,5825.89437050085
17936,6502.584837270711
17937,6938.544266459793
17938,5436.263663738079
17939,5988.94238204258
17940,6467.3178352334235
17941,5834.946540983199
17942,6885.139570446052
17943,5910.787578889527
17944,5814.973952298883
17945,5997.978515100962
17946,6250.695909415079
17947,5349.902304997273
17948,6390.05654879442
17949,5349.609436863154
17950,5447.596888472945
17951,5795.034318573582
17952,5762.792332770217
17953,5709.750490580196
17954,6455.908599288725
17955,5459.851881224431
17956,6013.197320843902
17957,6479.725463333198
17958,5860.8191863658885
17959,5519.149503975168
17960,5876.927901439801
17961,6742.39605926539
17962,6351.156580409894
17963,5764.271354001022
17964,6480.285780731423
17965,5786.088262187861
17966,5803.8511270207755
17967,5855.194315405498
17968,6192.50776675294
17969,5892.518166685628
17970,5372.913266624281
17971,5428.694107285715
17972,5435.642080109107
17973,6582.821793066722
17974,6484.187319743462
17975,6935.793807028809
17976,5895.166241210337
17977,6089.501515689661
17978,5315.200740246379
17979,6571.151956417614
17980,6033.458377374283
17981,6634.0662464301795
17982,6077.949586079526
17983,6297.583365377694
17984,6011.986120263716
17985,6002.817303920989
17986,5649.412344389672
17987,6068.39275776946
17988,6644.32951554984
17989,6031.637102278295
17990,5607.239888201786
17991,6479.1910917971545
17992,5513.672416913232
17993,6090.290980102597
17994,6160.671068110951
17995,6584.172970280357
17996,5964.831533125525
17997,6651.052860825579
17998,5965.2902755338455
17999,6604.417293140223
18000,5586.600061314306
18001,6691.9327988541845
18002,5874.1486941737485
18003,6532.092750496155
18004,6179.813263887251
18005,5898.152949103474
18006,6003.61188108994
18007,6077.098665255394
18008,6515.909683694527
18009,5545.263119989574
18010,6162.811311223808
18011,5447.75754655178
18012,6474.259255879017
18013,6162.154314964278
18014,6518.552063084852
18015,6023.317350896
18016,5939.229107346324
18017,6564.840413763726
18018,6443.067232034505
18019,6038.272072635893
18020,6060.52827459552
18021,6283.469453054655
18022,6120.4186784460335
18023,6032.06355152585
18024,5884.167194181479
18025,5528.27139283816
18026,7151.347476919622
18027,6497.800405570368
18028,6110.449793529028
18029,6634.733468201739
18030,5450.285700395597
18031,5384.500208372904
18032,6618.546543731304
18033,6531.257244832124
18034,6437.9483793647105
18035,6613.687282860823
18036,5982.860598551459
18037,6112.6562707185885
18038,6084.601584522548
18039,5642.7411500098
18040,5491.766626119058
18041,6116.38467128059
18042,6574.289594796786
18043,6039.546783128642
18044,5571.310777148953
18045,6459.887993291966
18046,5552.948600534905
18047,6003.245153165809
18048,5388.76524657531
18049,6574.956816568347
18050,5792.745320528641
18051,5967.619792852717
18052,6023.358021192631
18053,6036.483070244645
18054,5786.194812155877
18055,6017.180842441346
18056,6085.467508524217
18057,6615.245992414123
18058,6572.776900047616
18059,6433.078892982201
18060,6058.233240690132
18061,6087.301148144873
18062,6465.02001167372
18063,6135.668590280531
18064,6076.1770677795585
18065,6606.750128838416
18066,6740.692274495596
18067,5471.881977622709
18068,6361.750311738674
18069,6177.857381625218
18070,5431.299927651872
18071,5389.695520631431
18072,5962.226562649848
18073,5475.740885915103
18074,5881.983243715274
18075,6527.6510869115
18076,6063.350080859222
18077,5411.361223122395
18078,5948.738417515973
18079,5575.283662993708
18080,5587.439983597668
18081,5967.788602832506
18082,6041.983989106614
18083,6126.286325232133
18084,6025.8284378002445
18085,6563.038159034081
18086,6003.000667883054
18087,6043.879204417796
18088,6612.118579546979
18089,5474.824066104775
18090,6541.136275203526
18091,6122.068954104624
18092,5352.6367879257205
18093,6563.954978844409
18094,5549.080573699572
18095,6592.758459156755
18096,6012.118288156342
18097,6152.181314180017
18098,6488.368356176742
18099,6717.532406710654
18100,6057.256567869867
18101,5444.3837643796305
18102,5517.948270708562
18103,6537.552405772537
18104,6056.302413043754
18105,5899.629348113015
18106,5519.921375260889
18107,6116.812520525409
18108,5985.5110161729135
18109,5440.021225483541
18110,6107.705443742817
18111,6109.905811287605
18112,7061.7080632496045
18113,6061.813557417751
18114,5485.0719969563925
18115,5995.338479738404
18116,6073.844232081366
18117,6642.556997249872
18118,5930.883893745402
18119,6545.985310561979
18120,5900.555138348164
18121,6097.742668470584
18122,5487.661252906413
18123,5561.2919933120465
18124,6171.663935410067
18125,6530.095939739042
18126,5885.375966153648
18127,7063.297217587507
18128,6178.585724717466
18129,5894.015906960451
18130,6069.336592618456
18131,5381.461742597847
18132,6668.584454351162
18133,5462.23478349998
18134,6420.103720385057
18135,6090.958201874157
18136,5977.236652762347
18137,5780.758888715008
18138,6536.64397400866
18139,6021.144448401499
18140,5423.127554768153
18141,6003.795245052005
18142,6003.550759769251
18143,6113.695333170293
18144,6400.248278017707
18145,6212.136217019461
18146,6091.151791348251
18147,6545.934414753318
18148,5925.981619481544
18149,6530.523788983862
18150,6118.462796184
18151,5970.781363263213
18152,5969.259088368662
18153,6587.8025194249685
18154,6036.740709512412
18155,6121.39661957705
18156,6106.238532046292
18157,5611.559301912584
18158,6002.7561826003
18159,7060.9134860806535
18160,7059.8744236289485
18161,5413.0406364006885
18162,5856.1621474206095
18163,5910.482263247414
18164,6656.309294404794
18165,6157.992952401442
18166,6317.627445804786
18167,6479.875713632273
18168,6518.552063084852
18169,5483.866308807929
18170,7062.563761739244
18171,5852.746151330789
18172,6387.896513572549
18173,5912.804873433579
18174,6142.116557110016
18175,6371.517238283624
18176,5408.90145353344
18177,6797.674519794291
18178,6161.420859116015
18179,6145.94208491222
18180,5462.6082151742
18181,6224.96658160804
18182,6194.533276661161
18183,7082.117471603563
18184,5391.882433930426
18185,6612.48530747111
18186,5719.476893235749
18187,6020.034336849911
18188,6036.566816431758
18189,6696.929408882601
18190,6103.132618678359
18191,5857.750367858031
18192,6586.030001125001
18193,5572.044232997216
18194,5577.973001104004
18195,6118.218310901246
18196,5604.795035374244
18197,5886.212724377063
18198,6003.763641031681
18199,6143.267826871519
18200,6149.3799589403725
18201,5898.926268540059
18202,5581.298077741464
18203,6083.206019658741
18204,6011.683848941119
18205,6392.519899825082
18206,6427.613746510807
18207,6708.1197233246185
18208,5901.237209658124
18209,5339.745302016453
18210,6121.029891652918
18211,6158.42557931177
18212,5608.212716576789
18213,5391.40691761071
18214,5521.670290203798
18215,5993.368352953873
18216,7060.485636835834
18217,6135.250708349291
18218,5477.657214048594
18219,6481.242493684771
18220,6060.097047682458
18221,5471.584636108282
18222,6430.863856389166
18223,7027.673713138116
18224,5991.283876638845
18225,6520.996114725103
18226,5527.078798705552
18227,6113.81757581167
18228,5529.864454139681
18229,6449.460882854835
18230,6418.199989018891
18231,6730.790620544053
18232,5994.169587786161
18233,5952.718950210298
18234,6532.112943321764
18235,6070.746715488963
18236,6096.739672723913
18237,5993.4732119632945
18238,6614.930160298652
18239,6496.428317551685
18240,6020.836966974806
18241,5430.181193309275
18242,6474.163367294417
18243,5919.62127764424
18244,6614.869038977963
18245,5994.187116328175
18246,5419.239976449437
18247,5436.50099803306
18248,5354.028778949896
18249,6078.439605120188
18250,6151.197854906615
18251,6601.621050656593
18252,6587.063950820691
18253,5907.359283409831
18254,6061.757548853077
18255,6637.606170274101
18256,7062.563761739244
18257,5924.117896613757
18258,5589.656127348733
18259,6612.495532983139
18260,6180.41835101776
18261,6681.964910825938
18262,5449.1662654006
18263,6123.494415243173
18264,5988.991659159591
18265,5983.429763886992
18266,6454.392926201386
18267,6633.393911902605
18268,6092.425113570682
18269,5497.990947099586
18270,7062.5026404185555
18271,6069.270358541753
18272,6128.914206931234
18273,5970.295520080217
18274,6119.135130711574
18275,6605.58371098932
18276,5879.088209804664
18277,6119.990829201213
18278,6706.224962383274
18279,6066.631916240118
18280,6200.03419552313
18281,6469.194082580808
18282,5965.081881090254
18283,5517.543210879888
18284,6102.571252804979
18285,5998.729645542509
18286,5537.70256682524
18287,6028.414156373083
18288,5401.249334263815
18289,5594.851439607259
18290,6369.642335077381
18291,5848.7409966695905
18292,6612.607550112487
18293,6086.478126284841
18294,7024.312040500246
18295,5936.494486639973
18296,6675.60829347433
18297,6653.737086179861
18298,6402.556643681373
18299,5567.588563448848
18300,6468.504364421278
18301,6095.269226041904
18302,6646.713247056693
18303,6109.716337680766
18304,6655.392474594466
18305,6531.746215397632
18306,6418.423951560231
18307,5416.2563509932725
18308,5984.377621770878
18309,6532.126109033723
18310,6636.689350463772
18311,6564.008047209153
18312,6409.399609847147
18313,5488.435379051307
18314,6527.712208232189
18315,5634.075989221259
18316,6117.484855052983
18317,6001.655998827907
18318,6531.807336718321
18319,5897.663978537967
18320,6619.402242220944
18321,6604.366397331563
18322,6416.838641667593
18323,5369.300122265606
18324,5525.649557115318
18325,5960.036565527147
18326,6200.649848671724
18327,6581.812629997492
18328,7063.786188153015
18329,6003.997565711899
18330,6112.228421473768
18331,5820.844249574662
18332,6106.328310986119
18333,6107.5220797807515
18334,6651.28200784029
18335,6716.676708221014
18336,6593.216753186177
18337,6596.481746962741
18338,7064.336280039212
18339,5571.992065669745
18340,6615.729850223617
18341,6532.968641811403
18342,6496.733924155127
18343,5963.3419340442215
18344,6086.3031590983055
18345,6648.281950370538
18346,6031.410000627497
18347,5538.763196469092
18348,6068.3036913979195
18349,6700.179064391123
18350,6035.676282190163
18351,6022.791894410412
18352,5646.679268590644
18353,6015.115417153111
18354,5541.656962068951
18355,6654.475654784137
18356,5980.132339952323
18357,6386.674087158779
18358,5888.075529775972
18359,6618.7299076933705
18360,6063.282919083294
18361,7059.629938346194
18362,5855.917662137856
18363,5404.905742626452
18364,6104.547863504003
18365,6109.5329737187
18366,5546.118818479214
18367,6613.829976526258
18368,6084.672931355266
18369,6120.1345695552345
18370,6062.372139728205
18371,5935.011736218815
18372,6499.29367132367
18373,6526.854337186465
18374,6069.541953328263
18375,5941.310800098426
18376,6075.139053803007
18377,5430.168876346583
18378,5888.702226160959
18379,6378.889845311537
18380,6682.209396108692
18381,5980.42579945362
18382,6549.66281531532
18383,6553.3198690446025
18384,6639.684295177511
18385,6639.933893216279
18386,6627.949001605311
18387,5561.367181381967
18388,6164.655176356493
18389,6019.899334602949
18390,5875.469972004909
18391,6616.434802091878
18392,6017.161634777549
18393,6541.9836784790805
18394,7060.6690007979
18395,5362.902241328411
18396,6037.135882127624
18397,6041.66289932507
18398,5972.77289589823
18399,6730.546135261298
18400,6650.074919694563
18401,7082.1785929242515
18402,6615.245992414123
18403,5549.052641872264
18404,5432.892956090185
18405,6656.981628932368
18406,5573.560186135298
18407,6531.746215397632
18408,6203.8237174058195
18409,6045.545060602571
18410,6656.92050761168
18411,5943.413955483363
18412,5982.083549924521
18413,7063.663945511638
18414,5563.7754710723075
18415,5463.566872219407
18416,5948.352022853549
18417,6460.804813102294
18418,5501.591801267386
18419,6103.569922372986
18420,5492.61067988492
18421,6106.055168084226
18422,5917.301141561222
18423,6085.128199563621
18424,6108.851410567856
18425,5933.407888163157
18426,7152.814388616147
18427,5999.424027262795
18428,6532.540792566584
18429,5559.410076895935
18430,7115.479487187477
18431,7009.586914970323
18432,6384.768438907154
18433,6639.602722832765
18434,6434.830245912246
18435,6020.999518375343
18436,6030.982151382676
18437,6135.266046617334
18438,6533.6183527588355
18439,5806.851179895735
18440,5893.610113637421
18441,5915.6922861252215
18442,5494.061943853621
18443,5503.465156358246
18444,5938.932976328951
18445,6137.38995457339
18446,5565.601181510815
18447,6636.294118559639
18448,5447.260059931288
18449,5997.897471459969
18450,6510.970079119543
18451,6062.667020363029
18452,6603.744958612649
18453,5612.449267209545
18454,6083.975291246068
18455,6533.09088445278
18456,6649.494267148021
18457,5533.590216048814
18458,6586.335607728443
18459,5566.404778399399
18460,6711.4202746418
18461,6650.991739504891
18462,5920.768338214824
18463,6081.460920322308
18464,6201.68447118172
18465,5502.454493327231
18466,5829.556488832549
18467,6024.648158897492
18468,5999.41891450678
18469,6014.026910151341
18470,6615.174645581406
18471,6410.0067410552865
18472,6549.703422623673
18473,5922.230710804626
18474,5376.933274141805
18475,6004.161972976137
18476,6493.800100762078
18477,6672.491106119214
18478,5523.651485279935
18479,6532.051822001075
18480,6089.790770704698
18481,6312.187648263505
18482,5938.50512708413
18483,6514.25574136394
18484,6503.605353265249
18485,6194.599510737864
18486,5507.153841450043
18487,6651.2362247876445
18488,6126.40856787351
18489,6651.959455123879
18490,5801.340773720752
18491,5987.331586728205
18492,6611.0897426073025
18493,5448.548127132806
18494,5591.795373572832
18495,6190.297686354599
18496,5896.377803877585
18497,5447.595749781861
18498,5460.0989405748505
18499,6354.329636313925
18500,5611.593568719905
18501,5566.124435315249
18502,5966.921737908067
18503,6370.943266443795
18504,6447.566121913491
18505,5900.073886328331
18506,6647.385581584267
18507,5987.4951442165
18508,6532.663035207961
18509,6087.938202544763
18510,6515.187450247053
18511,5983.564104335703
18512,6443.370156636466
18513,5840.090952838273
18514,7062.013669853048
18515,5562.885005318756
18516,5856.9567245895605
18517,6464.91559013261
18518,5553.283390844803
18519,5516.44301067589
18520,6550.627590734377
18521,5444.435898843894
18522,5392.4548772945345
18523,6646.591004415316
18524,5445.923906931124
18525,5424.653094042556
18526,5538.935656689273
18527,6406.346165564063
18528,5880.108500354096
18529,5607.567826643477
18530,6515.78744105315
18531,6144.067516796484
18532,6085.695642218566
18533,5999.788281900141
18534,5993.769492595384
18535,6532.968641811403
18536,5918.8806754029965
18537,6628.254608208754
18538,6574.951703812332
18539,6191.787929986191
18540,5405.268003161215
18541,6627.271554321723
18542,5382.665240472339
18543,6448.680168025821
18544,6740.174695294418
18545,5970.234398759529
18546,6012.0593511186835
18547,5988.342454659689
18548,6574.238698988127
18549,6052.352117235696
18550,6165.200155486676
18551,6591.581815795629
18552,6637.545048953412
18553,5488.272466113299
18554,6161.792509615711
18555,5547.599108020769
18556,5451.9170968097205
18557,5526.9961101927165
18558,6475.774423914972
18559,6018.709525529865
18560,6424.746111107708
18561,6517.376595391052
18562,6643.229331777446
18563,6561.260527978099
18564,5881.227456028763
18565,5999.585344032149
18566,6538.630301055296
18567,5845.454756887605
18568,5986.711069972511
18569,6604.295050498846
18570,6584.369499954381
18571,6612.556654303828
18572,6276.11649540311
18573,7117.557612090888
18574,5971.109517515957
18575,6653.008743087613
18576,6532.051822001075
18577,7025.045496348509
18578,5919.627285236272
18579,5940.350876239067
18580,5903.456844857117
18581,6001.947538682117
18582,5923.707859740126
18583,5819.373463777726
18584,6478.7079122175155
18585,6604.600657102288
18586,6519.667585125289
18587,6150.1083020326205
18588,5346.280170574112
18589,6116.38467128059
18590,5964.931088382124
18591,6549.061827620462
18592,5519.5563567938025
18593,6647.813430829086
18594,6120.602042408099
18595,5891.076144954586
18596,6446.204069226387
18597,5465.2401447225575
18598,5961.615349442963
18599,5271.073047163107
18600,5999.417167692062
18601,6162.821536735837
18602,6001.3696840128
18603,6534.025982731082
18604,6495.083648496537
18605,6087.728997389693
18606,6089.631070090101
18607,7061.830305890982
18608,5965.0533310235005
18609,7006.714212897961
18610,6107.140271787025
18611,6473.14675514393
18612,6493.869275038711
18613,6025.558388737419
18614,6019.545366284402
18615,6633.383686390576
18616,6532.6019138872725
18617,6546.2268556448025
18618,5573.397856045582
18619,5989.7697358056585
18620,5369.121871059555
18621,6628.605997864842
18622,6090.723942103431
18623,6585.61237739221
18624,5457.332497509176
18625,5371.366121203133
18626,6105.831411238462
18627,6483.475375231222
18628,6420.208579394479
18629,6633.755527070723
18630,5581.782380721796
18631,6135.942068272931
18632,5938.883964542541
18633,6047.134214940473
18634,5583.360631317813
18635,6203.701474764442
18636,5467.438183074257
18637,5476.04820197559
18638,5999.887434048232
18639,6716.977202068443
18640,6417.859615151537
18641,6076.155165496905
18642,6462.330673563423
18643,5544.625052269322
18644,6648.180158753218
18645,5398.565770707785
18646,6495.325961223207
18647,5981.210322892868
18648,6599.405344843763
18649,5995.650009014231
18650,6113.328605246163
18651,5402.892039494849
18652,6485.903052325142
18653,5442.909288867321
18654,6636.38374386033
18655,6023.538109864259
18656,6586.617823107898
18657,6131.23203945189
18658,6618.169590295144
18659,6441.128860596598
18660,6534.815447144018
18661,5454.681322729157
18662,5558.27842631075
18663,5463.577743098083
18664,6482.497434100205
18665,5842.614310618458
18666,6460.743691781606
18667,6638.950839329248
18668,7027.91819842087
18669,6076.043810165808
18670,5615.425032418037
18671,6698.467667411844
18672,6019.973215529222
18673,6584.074118862967
18674,6418.986152980708
18675,6550.5664694136885
18676,6532.7241565286495
18677,7063.113853625441
18678,5562.988302989251
18679,6125.485621986805
18680,6563.527129599589
18681,6681.053203771624
18682,6531.562851435567
18683,6088.787582485993
18684,6584.9473546236995
18685,6461.354904988491
18686,6177.908277433878
18687,5588.3725796142735
18688,6070.199602867159
18689,6191.42120206206
18690,5457.413977021556
18691,5911.9491749439385
18692,6058.417872962948
18693,6530.340425021796
18694,6077.648757141591
18695,6599.171085073037
18696,6532.846399170026
18697,5929.7639832443065
18698,5391.197989868572
18699,5988.7721279363495
18700,6545.552348561144
18701,6618.940776240108
18702,5458.822406050261
18703,6080.027710982937
18704,6124.7582922149195
18705,5456.397219961011
18706,5994.863163614498
18707,6554.175567534243
18708,6122.741288632198
18709,6659.406030735852
18710,5387.821282431499
18711,5956.041833365727
18712,6389.892019442626
18713,6009.870660344521
18714,6513.342588225609
18715,6572.282816726094
18716,5963.151029309746
18717,6092.2915036184595
18718,5437.6565450034805
18719,5498.170226324767
18720,6606.678782005699
18721,6531.685094076944
18722,5856.406632703363
18723,7063.969552115081
18724,6617.8405924677145
18725,6045.177190879624
18726,6332.698041526473
18727,5880.642419105389
18728,6471.677398999406
18729,6056.635782430318
18730,5963.284537209228
18731,6107.399837139374
18732,5848.621228131359
18733,6070.24829967277
18734,5914.48991635608
18735,5840.719549677114
18736,6451.541481861392
18737,5848.302777002684
18738,6461.721632912622
18739,5593.8072808311435
18740,6126.775295797642
18741,6117.790461656426
18742,5429.130143810805
18743,6070.763111431283
18744,5817.60481957817
18745,6139.279860957169
18746,5937.581959070245
18747,6398.231274434986
18748,6093.34193338101
18749,6603.082849597104
18750,7028.77389691051
18751,5874.917406015566
18752,6026.501511343193
18753,6398.438518350682
18754,6092.890752201123
18755,6038.629963318314
18756,6483.353132589845
18757,5854.05155008657
18758,6496.054241327178
18759,6001.778859708729
18760,6515.187450247053
18761,6655.025746670334
18762,6759.20692190821
18763,6457.504261785113
18764,6030.658720681098
18765,6534.363209786453
18766,5952.3522222861675
18767,6565.352716264301
18768,6044.189024236578
18769,7063.725066832327
18770,5973.742847061579
18771,6469.13683536053
18772,5540.577169351456
18773,5558.23592727762
18774,5531.917608551975
18775,5939.544189535836
18776,6410.138178451424
18777,5581.465870376469
18778,6070.259573659953
18779,5888.84094116667
18780,5905.495251082264
18781,5842.230199062372
18782,6053.261350186864
18783,6122.496803349443
18784,6054.9600311193635
18785,6084.612858509731
18786,6573.204749292436
18787,6498.315730192654
18788,6165.816481449576
18789,6063.346368100472
18790,6614.746796336586
18791,5949.424895214793
18792,6626.115361984655
18793,7062.074791173736
18794,5559.794188452022
18795,6112.472906756523
18796,6590.848359947367
18797,5958.477065697142
18798,7008.670095159994
18799,6034.31810360347
18800,5938.504477012825
18801,6121.509039814905
18802,6374.226434129021
18803,5473.432829711216
18804,6513.587073508364
18805,5473.139961577096
18806,5571.127413186888
18807,5918.564843287525
18808,5886.3228574841605
18809,5833.281015294139
18810,6579.439124002667
18811,5583.382405938374
18812,6136.727845557844
18813,6603.255988047141
18814,5984.349711079832
18815,5642.680028689111
18816,6000.458426153744
18817,6865.926583979333
18818,6474.687105123836
18819,5887.801878714965
18820,6603.816305445366
18821,5909.618786901804
18822,5927.381651734718
18823,5978.724840119441
18824,6316.0382914668835
18825,6016.048691399571
18826,5496.443791338224
18827,5552.224631999658
18828,5559.17260482305
18829,6706.3523177806655
18830,6607.717844457404
18831,7059.324331742751
18832,6018.69676592428
18833,6213.032040403603
18834,5438.731264960322
18835,6694.682481131556
18836,6156.988902088226
18837,6757.596771144123
18838,6201.480110793469
18839,6421.113890091637
18840,6135.516644977658
18841,6126.347828634932
18842,5772.9428691036155
18843,6191.923282483403
18844,6767.860040263783
18845,6155.167626992237
18846,5730.770412915729
18847,6602.721616511097
18848,5637.202941627175
18849,6213.82150481654
18850,6284.201592824894
18851,6707.7034949943
18852,6088.362057839468
18853,6774.583385539522
18854,6088.820800247789
18855,6727.947817854166
18856,5710.130586028249
18857,6815.463323568127
18858,5997.679218887692
18859,6655.623275210098
18860,6303.343788601194
18861,6021.6834738174175
18862,6127.142405803883
18863,6200.629189969337
18864,6639.44020840847
18865,5668.793644703517
18866,6286.341835937751
18867,5571.2880712657225
18868,6597.78978059296
18869,6285.684839678221
18870,6642.082587798795
18871,6146.847875609943
18872,6062.759632060267
18873,6688.3709384776685
18874,6566.597756748448
18875,6161.802597349836
18876,6184.058799309463
18877,6406.999977768598
18878,6243.949203159976
18879,6155.594076239792
18880,6007.697718895422
18881,5651.801917552103
18882,7274.878001633565
18883,6621.330930284311
18884,6233.980318242971
18885,6758.263992915682
18886,5573.816225109539
18887,5508.030733086847
18888,6742.077068445247
18889,6654.787769546067
18890,6561.478904078653
18891,6737.217807574767
18892,6106.391123265402
18893,6236.186795432532
18894,6208.1321092364915
18895,5766.271674723743
18896,5615.297150833001
18897,6239.915195994532
18898,6697.8201195107295
18899,6163.0773078425855
18900,5694.841301862896
18901,6583.418518005909
18902,5676.4791252488485
18903,6126.775677879751
18904,5512.295771289253
18905,6698.487341282289
18906,5916.275845242584
18907,6091.15031756666
18908,6146.888545906573
18909,6160.013594958588
18910,5909.72533686982
18911,6140.711367155289
18912,6208.998033238159
18913,6738.776517128066
18914,6696.30742476156
18915,6556.609417696143
18916,6181.7637654040755
18917,6210.831672858816
18918,6588.550536387662
18919,6259.199114994473
18920,6199.707592493502
18921,6730.28065355236
18922,6864.2227992095395
18923,5595.412502336651
18924,6485.280836452616
18925,6301.387906339161
18926,5554.830452365815
18927,5513.226045345373
18928,6085.757087363791
18929,5599.271410629046
18930,6005.513768429217
18931,6651.181611625443
18932,6186.880605573165
18933,5534.891747836338
18934,6072.268942229915
18935,5698.814187707651
18936,5710.970508311611
18937,6091.319127546448
18938,6165.514513820556
18939,6249.816849946076
18940,6149.358962514187
18941,6686.568683748024
18942,6126.531192596997
18943,6167.409729131739
18944,6735.649104260922
18945,5598.354590818718
18946,6664.666799917469
18947,6245.599478818566
18948,5476.167312639664
18949,6687.485503558352
18950,5672.611098413515
18951,6716.288983870698
18952,6135.648812870284
18953,6275.71183889396
18954,6611.898880890685
18955,6841.062931424597
18956,6180.787092583809
18957,5567.914289093574
18958,5641.478795422505
18959,6661.08293048648
18960,6179.8329377576965
18961,6023.159872826957
18962,5643.451899974832
18963,6240.343045239352
18964,6109.041540886857
18965,5563.551750197484
18966,6231.235968456759
18967,6233.436336001547
18968,7185.238587963548
18969,6185.344082131694
18970,5608.602521670335
18971,6118.869004452347
18972,6197.374756795308
18973,6766.087521963815
18974,6054.414418459344
18975,6669.515835275921
18976,6024.085663062107
18977,6221.273193184527
18978,5611.191777620356
18979,5684.82251802599
18980,6295.194460124009
18981,6653.626464452985
18982,6008.90649086759
18983,7186.82774230145
18984,6302.1162494314085
18985,6017.546431674393
18986,6192.867117332399
18987,5504.99226731179
18988,6792.114979065105
18989,5585.765308213923
18990,6543.634245099
18991,6214.4887265881
18992,6100.76717747629
18993,5904.289413428951
18994,6660.174498722603
18995,6144.674973115442
18996,5546.658079482096
18997,6127.325769765948
18998,6127.081284483194
18999,6237.225857884237
19000,6523.77880273165
19001,6335.666741733403
19002,6214.682316062193
19003,6669.4649394672615
19004,6049.512144195486
19005,6654.054313697805
19006,6241.993320897943
19007,6094.311887977156
19008,6092.789613082605
19009,6711.333044138912
19010,6160.271234226355
19011,6244.927144290993
19012,6229.769056760235
19013,5735.089826626526
19014,6126.286707314243
19015,7184.444010794597
19016,7183.404948342892
19017,5536.571161114632
19018,5979.692672134553
19019,6034.0127879613565
19020,6779.839819118737
19021,6281.5234771153855
19022,6441.157970518729
19023,6603.406238346216
19024,6642.082587798795
19025,5607.396833521872
19026,7186.094286453187
19027,5976.276676044731
19028,6511.4270382864925
19029,6036.335398147521
19030,6265.647081823959
19031,6495.047762997567
19032,5532.431978247383
19033,6921.205044508233
19034,6284.951383829958
19035,6269.472609626163
19036,5586.138739888143
19037,6348.497106321983
19038,6318.063801375103
19039,7205.647996317506
19040,5515.412958644368
19041,6736.015832185053
19042,5843.007417949691
19043,6143.564861563854
19044,6160.097341145701
19045,6820.459933596544
19046,6226.663143392302
19047,5981.280892571974
19048,6709.560525838944
19049,5695.574757711159
19050,5701.503525817947
19051,6241.748835615189
19052,5728.325560088188
19053,6009.743249091005
19054,6127.294165745624
19055,6266.798351585461
19056,6272.910483654316
19057,6022.456793254002
19058,5704.828602455407
19059,6206.736544372684
19060,6135.214373655062
19061,6516.050424539024
19062,6551.14427122475
19063,6831.650248038562
19064,6024.767734372067
19065,5463.275826730395
19066,6244.560416366861
19067,6281.956104025712
19068,5731.743241290731
19069,5514.937442324653
19070,5645.20081491774
19071,6116.898877667816
19072,7184.016161549776
19073,6258.781233063234
19074,5601.187738762537
19075,6604.773018398713
19076,6183.627572396401
19077,5595.115160822225
19078,6554.3943811031095
19079,7151.204237852059
19080,6114.814401352788
19081,6644.5266394390455
19082,5650.609323419495
19083,6237.3481005256135
19084,5653.394978853624
19085,6572.9914075687775
19086,6541.730513732833
19087,6854.321145257996
19088,6117.700112500104
19089,6076.249474924241
19090,6655.643468035707
19091,6194.277240202905
19092,6220.270197437855
19093,6117.003736677238
19094,6738.460685012595
19095,6619.958842265628
19096,6144.367491688749
19097,5553.711718023218
19098,6597.693892008359
19099,6043.151802358183
19100,6738.399563691906
19101,6117.717641042118
19102,5542.77050116338
19103,5560.031522747003
19104,5477.559303663839
19105,6201.9701298341315
19106,6274.728379620558
19107,6725.151575370536
19108,6710.5944755346345
19109,6030.889808123774
19110,6185.288073567021
19111,6761.136694988043
19112,7186.094286453187
19113,6047.6484213277
19114,5713.186652062676
19115,6736.026057697082
19116,6303.948875731703
19117,6805.49543553988
19118,5572.696790114544
19119,6247.024939957116
19120,6112.522183873534
19121,6106.960288600935
19122,6577.923450915329
19123,6756.9244366165485
19124,6215.955638284624
19125,5621.521471813529
19126,7186.033165132499
19127,6192.800883255696
19128,6252.444731645176
19129,6093.826044794159
19130,6242.665655425517
19131,6729.114235703262
19132,6002.618734518607
19133,6243.521353915156
19134,6829.755487097217
19135,6190.16244095406
19136,6323.564720237073
19137,6592.724607294751
19138,6088.612405804197
19139,5641.073735593831
19140,6226.101777518922
19141,6122.2601702564525
19142,5661.233091539183
19143,6151.944681087025
19144,5524.779858977758
19145,5718.381964321202
19146,6493.172859791323
19147,5972.271521383534
19148,6736.13807482643
19149,6210.008650998784
19150,7147.84256521419
19151,6060.025011353915
19152,6799.138818188272
19153,6777.267610893804
19154,6526.087168395316
19155,5691.119088162791
19156,6592.034889135221
19157,6218.799750755847
19158,6770.243771770636
19159,6233.246862394709
19160,6778.922999308408
19161,6655.276740111575
19162,6541.954476274174
19163,5539.786875707216
19164,6107.9081464848205
19165,6655.656633747665
19166,6760.219875177715
19167,6687.538571923096
19168,6532.93013456109
19169,5611.965903765249
19170,6651.242732946132
19171,5757.606513935202
19172,6241.015379766926
19173,6125.186523541849
19174,6655.337861432264
19175,6021.194503251909
19176,6742.932766934887
19177,6727.896922045506
19178,6540.369166381535
19179,5492.830646979549
19180,5649.18008182926
19181,6083.56709024109
19182,6324.180373385667
19183,6705.343154711434
19184,7187.316712866958
19185,6127.5280904258425
19186,6235.758946187711
19187,5944.374774288604
19188,6229.858835700062
19189,6231.052604494694
19190,6774.812532554233
19191,6840.207232934958
19192,6716.74727790012
19193,6720.012271676685
19194,7187.866804753155
19195,5695.522590383688
19196,6739.26037493756
19197,6656.4991665253465
19198,6620.26444886907
19199,6086.872458758164
19200,6209.833683812249
19201,6771.81247508448
19202,6154.940525341439
19203,5662.293721183035
19204,6191.834216111863
19205,6823.709589105066
19206,6159.206806904105
19207,6146.322419124355
19208,5770.209793304586
19209,6138.645941867053
19210,5665.187486782893
19211,6778.006179498081
19212,6103.662864666265
19213,6510.204611872721
19214,6011.606054489916
19215,6742.260432407313
19216,6186.813443797237
19217,7183.160463060138
19218,5979.448186851799
19219,5528.436267340394
19220,6228.078388217946
19221,6233.063498432643
19222,5669.649343193157
19223,6737.360501240201
19224,6208.203456069208
19225,6243.665094269178
19226,6185.902664442148
19227,6058.542260932758
19228,6622.824196037613
19229,6650.3848619004075
19230,6193.072478042206
19231,6064.841324812369
19232,6198.66957851695
19233,5553.699401060525
19234,6012.232750874901
19235,6502.42037002548
19236,6805.739920822635
19237,6103.956324167563
19238,6673.193340029262
19239,6676.8503937585465
19240,6763.214819891454
19241,6763.464417930222
19242,6751.479526319254
19243,5684.8977060959105
19244,6288.185701070436
19245,6143.429859316891
19246,5999.0004967188515
19247,6739.965326805821
19248,6140.692159491492
19249,6665.514203193023
19250,7184.199525511843
19251,5486.432766042354
19252,6160.666406841567
19253,6165.193424039013
19254,6096.303420612172
19255,6854.0766599752415
19256,6773.605444408506
19257,7205.709117638195
19258,6738.776517128066
19259,5672.583166586207
19260,5556.423480804128
19261,6780.51215364631
19262,5697.09071084924
19263,6655.276740111575
19264,6327.354242119762
19265,6169.075585316514
19266,6780.451032325622
19267,6066.944480197305
19268,6105.614074638464
19269,7187.1944702255805
19270,5687.30599578625
19271,5587.09739693335
19272,6071.882547567492
19273,6584.335337816237
19274,5625.122325981329
19275,6227.100447086929
19276,5616.141204598863
19277,6229.585692798169
19278,6040.831666275164
19279,6208.658724277564
19280,6232.381935281799
19281,6056.9384128771
19282,7276.344913330089
19283,6122.954551976738
19284,6656.071317280526
19285,5682.940601609878
19286,7239.0100119014205
19287,7133.117439684265
19288,6508.298963621097
19289,6763.133247546708
19290,6558.360770626189
19291,6144.530043089286
19292,6154.5126760966195
19293,6258.796571331277
19294,6657.148877472779
19295,5930.381704609678
19296,6017.140638351364
19297,6039.222810839165
19298,5617.5924685675645
19299,5626.995681072189
19300,6062.463501042894
19301,6260.9204792873325
19302,5689.131706224758
19303,6759.824643273582
19304,5570.79058464523
19305,6121.427996173912
19306,6634.500603833486
19307,6186.197545076972
19308,6727.275483326592
19309,5735.979791923487
19310,6207.505815960011
19311,6656.621409166723
19312,6773.024791861964
19313,5657.120740762757
19314,6709.8661324423865
19315,5689.935303113342
19316,6834.950799355743
19317,6774.522264218834
19318,6044.298862928767
19319,6204.991445036251
19320,6325.214995895663
19321,5625.985018041173
19322,5953.087013546492
19323,6148.178683611435
19324,6122.949439220723
19325,6137.557434865284
19326,6738.705170295349
19327,6533.53726576923
19328,6673.233947337616
19329,6045.761235518569
19330,5500.463798855748
19331,6127.692497690079
19332,6617.33062547602
19333,6796.021630833156
19334,5647.182009993878
19335,6655.582346715018
19336,6213.32129541864
19337,6435.718172977448
19338,6062.035651798074
19339,6637.786266077883
19340,6627.135877979192
19341,6318.130035451806
19342,5630.684366163986
19343,6774.7667495015885
19344,6249.939092587453
19345,6775.489979837822
19346,5924.871298434695
19347,6110.8621114421485
19348,6734.620267321246
19349,5572.0786518467485
19350,5715.325898286775
19351,6313.828211068542
19352,6019.908328591528
19353,5571.126274495804
19354,5583.629465288794
19355,6477.860161027867
19356,5735.1240934338475
19357,5689.654960029192
19358,6090.4522626220105
19359,6494.473791157739
19360,6571.096646627433
19361,6023.604411042274
19362,6770.916106298209
19363,6111.025668930443
19364,6656.193559921903
19365,6211.468727258706
19366,6638.717974960995
19367,6107.094629049645
19368,6566.900681350409
19369,5963.621477552216
19370,7185.54419456699
19371,5686.415530032699
19372,5980.487249303504
19373,6588.446114846553
19374,5676.813915558746
19375,5639.973535389833
19376,6674.15811544832
19377,5567.966423557837
19378,5515.985402008477
19379,6770.121529129259
19380,5569.4544316450665
19381,5548.183618756499
19382,5662.466181403216
19383,6529.876690278006
19384,6003.639025068038
19385,5731.09835135742
19386,6639.3179657670935
19387,6267.598041510427
19388,6209.226166932508
19389,6123.318806614083
19390,6117.300017309327
19391,6656.4991665253465
19392,6042.41120011694
19393,6751.785132922697
19394,6698.482228526274
19395,6315.318454700134
19396,5528.7985278751585
19397,6750.802079035666
19398,5506.195765186282
19399,6572.210692739764
19400,6863.70522000836
19401,6093.764923473471
19402,6135.589875832627
19403,6111.872979373631
19404,6697.76922370207
19405,6175.882641949638
19406,6288.730680200619
19407,6715.112340509572
19408,6761.075573667355
19409,5611.802990827241
19410,6285.323034329655
19411,5671.129632734712
19412,5575.447621523663
19413,5650.52663490666
19414,6599.304948628916
19415,6142.240050243808
19416,6548.276635821651
19417,6640.907120104996
19418,6766.75985649139
19419,6684.791052692042
19420,6004.757980742706
19421,6123.115868746092
19422,6662.160825769239
19423,5968.985281601548
19424,6110.241594686454
19425,6727.825575212789
19426,6707.9000246683245
19427,6736.087179017771
19428,6399.647020117053
19429,7241.08813680483
19430,6094.6400422299
19431,6776.539267801556
19432,6655.582346715018
19433,7148.576021062452
19434,6043.157809950215
19435,6063.881400953009
19436,6026.98736957106
19437,6125.47806339606
19438,6047.238384454069
19439,5942.903988491668
19440,6602.238436931459
19441,6728.131181816231
19442,6643.198109839232
19443,6273.638826746564
19444,5469.810695288055
19445,6239.915195994532
19446,6088.461613096066
19447,6672.592352334405
19448,5643.086881507746
19449,6771.34395554303
19450,6244.132567122042
19451,6014.606669668528
19452,6569.734593940329
19453,5588.7706694365
19454,6085.145874156906
19455,5394.60357187705
19456,6122.947692406005
19457,6286.35206144978
19458,6124.900208726742
19459,6657.556507445024
19460,6618.61417321048
19461,6211.259522103635
19462,6213.1615948040435
19463,7185.360830604925
19464,6088.583855737443
19465,7130.244737611904
19466,6230.670796500968
19467,6596.677279857872
19468,6617.399799752653
19469,6149.088913451361
19470,6143.075890998345
19471,6756.914211104519
19472,6656.132438601215
19473,6669.757380358745
19474,5696.928380759524
19475,6113.300260519602
19476,5492.652395773498
19477,6752.136522578785
19478,6214.254466817374
19479,6709.142902106153
19480,5580.863022223119
19481,5494.896645917076
19482,6229.361935952405
19483,6607.005899945165
19484,6543.739104108421
19485,6757.286051784666
19486,5705.312905435739
19487,6259.472592986873
19488,6062.414489256485
19489,6170.664739654416
19490,5706.8911560317565
19491,6327.231999478385
19492,5590.968707788199
19493,5599.578726689533
19494,6123.417958762174
19495,6840.507726782385
19496,6541.39013986548
19497,6199.6856902108475
19498,6585.861198277366
19499,5668.155576983265
19500,6771.710683467161
19501,5522.0962954217275
19502,6618.856485937149
19503,6104.740847606811
19504,6722.935869557706
19505,6119.180533728174
19506,6236.859129960106
19507,5526.422564208792
19508,6609.433577039085
19509,5566.439813581264
19510,6759.914268574273
19511,6147.068634578202
19512,6710.1483478218415
19513,6254.762564165833
19514,6741.700115009087
19515,6564.659385310541
19516,6658.345971857962
19517,5578.2118474431
19518,5681.808951024693
19519,5587.1082678120265
19520,6606.0279588141475
19521,5966.144835332401
19522,6584.274216495549
19523,6762.481364043191
19524,7151.448723134814
19525,6199.5743348797505
19526,5738.955557131979
19527,6821.998192125787
19528,6143.503740243164
19529,6707.60464357691
19530,6542.516677694651
19531,6674.096994127632
19532,6656.254681242592
19533,7186.644378339384
19534,5686.518827703194
19535,6249.016146700748
19536,6687.057654313532
19537,6804.583728485567
19538,6655.09337614951
19539,6212.318107199935
19540,6708.477879337643
19541,6584.885429702434
19542,6301.438802147821
19543,5711.903104328217
19544,6193.730127581102
19545,6314.951726776002
19546,5580.944501735498
19547,6035.479699657882
19548,6181.948397676892
19549,6653.870949735739
19550,6201.179281855534
19551,6722.70160978698
19552,6656.376923883969
19553,6053.294507958249
19554,5514.728514582514
19555,6112.302652650293
19556,6669.082873275087
19557,6742.471300954051
19558,5582.352930764203
19559,6203.55823569688
19560,6248.288816928863
19561,5579.927744674954
19562,6118.393688328441
19563,6677.706092248185
19564,6246.27181334614
19565,6782.9365554497945
19566,5511.351807145442
19567,6079.57235807967
19568,6513.4225441565695
19569,6133.401185058464
19570,6636.873112939552
19571,6695.813341440036
19572,6086.681554023689
19573,6215.822028332403
19574,5561.187069717423
19575,5621.700751038709
19576,6730.209306719642
19577,6655.215618790887
19578,5979.9371574173065
19579,7187.500076829024
19580,6741.371117181657
19581,6168.707715593567
19582,6456.2285662404165
19583,6004.172943819332
19584,6595.207923713349
19585,6180.166307144261
19586,6086.815061923171
19587,6230.930361853317
19588,5972.151752845302
19589,6193.778824386713
19590,6038.0204410700235
19591,5964.250074391057
19592,6575.072006575335
19593,5971.833301716627
19594,6585.252157626565
19595,5717.337805545087
19596,6250.305820511584
19597,6241.320986370369
19598,5552.660668524748
19599,6194.293636145226
19600,5941.135344292112
19601,6262.810385671111
19602,6061.112483784188
19603,6521.761799148928
19604,6216.872458094953
19605,6726.613374311047
19606,7152.3044216244525
19607,5998.447930729509
19608,6150.032036057135
19609,6521.969043064625
19610,6216.421276915066
19611,6162.1604880322575
19612,6606.883657303787
19613,5977.5820748005135
19614,6619.58476604112
19615,6125.309384422672
19616,6638.717974960995
19617,6778.556271384277
19618,6882.737446622153
19619,6581.034786499056
19620,6154.189245395041
19621,6657.893734500395
19622,6075.88274700011
19623,6688.8832409782435
19624,6167.719548950521
19625,7187.255591546269
19626,6097.273371775522
19627,6592.667360074473
19628,5664.107694065398
19629,5681.7664519915625
19630,5655.448133265918
19631,6063.0747142497785
19632,6533.668703165367
19633,5704.996395090411
19634,6193.7900983738955
19635,6012.371465880613
19636,6029.025775796207
19637,5965.760723776315
19638,6176.791874900806
19639,6246.027328063386
19640,6178.490555833307
19641,6208.143383223674
19642,6696.735274006379
19643,6621.846254906596
19644,6289.347006163518
19645,6186.876892814415
19646,6738.277321050529
19647,6072.955419928736
19648,6749.645886698598
19649,7185.605315887678
19650,5683.324713165965
19651,6236.003431470465
19652,6714.37888466131
19653,6082.007590411085
19654,7132.200619873937
19655,6157.848628317413
19656,6062.035001726768
19657,6245.039564528847
19658,6497.756958842964
19659,5596.963354425159
19660,6637.117598222306
19661,5596.670486291039
19662,5694.657937900831
19663,6042.095368001468
19664,6009.853382198104
19665,5956.8115400080815
19666,6702.96964871661
19667,5706.912930652316
19668,6260.2583702717875
19669,6726.786512761084
19670,6107.880235793775
19671,5766.210553403054
19672,6123.988950867687
19673,6989.457108693276
19674,6598.217629837779
19675,6011.332403428907
19676,6727.346830159309
19677,6033.149311615747
19678,6050.912176448661
19679,6102.255364833384
19680,6439.568816180827
19681,6139.579216113514
19682,5619.9743160521675
19683,5675.755156713601
19684,5682.7031295369925
19685,6829.882842494609
19686,6731.248369171347
19687,7182.8548564566945
19688,6142.227290638222
19689,6336.562565117546
19690,5562.261789674265
19691,6818.2130058454995
19692,6280.519426802169
19693,6881.127295858066
19694,6325.010635507412
19695,6544.64441480558
19696,6259.047169691601
19697,6249.878353348875
19698,5896.473393817558
19699,6315.453807197346
19700,6891.390564977726
19701,6278.69815170618
19702,5854.300937629672
19703,6726.25214122504
19704,5760.733466341118
19705,6337.3520295304825
19706,6407.732117538837
19707,6831.234019708243
19708,6211.892582553412
19709,6898.113910253465
19710,6212.351324961732
19711,6851.478342568109
19712,5833.661110742192
19713,6938.993848282071
19714,6121.209743601635
19715,6779.153799924041
19716,6426.874313315137
19717,6145.213998531361
19718,6250.672930517826
19719,6324.15971468328
19720,6762.970733122414
19721,5792.32416941746
19722,6409.872360651694
19723,5694.818595979666
19724,6721.320305306903
19725,6409.215364392164
19726,6765.613112512739
19727,6270.378400323886
19728,6186.29015677421
19729,6811.9014631916125
19730,6690.128281462391
19731,6285.333122063779
19732,6307.589324023406
19733,6530.530502482541
19734,6367.479727873919
19735,6279.124600953735
19736,6131.228243609366
19737,5775.332442266046
19738,7398.408526347508
19739,6744.861454998254
19740,6357.510842956914
19741,6881.794517629625
19742,5697.346749823482
19743,5631.56125780079
19744,6865.60759315919
19745,6778.31829426001
19746,6685.009428792597
19747,6860.748332288709
19748,6229.921647979345
19749,6359.717320146474
19750,6331.662633950435
19751,5889.802199437686
19752,5738.827675546944
19753,6363.445720708475
19754,6821.350644224673
19755,6286.607832556529
19756,5818.371826576839
19757,6706.9490427198525
19758,5800.009649962792
19759,6250.306202593694
19760,5635.826296003195
19761,6822.017865996233
19762,6039.806369956527
19763,6214.680842280603
19764,6270.419070620516
19765,6283.544119672531
19766,6033.255861583762
19767,6264.241891869232
19768,6332.528557952102
19769,6862.307041842009
19770,6819.837949475503
19771,6680.139942410086
19772,6305.294290118019
19773,6334.362197572758
19774,6712.081061101606
19775,6382.7296397084165
19776,6323.238117207445
19777,6853.811178266302
19778,6987.753323923483
19779,5718.9430270505945
19780,6608.811361166559
19781,6424.918431053104
19782,5678.360977079758
19783,5636.756570059316
19784,6209.287612077734
19785,5722.801935342989
19786,6129.04429314316
19787,6774.712136339386
19788,6310.411130287108
19789,5658.422272550281
19790,6195.7994669438585
19791,5822.3447124215945
19792,5834.5010330255545
19793,6214.849652260391
19794,6289.045038534499
19795,6373.347374660019
19796,6272.88948722813
19797,6810.099208461967
19798,6250.06171731094
19799,6290.9402538456825
19800,6859.179628974865
19801,5721.885115532661
19802,6788.197324631412
19803,6369.130003532509
19804,5599.697837353607
19805,6811.016028272295
19806,5796.141623127458
19807,6839.819508584641
19808,6259.179337584227
19809,6399.242363607903
19810,6735.429405604628
19811,6964.59345613854
19812,6304.317617297753
19813,5691.444813807517
19814,5765.009320136448
19815,6784.613455200423
19816,6303.36346247164
19817,6146.6903975409
19818,5766.982424688775
19819,6363.873569953295
19820,6232.5720656008
19821,5687.082274911427
19822,6354.766493170702
19823,6356.96686071549
19824,7308.769112677491
19825,6308.874606845638
19826,5732.133046384278
19827,6242.39952916629
19828,6320.905281509251
19829,6889.618046677759
19830,6177.944943173288
19831,6793.046359989864
19832,6147.6161877760505
19833,6344.8037178984705
19834,5734.7223023342995
19835,5808.353042739933
19836,6418.724984837952
19837,6777.156989166928
19838,6132.437015581534
19839,7310.358267015393
19840,6425.6467741453525
19841,6141.076956388336
19842,6316.397642046342
19843,5628.522792025733
19844,6915.645503779047
19845,5709.295832927866
19846,6667.164769812943
19847,6338.019251302043
19848,6224.297702190233
19849,6027.819938142894
19850,6783.705023436546
19851,6268.205497829385
19852,5670.188604196039
19853,6250.856294479891
19854,6250.6118091971375
19855,6360.75638259818
19856,6647.309327445593
19857,6459.197266447347
19858,6338.2128407761365
19859,6792.995464181205
19860,6173.042668909429
19861,6777.584838411748
19862,6365.523845611886
19863,6217.8424126910995
19864,6216.320137796548
19865,6834.863568852855
19866,6283.801758940298
19867,6368.457669004936
19868,6353.299581474177
19869,5858.620351340469
19870,6249.8172320281865
19871,7307.97453550854
19872,7306.935473056835
19873,5660.101685828575
19874,6103.223196848496
19875,6157.5433126753
19876,6903.37034383268
19877,6405.054001829329
19878,6564.688495232672
19879,6726.936763060159
19880,6765.613112512739
19881,5730.9273582358155
19882,7309.62481116713
19883,6099.807200758674
19884,6634.957563000436
19885,6159.865922861464
19886,6389.177606537902
19887,6618.57828771151
19888,5655.962502961326
19889,7044.735569222177
19890,6408.481908543901
19891,6393.003134340106
19892,5709.6692646020865
19893,6472.027631035926
19894,6441.594326089047
19895,7329.178521031449
19896,5638.943483358311
19897,6859.546356898996
19898,5966.537942663635
19899,6267.095386277797
19900,6283.627865859644
19901,6943.990458310487
19902,6350.193668106245
19903,6104.811417285917
19904,6833.091050552887
19905,5819.105282425102
19906,5825.03405053189
19907,6365.279360329132
19908,5851.856084802131
19909,6133.273773804949
19910,6250.824690459567
19911,6390.328876299404
19912,6396.441008368259
19913,6145.987317967945
19914,5828.359127169349
19915,6330.267069086627
19916,6258.744898369006
19917,6639.580949252968
19918,6674.674795938693
19919,6955.180772752505
19920,6148.29825908601
19921,5586.806351444338
19922,6368.090941080804
19923,6405.486628739655
19924,5855.273766004674
19925,5638.467967038596
19926,5768.731339631683
19927,6240.429402381759
19928,7307.54668626372
19929,6382.311757777177
19930,5724.71826347648
19931,6728.303543112656
19932,6307.158097110344
19933,5718.6456855361685
19934,6677.924905817053
19935,7274.734762566002
19936,6238.344926066731
19937,6768.057164152989
19938,5774.139848133438
19939,6360.878625239557
19940,5776.925503567567
19941,6696.5219322827215
19942,6665.261038446777
19943,6977.8516699719385
19944,6241.230637214047
19945,6199.779999638185
19946,6779.173992749649
19947,6317.807764916848
19948,6343.800722151798
19949,6240.534261391181
19950,6861.991209726538
19951,6743.489366979571
19952,6267.8980164026925
19953,5677.242242737161
19954,6721.2244167223025
19955,6166.682327072126
19956,6861.930088405849
19957,6241.248165756061
19958,5666.301025877323
19959,5683.562047460946
19960,5601.089828377782
19961,6325.500654548075
19962,6398.2589043345015
19963,6848.682100084479
19964,6834.125000248578
19965,6154.420332837717
19966,6308.818598280963
19967,6884.667219701987
19968,7309.62481116713
19969,6171.178946041643
19970,5836.717176776619
19971,6859.556582411025
19972,6427.479400445646
19973,6929.0259602538235
19974,5696.227314828487
19975,6370.555464671059
19976,6236.052708587477
19977,6230.490813314878
19978,6701.4539756292725
19979,6880.454961330492
19980,6339.486162998568
19981,5745.0519965274725
19982,7309.563689846442
19983,6316.331407969639
19984,6375.975256359119
19985,6217.356569508102
19986,6366.19618013946
19987,6852.644760417205
19988,6126.14925923255
19989,6367.0518786290995
19990,6953.28601181116
19991,6313.692965668003
19992,6447.095244951015
19993,6716.255132008694
19994,6212.14293051814
19995,5764.604260307774
19996,6349.632302232865
19997,6245.790694970396
19998,5784.763616253126
19999,6275.475205800968
20000,5648.310383691701
20001,5841.912489035145
20002,6616.7033845052665
20003,6095.802046097477
20004,6859.668599540373
20005,6333.539175712727
20006,7271.373089928133
20007,6183.555536067858
20008,6922.669342902215
20009,6900.798135607747
20010,6649.61769310926
20011,5814.649612876734
20012,6715.5654138491645
20013,6342.330275469791
20014,6893.774296484579
20015,6356.777387108652
20016,6902.453524022352
20017,6778.807264825518
20018,6665.4850009881175
20019,5663.317400421159
20020,6231.438671198764
20021,6779.187158461608
20022,6883.750399891658
20023,6811.0690966370385
20024,6656.460659275033
20025,5735.496428479192
20026,6774.773257660075
20027,5881.137038649145
20028,6364.545904480869
20029,6248.717048255792
20030,6778.868386146207
20031,6144.725027965853
20032,6866.46329164883
20033,6851.42744675945
20034,6663.899691095479
20035,5616.361171693492
20036,5772.7106065432035
20037,6207.097614955033
20038,6447.71089809961
20039,6828.873679425378
20040,7310.8472375809015
20041,6251.058615139786
20042,6359.289470901655
20043,6067.9052990025475
20044,6353.389360414005
20045,6354.583129208637
20046,6898.343057268176
20047,6963.737757648901
20048,6840.277802614063
20049,6843.542796390628
20050,7311.397329467098
20051,5819.053115097631
20052,6862.790899651503
20053,6780.02969123929
20054,6743.794973583013
20055,6210.402983472107
20056,6333.364208526191
20057,6895.342999798424
20058,6278.471050055382
20059,5785.824245896978
20060,6315.364740825806
20061,6947.240113819009
20062,6282.737331618048
20063,6269.852943838298
20064,5893.740318018529
20065,6262.176466580996
20066,5788.718011496836
20067,6901.536704212023
20068,6227.193389380209
20069,6633.735136586664
20070,6135.136579203859
20071,6865.790957121257
20072,6310.343968511179
20073,7306.69098777408
20074,6102.978711565742
20075,5651.966792054337
20076,6351.608912931889
20077,6356.594023146587
20078,5793.1798679071
20079,6860.891025954144
20080,6331.733980783151
20081,6367.195618983121
20082,6309.433189156091
20083,6182.072785646701
20084,6746.354720751557
20085,6773.9153866143515
20086,6316.603002756149
20087,6188.371849526312
20088,6322.200103230894
20089,5677.229925774468
20090,6135.763275588844
20091,6625.950894739422
20092,6929.270445536578
20093,6227.486848881506
20094,6796.723864743206
20095,6800.380918472489
20096,6886.745344605397
20097,6886.994942644165
20098,6875.010051033198
20099,5808.428230809854
20100,6411.716225784379
20101,6266.960384030835
20102,6122.531021432795
20103,6863.495851519763
20104,6264.222684205435
20105,6789.044727906966
20106,7307.730050225786
20107,5609.963290756297
20108,6284.19693155551
20109,6288.723948752956
20110,6219.833945326115
20111,6977.607184689185
20112,6897.135969122449
20113,7329.239642352138
20114,6862.307041842009
20115,5796.11369130015
20116,5679.954005518071
20117,6904.042678360254
20118,5820.621235563183
20119,6778.807264825518
20120,6450.884766833705
20121,6292.606110030457
20122,6903.981557039566
20123,6190.475004911248
20124,6229.144599352408
20125,7310.724994939525
20126,5810.836520500193
20127,5710.627921647293
20128,6195.413072281435
20129,6707.8658625301805
20130,5748.652850695272
20131,6350.630971800872
20132,5739.671729312806
20133,6353.116217512112
20134,6164.362190989108
20135,6332.189248991507
20136,6355.912459995741
20137,6180.468937591043
20138,7399.875438044033
20139,6246.485076690681
20140,6779.601841994469
20141,5806.471126323821
20142,7362.540536615364
20143,7256.647964398208
20144,6631.82948833504
20145,6886.663772260651
20146,6681.891295340132
20147,6268.060567803229
20148,6278.043200810563
20149,6382.32709604522
20150,6780.679402186722
20151,6053.912229323621
20152,6140.671163065307
20153,6162.753335553108
20154,5741.122993281508
20155,5750.526205786132
20156,6185.994025756837
20157,6384.451004001276
20158,5812.662230938701
20159,6883.355167987525
20160,5694.3211093591735
20161,6244.958520887855
20162,6758.031128547429
20163,6309.7280697909155
20164,6850.806008040535
20165,5859.51031663743
20166,6331.036340673954
20167,6780.151933880667
20168,6896.555316575907
20169,5780.6512654767
20170,6833.39665715633
20171,5813.4658278272855
20172,6958.481324069686
20173,6898.052788932777
20174,6167.829387642711
20175,6328.521969750194
20176,6448.745520609606
20177,5749.515542755116
20178,6076.617538260435
20179,6271.709208325378
20180,6246.479963934667
20181,6261.087959579228
20182,6862.235695009293
20183,6657.067790483173
20184,6796.764472051559
20185,6169.291760232512
20186,5623.994323569691
20187,6251.223022404022
20188,6740.861150189963
20189,6919.5521555471005
20190,5770.712534707821
20191,6779.112871428961
20192,6336.851820132584
20193,6559.2486976913915
20194,6185.566176512017
20195,6761.316790791825
20196,6750.666402693135
20197,6441.66056016575
20198,5754.214890877929
20199,6898.297274215531
20200,6373.469617301396
20201,6899.020504551765
20202,6048.401823148638
20203,6234.392636156092
20204,6858.150792035189
20205,5695.609176560692
20206,5838.856423000718
20207,6437.358735782485
20208,6143.438853305471
20209,5694.656799209747
20210,5707.159990002737
20211,6601.3906857418115
20212,5858.654618147791
20213,5813.185484743135
20214,6213.982787335954
20215,6618.004315871682
20216,6694.627171341376
20217,6147.134935756217
20218,6894.446631012153
20219,6234.556193644386
20220,6779.724084635846
20221,6334.999251972649
20222,6762.248499674938
20223,6230.625153763588
20224,6690.4312060643515
20225,6087.152002266159
20226,7309.074719280934
20227,5809.946054746642
20228,6104.017774017447
20229,6711.976639560497
20230,5800.344440272689
20231,5763.504060103776
20232,6797.688640162263
20233,5691.49694827178
20234,5639.51592672242
20235,6893.652053843201
20236,5692.98495635901
20237,5671.714143470442
20238,5785.996706117159
20239,6653.407214991949
20240,6127.169549781981
20241,5854.628876071363
20242,6762.848490481037
20243,6391.12856622437
20244,6332.756691646451
20245,6246.849331328026
20246,6240.83054202327
20247,6780.02969123929
20248,6165.941724830883
20249,6875.31565763664
20250,6822.012753240218
20251,6438.848979414077
20252,5652.329052589102
20253,6874.332603749609
20254,5629.726289900225
20255,6695.741217453708
20256,6987.235744722304
20257,6217.295448187414
20258,6259.12040054657
20259,6235.403504087575
20260,6821.299748416013
20261,6299.413166663582
20262,6412.261204914562
20263,6838.642865223515
20264,6884.606098381298
20265,5735.333515541184
20266,6408.853559043598
20267,5794.660157448655
20268,5698.978146237607
20269,5774.057159620603
20270,6722.835473342859
20271,6265.770574957751
20272,6671.807160535594
20273,6764.437644818939
20274,6890.290381205332
20275,6808.321577405985
20276,6128.28850545665
20277,6246.646393460035
20278,6785.691350483182
20279,6092.515806315491
20280,6233.772119400397
20281,6851.356099926732
20282,6831.430549382268
20283,6859.617703731714
20284,6523.177544830996
20285,7364.6186615187735
20286,6218.170566943843
20287,6900.069792515498
20288,6779.112871428961
20289,7272.106545776395
20290,6166.688334664158
20291,6187.411925666953
20292,6150.517894285003
20293,6249.008588110003
20294,6170.768909168012
20295,6066.434513205611
20296,6725.768961645402
20297,6851.661706530174
20298,6766.728634553176
20299,6397.169351460507
20300,5593.341220001998
20301,6363.445720708475
20302,6211.992137810009
20303,6796.1228770483485
20304,5766.617406221689
20305,6894.874480256973
20306,6367.663091835984
20307,6138.1371943824715
20308,6693.265118654273
20309,5712.301194150443
20310,6208.676398870849
20311,5518.134096590993
20312,6246.478217119949
20313,6409.882586163723
20314,6248.430733440685
20315,6781.087032158968
20316,6742.144697924423
20317,6334.7900468175785
20318,6336.692119517987
20319,7308.891355318868
20320,6212.114380451386
20321,7253.7752623258475
20322,6354.201321214911
20323,6720.207804571815
20324,6740.930324466597
20325,6272.619438165304
20326,6266.606415712288
20327,6880.4447358184625
20328,6779.662963315158
20329,6793.287905072688
20330,5820.458905473467
20331,6236.830785233544
20332,5616.182920487441
20333,6875.667047292728
20334,6337.784991531317
20335,6832.673426820096
20336,5704.393546937062
20337,5618.427170631019
20338,6352.892460666348
20339,6730.536424659107
20340,6667.269628822364
20341,6880.816576498609
20342,5828.843430149682
20343,6383.003117700817
20344,6185.945013970428
20345,6294.195264368359
20346,5830.4216807457
20347,6450.762524192328
20348,5714.499232502142
20349,5723.109251403476
20350,6246.948483476117
20351,6964.0382514963285
20352,6664.920664579423
20353,6323.216214924791
20354,6709.3917229913095
20355,5791.686101697208
20356,6895.2412081811035
20357,5645.626820135671
20358,6742.387010651093
20359,6228.271372320754
20360,6846.466394271649
20361,6242.711058442117
20362,6360.389654674049
20363,5649.953088922735
20364,6732.964101753028
20365,5689.9703382952075
20366,6883.444793288216
20367,6270.5991592921455
20368,6833.678872535785
20369,6378.293088879776
20370,6865.23063972303
20371,6688.189910024485
20372,6781.876496571905
20373,5701.742372157043
20374,5805.339475738636
20375,5710.63879252597
20376,6729.558483528091
20377,6089.675360046344
20378,6707.804741209492
20379,6886.011888757134
20380,7274.979247848756
20381,6323.104859593694
20382,5862.486081845922
20383,6945.52871683973
20384,6267.0342649571085
20385,6831.1351682908535
20386,6666.047202408594
20387,6797.627518841575
20388,6779.785205956535
20389,7310.174903053327
20390,5810.049352417137
20391,6372.546671414691
20392,6810.588179027475
20393,6928.11425319951
20394,6778.623900863453
20395,6335.848631913879
20396,6832.008404051585
20397,6708.415954416378
20398,6424.969326861764
20399,5835.43362904216
20400,6317.2606522950455
20401,6438.482251489946
20402,5704.475026449441
20403,6159.010224371825
20404,6305.478922390835
20405,6777.401474449682
20406,6324.709806569477
20407,6846.232134500923
20408,6779.907448597912
20409,6176.825032672192
20410,5638.259039296458
20411,6235.833177364236
20412,6792.61339798903
20413,6866.001825667994
20414,5705.883455478146
20415,6327.088760410823
20416,6371.819341642806
20417,5703.458269388897
20418,6241.9242130423845
20419,6801.236616962129
20420,6369.8023380600835
20421,6906.4670801637385
20422,5634.882331859385
20423,6203.102882793613
20424,6636.953068870513
20425,6256.931709772407
20426,6760.403637653495
20427,6819.343866153979
20428,6210.2120787376325
20429,6339.352553046345
20430,5684.717594431366
20431,5745.231275752652
20432,6853.739831433585
20433,6778.74614350483
20434,6103.46768213125
20435,7311.030601542967
20436,6864.9016418956
20437,6292.23824030751
20438,6579.75909095436
20439,6127.703468533276
20440,6718.7384484272925
20441,6303.696831858204
20442,6210.345586637114
20443,6354.46088656726
20444,6095.682277559245
20445,6317.309349100656
20446,6161.550965783967
20447,6087.780599105
20448,6698.602531289278
20449,6095.36382643057
20450,6708.7826823405085
20451,5840.86833025903
20452,6373.836345225527
20453,6364.851511084312
20454,5676.19119323869
20455,6317.824160859169
20456,6064.665869006055
20457,6386.340910385055
20458,6184.643008498131
20459,6645.292323862871
20460,6340.402982808895
20461,6850.14389902499
20462,7275.834946338397
20463,6121.978455443452
20464,6273.562560771078
20465,6645.499567778568
20466,6339.951801629009
20467,6285.691012746201
20468,6730.41418201773
20469,6101.112599514457
20470,6743.115290755064
20471,6248.8399091366155
20472,6762.248499674938
20473,6902.0867960982205
20474,7006.267971336096
20475,6704.565311212999
20476,6277.719770108984
20477,6781.424259214338
20478,6199.413271714053
20479,6812.413765692187
20480,6291.250073664464
20481,7310.786116260213
20482,6220.803896489465
20483,6716.197884788417
20484,5787.6382187793415
20485,5805.296976705506
20486,5778.978657979861
20487,6186.605238963722
20488,6657.1992278793105
20489,5828.526919804355
20490,6317.320623087839
20491,6135.901990594556
20492,6152.55630051015
20493,6089.291248490257
20494,6300.322399614749
20495,6369.55785277733
20496,6302.02108054725
20497,6331.6739079376175
20498,6820.265798720322
20499,6745.376779620539
20500,6412.877530877462
20501,6310.407417528359
20502,6861.807845764472
20503,6196.485944642678
20504,6873.176411412541
20505,7309.1358406016225
20506,5806.855237879908
20507,6359.533956184408
20508,6837.909409375253
20509,6205.5381151250285
20510,7255.73114458788
20511,6281.3791530313565
20512,6185.565526440711
20513,6368.57008924279
20514,6621.287483556907
20515,5720.493879139102
20516,6760.648122936249
20517,5720.201011004982
20518,5818.188462614774
20519,6165.625892715411
20520,6133.383906912046
20521,6080.342064722025
20522,6826.500173430553
20523,5830.4434553662595
20524,6383.788894985731
20525,6850.317037475027
20526,6231.410760507718
20527,5889.741078116997
20528,6247.51947558163
20529,7112.98763340722
20530,6721.748154551722
20531,6134.86292814285
20532,6850.877354873252
20533,6156.67983632969
20534,6174.442701162604
20535,6225.785889547327
20536,6563.09934089477
20537,6263.109740827457
20538,5743.504840766111
20539,5799.285681427544
20540,5806.233654250936
20541,6953.413367208552
20542,6854.77889388529
20543,7306.385381170638
20544,6265.757815352165
20545,6460.093089831489
20546,5685.792314388208
20547,6941.743530559443
20548,6404.049951516112
20549,7004.657820572009
20550,6448.541160221355
20551,6668.174939519522
20552,6382.577694405544
20553,6373.408878062817
20554,6020.003918531501
20555,6438.984331911289
20556,7014.921089691668
20557,6402.2286764201235
20558,5977.831462343615
20559,6849.782665938983
20560,5884.263991055061
20561,6460.882554244426
20562,6531.26264225278
20563,6954.764544422186
20564,6335.423107267355
20565,7021.644434967408
20566,6335.881849675674
20567,6975.008867282052
20568,5957.191635456135
20569,7062.524372996013
20570,6244.740268315578
20571,6902.684324637983
20572,6550.404838029081
20573,6268.744523245304
20574,6374.203455231769
20575,6447.690239397223
20576,6886.501257836357
20577,5915.854694131403
20578,6533.402885365637
20579,5818.349120693609
20580,6844.850830020845
20581,6532.745889106106
20582,6889.143637226682
20583,6393.908925037828
20584,6309.820681488153
20585,6935.431987905555
20586,6813.658806176334
20587,6408.863646777721
20588,6431.1198487373495
20589,6654.061027196483
20590,6491.010252587862
20591,6402.6551256676785
20592,6254.758768323308
20593,5898.862966979988
20594,7521.93905106145
20595,6868.391979712197
20596,6481.041367670857
20597,7005.325042343568
20598,5820.877274537425
20599,5755.0917825147335
20600,6989.1381178731335
20601,6901.848818973953
20602,6808.539953506539
20603,6984.278857002652
20604,6353.452172693287
20605,6483.247844860417
20606,6455.193158664377
20607,6013.332724151628
20608,5862.358200260887
20609,6486.976245422418
20610,6944.881168938616
20611,6410.138357270472
20612,5941.9023512907825
20613,6830.479567433795
20614,5923.540174676735
20615,6373.836727307637
20616,5759.356820717138
20617,6945.548390710175
20618,6163.33689467047
20619,6338.211366994547
20620,6393.949595334459
20621,6407.074644386474
20622,6156.786386297706
20623,6387.772416583174
20624,6456.0590826660455
20625,6985.837566555952
20626,6943.368474189445
20627,6803.6704671240295
20628,6428.824814831962
20629,6457.892722286701
20630,6835.611585815548
20631,6506.26016442236
20632,6446.768641921388
20633,6977.341702980245
20634,7111.283848637426
20635,5842.473551764538
20636,6732.341885880503
20637,6548.448955767047
20638,5801.891501793701
20639,5760.287094773259
20640,6332.818136791677
20641,5846.332460056931
20642,6252.574817857103
20643,6898.242661053329
20644,6433.94165500105
20645,5781.952797264224
20646,6319.329991657802
20647,5945.875237135538
20648,5958.031557739498
20649,6338.380176974334
20650,6412.575563248442
20651,6496.877899373962
20652,6396.420011942073
20653,6933.62973317591
20654,6373.5922420248835
20655,6414.470778559626
20656,6982.710153688808
20657,5845.415640246603
20658,6911.727849345355
20659,6492.6605282464525
20660,5723.228362067549
20661,6934.546552986238
20662,5919.672147841401
20663,6963.350033298584
20664,6382.70986229817
20665,6522.772888321846
20666,6858.959930318571
20667,7088.123980852482
20668,6427.848142011695
20669,5814.97533852146
20670,5888.539844850391
20671,6908.143979914366
20672,6426.893987185583
20673,6270.220922254844
20674,5890.512949402718
20675,6487.404094667238
20676,6356.102590314743
20677,5810.61279962537
20678,6478.297017884645
20679,6480.497385429433
20680,7432.299637391434
20681,6432.405131559581
20682,5855.663571098221
20683,6365.930053880233
20684,6444.435806223194
20685,7013.148571391701
20686,6301.4754678872305
20687,6916.576884703807
20688,6271.146712489994
20689,6468.334242612414
20690,5858.252827048242
20691,5931.883567453876
20692,6542.255509551896
20693,6900.687513880871
20694,6255.967540295476
20695,7433.888791729336
20696,6549.177298859295
20697,6264.607481102279
20698,6439.928166760285
20699,5752.053316739675
20700,7039.176028492991
20701,5832.826357641809
20702,6790.695294526886
20703,6461.549776015985
20704,6347.8282269041765
20705,6151.350462856837
20706,6907.235548150489
20707,6391.736022543328
20708,5793.719128909982
20709,6374.3868191938345
20710,6374.142333911081
20711,6484.286907312122
20712,6770.839852159536
20713,6582.727791161289
20714,6461.74336549008
20715,6916.525988895148
20716,6296.573193623372
20717,6901.115363125691
20718,6489.054370325828
20719,6341.372937405042
20720,6339.850662510491
20721,6958.394093566798
20722,6407.332283654241
20723,6491.988193718878
20724,6476.83010618812
20725,5982.150876054412
20726,6373.347756742129
20727,7431.505060222483
20728,7430.465997770778
20729,5783.632210542518
20730,6226.753721562439
20731,6281.073837389243
20732,7026.900868546623
20733,6528.584526543271
20734,6688.219019946614
20735,6850.467287774101
20736,6889.143637226682
20737,5854.457882949759
20738,7433.155335881073
20739,6223.337725472617
20740,6758.488087714379
20741,6283.396447575407
20742,6512.708131251845
20743,6742.108812425453
20744,5779.493027675269
20745,7168.266093936119
20746,6532.012433257843
20747,6516.533659054048
20748,5833.19978931603
20749,6595.558155749868
20750,6565.124850802989
20751,7452.709045745391
20752,5762.474008072254
20753,6983.076881612939
20754,6090.068467377578
20755,6390.625910991739
20756,6407.158390573586
20757,7067.52098302443
20758,6473.724192820187
20759,6228.341941999859
20760,6956.62157526683
20761,5942.635807139045
20762,5948.564575245833
20763,6488.809885043074
20764,5975.386609516074
20765,6256.804298518891
20766,6374.35521517351
20767,6513.859401013347
20768,6519.971533082202
20769,6269.5178426818875
20770,5951.889651883293
20771,6453.797593800569
20772,6382.275423082949
20773,6763.11147396691
20774,6798.205320652636
20775,7078.711297466448
20776,6271.828783799952
20777,5710.3368761582815
20778,6491.621465794748
20779,6529.017153453598
20780,5978.804290718617
20781,5761.998491752538
20782,5892.261864345626
20783,6363.959927095702
20784,7431.077210977663
20785,6505.8422824911195
20786,5848.2487881904235
20787,6851.8340678265995
20788,6430.688621824287
20789,5842.176210250111
20790,6801.455430530996
20791,7398.265287279945
20792,6361.875450780674
20793,6891.587688866932
20794,5897.67037284738
20795,6484.4091499535
20796,5900.45602828151
20797,6820.052456996664
20798,6788.791563160719
20799,7101.382194685882
20800,6364.7611619279905
20801,6323.310524352128
20802,6902.704517463593
20803,6441.338289630791
20804,6467.331246865741
20805,6364.064786105124
20806,6985.521734440481
20807,6867.019891693513
20808,6391.428541116635
20809,5800.772767451104
20810,6844.754941436246
20811,6290.212851786069
20812,6985.4606131197925
20813,6364.778690470004
20814,5789.831550591266
20815,5807.092572174889
20816,5724.6203530917255
20817,6449.031179262018
20818,6521.789429048445
20819,6972.212624798422
20820,6957.655524962521
20821,6277.95085755166
20822,6432.349122994906
20823,7008.197744415929
20824,7433.155335881073
20825,6294.709470755586
20826,5960.247701490562
20827,6983.087107124968
20828,6551.009925159589
20829,7052.556484967767
20830,5819.75783954243
20831,6494.085989385002
20832,6359.5832333014205
20833,6354.0213380288205
20834,6824.984500343215
20835,7003.985486044435
20836,6463.01668771251
20837,5868.582521241415
20838,7433.094214560385
20839,6439.861932683582
20840,6499.505781073062
20841,6340.887094222046
20842,6489.726704853403
20843,6976.1752851311485
20844,6249.679783946493
20845,6490.582403343042
20846,7076.8165365251025
20847,6437.223490381946
20848,6570.625769664958
20849,6839.785656722637
20850,6335.673455232083
20851,5888.134785021717
20852,6473.162826946808
20853,6369.321219684338
20854,5908.294140967068
20855,6399.005730514911
20856,5771.840908405644
20857,5965.443013749088
20858,6740.23390921921
20859,6219.332570811419
20860,6983.199124254316
20861,6457.069700426669
20862,7394.903614642076
20863,6307.086060781801
20864,7046.199867616158
20865,7024.328660321689
20866,6773.148217823203
20867,5938.180137590677
20868,6839.095938563107
20869,6465.860800183733
20870,7017.304821198522
20871,6480.307911822594
20872,7025.984048736294
20873,6902.3377895394615
20874,6789.015525702061
20875,5786.847925135102
20876,6354.969195912707
20877,6902.717683175551
20878,7007.280924605601
20879,6934.5996213509825
20880,6779.991183988976
20881,5859.026953193135
20882,6898.303782374018
20883,6004.6675633630875
20884,6488.076429194812
20885,6372.247572969735
20886,6902.39891086015
20887,6268.255552679795
20888,6989.993816362773
20889,6974.957971473392
20890,6787.4302158094215
20891,5739.891696407435
20892,5896.241131257147
20893,6330.628139668976
20894,6571.241422813553
20895,6952.40420413932
20896,7434.377762294844
20897,6374.589139853729
20898,6482.819995615598
20899,6191.435823716491
20900,6476.919885127947
20901,6478.11365392258
20902,7021.8735819821195
20903,7087.268282362844
20904,6963.808327328006
20905,6967.07332110457
20906,7434.927854181041
20907,5942.583639811573
20908,6986.321424365447
20909,6903.560215953232
20910,6867.325498296956
20911,6333.93350818605
20912,6456.894733240135
20913,7018.873524512366
20914,6402.001574769325
20915,5909.35477061092
20916,6438.895265539748
20917,7070.770638532952
20918,6406.267856331991
20919,6393.383468552241
20920,6017.270842732472
20921,6385.706991294939
20922,5912.248536210779
20923,7025.067228925966
20924,6350.723914094151
20925,6757.2656613006075
20926,6258.667103917801
20927,6989.321481835199
20928,6433.874493225122
20929,7430.221512488023
20930,6226.509236279684
20931,5775.49731676828
20932,6475.139437645832
20933,6480.124547860529
20934,5916.710392621043
20935,6984.421550668088
20936,6455.264505497094
20937,6490.726143697064
20938,6432.963713870034
20939,6305.603310360644
20940,6869.885245465499
20941,6897.445911328294
20942,6440.133527470092
20943,6311.902374240255
20944,6445.730627944837
20945,5800.760450488411
20946,6259.2938003027875
20947,6749.4814194533665
20948,7052.800970250521
20949,6351.017373595449
20950,6920.254389457148
20951,6923.911443186432
20952,7010.27586931934
20953,7010.5254673581085
20954,6998.54057574714
20955,5931.958755523797
20956,6535.246750498322
20957,6390.490908744778
20958,6246.061546146738
20959,6987.026376233707
20960,6387.753208919378
20961,6912.575252620909
20962,7431.260574939728
20963,5733.49381547024
20964,6407.727456269453
20965,6412.254473466899
20966,6343.364470040058
20967,7101.137709403128
20968,7020.666493836392
20969,7452.770167066081
20970,6985.837566555952
20971,5919.644216014092
20972,5803.484530232015
20973,7027.5732030741965
20974,5944.151760277126
20975,6902.3377895394615
20976,6574.415291547648
20977,6416.1366347444
20978,7027.512081753508
20979,6314.005529625191
20980,6352.67512406635
20981,7434.255519653467
20982,5934.367045214136
20983,5834.158446361236
20984,6318.943596995378
20985,6831.396387244124
20986,5872.183375409215
20987,6474.161496514815
20988,5863.202254026749
20989,6476.646742226055
20990,6287.89271570305
20991,6455.71977370545
20992,6479.442984709684
20993,6303.999462304985
20994,7523.405962757975
20995,6370.015601404623
20996,6903.1323667084125
20997,5930.001651037764
20998,7486.071061329307
20999,7380.1784891121515
21000,6755.360013048983
21001,7010.194296974594
21002,6805.4218200540745
21003,6391.591092517171
21004,6401.573725524506
21005,6505.857620759163
21006,6904.209926900665
21007,6177.442754037565
21008,6264.201687779249
21009,6286.283860267051
21010,5864.653517995451
21011,5874.056730500075
21012,6309.524550470779
21013,6507.981528715219
21014,5936.192755652644
21015,7006.885692701468
21016,5817.851634073117
21017,6368.489045601798
21018,6881.561653261371
21019,6433.258594504859
21020,6974.336532754478
21021,5983.040841351373
21022,6454.566865387897
21023,6903.682458594609
21024,7020.085841289851
21025,5904.1817901906425
21026,6956.927181870273
21027,5936.996352541229
21028,7082.011848783629
21029,7021.58331364672
21030,6291.359912356653
21031,6452.052494464137
21032,6572.276045323549
21033,5873.046067469059
21034,6200.148062974378
21035,6395.239733039321
21036,6370.01048864861
21037,6384.618484293171
21038,6985.766219723235
21039,6780.598315197115
21040,6920.294996765502
21041,6292.8222849464555
21042,5747.524848283633
21043,6374.753547117965
21044,6864.391674903906
21045,7043.082680261043
21046,5894.243059421764
21047,6902.643396142904
21048,6460.382344846526
21049,6682.779222405335
21050,6309.09670122596
21051,6884.847315505768
21052,6874.196927407078
21053,6565.191084879692
21054,5877.745415591872
21055,7021.827798929474
21056,6497.0001420153385
21057,7022.551029265707
21058,6171.932347862581
21059,6357.923160870035
21060,6981.681316749132
21061,5819.139701274635
21062,5962.386947714661
21063,6560.8892604964285
21064,6266.969378019414
21065,5818.18732392369
21066,5830.69051471668
21067,6724.921210455754
21068,5982.185142861734
21069,5936.716009457078
21070,6337.513312049897
21071,6741.534840585625
21072,6818.157696055319
21073,6270.66546047016
21074,7017.977155726096
21075,6358.08671835833
21076,6903.2546093497895
21077,6458.5297766865915
21078,6885.779024388881
21079,6354.155678477531
21080,6813.961730778295
21081,6210.682526980102
21082,7432.605243994876
21083,5933.4765794605855
21084,6227.54829873139
21085,6835.507164274439
21086,5923.874964986632
21087,5887.034584817719
21088,6921.2191648762055
21089,5815.027472985723
21090,5763.046451436363
21091,7017.182578557145
21092,5816.515481072953
21093,5795.244668184385
21094,5909.527230831102
21095,6776.937739705892
21096,6250.700074495924
21097,5978.1594007853055
21098,6886.37901519498
21099,6514.659090938313
21100,6456.287216360394
21101,6370.379856041969
21102,6364.361066737213
21103,6903.560215953232
21104,6289.472249544826
21105,6998.846182350582
21106,6945.543277954161
21107,6562.37950412802
21108,5775.859577303045
21109,6997.863128463552
21110,5753.2568146141675
21111,6819.271742167651
21112,7110.766269436246
21113,6340.825972901357
21114,6382.650925260512
21115,6358.934028801517
21116,6944.830273129956
21117,6422.943691377524
21118,6535.791729628505
21119,6962.1733899374585
21120,7008.136623095241
21121,5858.864040255127
21122,6532.384083757541
21123,5918.190682162598
21124,5822.508670951549
21125,5897.587684334545
21126,6846.365998056801
21127,6389.301099671693
21128,6795.337685249537
21129,6887.968169532882
21130,7013.820905919275
21131,6931.852102119928
21132,6251.819030170593
21133,6370.176918173977
21134,6909.221875197125
21135,6216.046331029434
21136,6357.30264411434
21137,6974.886624640675
21138,6954.961074096211
21139,6983.148228445656
21140,6646.708069544939
21141,7488.149186232717
21142,6341.7010916577865
21143,7023.600317229441
21144,6902.643396142904
21145,7395.637070490338
21146,6290.218859378101
21147,6310.942450380895
21148,6274.0484189989465
21149,6372.539112823946
21150,6294.299433881955
21151,6189.965037919555
21152,6849.299486359345
21153,6975.1922312441175
21154,6890.259159267118
21155,6520.69987617445
21156,5716.871744715941
21157,6486.976245422418
21158,6335.522662523952
21159,6919.653401762292
21160,5890.147930935631
21161,7018.405004970916
21162,6491.193616549927
21163,6261.667719096415
21164,6816.795643368216
21165,5835.831718864386
21166,6332.206923584792
21167,5641.664621304936
21168,6370.008741833892
21169,6533.4131108776655
21170,6371.961258154628
21171,6904.61755687291
21172,6865.675222638365
21173,6458.320571531522
21174,6460.22264423193
21175,7432.421880032811
21176,6335.644905165329
21177,7377.305787039791
21178,6477.731845928854
21179,6843.7383292857585
21180,6864.460849180539
21181,6396.149962879247
21182,6390.136940426231
21183,7003.975260532406
21184,6903.193488029101
21185,6916.818429786631
21186,5943.98943018741
21187,6360.361309947487
21188,5739.713445201383
21189,6999.197572006671
21190,6461.31551624526
21191,6956.203951534038
21192,5827.924071651005
21193,5741.957695344962
21194,6476.422985380291
21195,6854.06694937305
21196,6790.800153536307
21197,7004.347101212552
21198,5952.373954863624
21199,6506.533642414759
21200,6309.47553868437
21201,6417.725789082302
21202,5953.952205459643
21203,6574.293048906271
21204,5838.029757216085
21205,5846.639776117419
21206,6370.47900819006
21207,7087.568776210272
21208,6788.451189293365
21209,6446.746739638734
21210,6832.922247705253
21211,5915.216626411151
21212,7018.771732895047
21213,5769.157344849614
21214,6865.917535365035
21215,6351.801897034697
21216,6969.996918985591
21217,6366.24158315606
21218,6483.920179387991
21219,5773.483613636678
21220,6856.494626466972
21221,5813.500863009151
21222,7006.975318002159
21223,6394.129684006088
21224,6957.209397249728
21225,6501.8236135937195
21226,6988.761164436974
21227,6811.720434738428
21228,6905.407021285848
21229,5825.272896870986
21230,5928.870000452579
21231,5834.169317239912
21232,6853.089008242034
21233,6213.2058847602875
21234,6831.335265923435
21235,7009.542413471077
21236,7398.509772562699
21237,6446.635384307637
21238,5986.016606559865
21239,7069.059241553672
21240,6390.564789671051
21241,6954.665693004797
21242,6789.577727122537
21243,6921.158043555517
21244,6903.315730670478
21245,7433.7054277672705
21246,5933.57987713108
21247,6496.077196128635
21248,6934.118703741418
21249,7051.644777913452
21250,6902.154425577395
21251,6459.379156627821
21252,6955.538928765528
21253,6831.94647913032
21254,6548.499851575707
21255,5958.964153756103
21256,6440.791177008989
21257,6562.012776203888
21258,5828.005551163385
21259,6282.540749085768
21260,6429.009447104778
21261,6900.931999163625
21262,6448.240331283419
21263,6969.762659214866
21264,6903.437973311855
21265,6300.355557386135
21266,5761.789564010401
21267,6359.363702078178
21268,6916.143922702973
21269,6989.532350381936
21270,5829.413980192089
21271,6450.619285124765
21272,6495.349866356748
21273,5826.98879410284
21274,6365.454737756327
21275,6924.767141676071
21276,6493.332862774027
21277,7029.997604877681
21278,5758.412856573328
21279,6326.6334075075565
21280,6760.483593584456
21281,6380.462234486349
21282,6883.934162367437
21283,6942.874390867923
21284,6333.742603451576
21285,6462.883077760289
21286,5808.248119145309
21287,5868.761800466596
21288,6977.270356147528
21289,6902.276668218772
21290,6226.998206845193
21291,7434.56112625691
21292,6988.432166609543
21293,6415.768765021452
21294,6703.289615668303
21295,6251.233993247219
21296,6842.268973141236
21297,6427.227356572146
21298,6333.876111351057
21299,6477.991411281203
21300,6219.212802273189
21301,6440.839873814599
21302,6285.081490497909
21303,6211.311123818943
21304,6822.13305600322
21305,6218.894351144513
21306,6832.313207054451
21307,5964.398854972972
21308,6497.36686993947
21309,6488.382035798255
21310,5799.721717952633
21311,6441.354685573112
21312,6188.196393719998
21313,6509.871435098998
21314,6308.173533212074
21315,6768.822848576814
21316,6463.933507522838
21317,6973.674423738933
21318,7399.365471052339
21319,6245.508980157395
21320,6397.093085485021
21321,6769.03009249251
21322,6463.482326342952
21323,6409.221537460144
21324,6853.944706731673
21325,6224.6431242284
21326,6866.645815469006
21327,6372.370433850558
21328,6885.779024388881
21329,7025.617320812164
21330,7129.798496050039
21331,6828.0958359269425
21332,6401.250294822928
21333,6904.954783928281
21334,6322.943796427996
21335,6935.94429040613
21336,6414.780598378407
21337,7434.316640974155
21338,6344.334421203408
21339,6839.72840950236
21340,5911.168743493285
21341,5928.827501419449
21342,5902.509182693804
21343,6310.135763677665
21344,6780.729752593254
21345,5952.057444518297
21346,6440.851147801782
21347,6259.432515308498
21348,6276.086825224093
21349,6212.8217732042
21350,6423.852924328692
21351,6493.088377491273
21352,6425.551605261193
21353,6455.204432651561
21354,6943.796323434265
21355,6868.907304334482
21356,6536.408055591404
21357,6433.937942242301
21358,6985.3383704784155
21359,6320.016469356621
21360,6996.706936126484
21361,7432.666365315565
21362,5930.385762593851
21363,6483.064480898352
21364,6961.439934089196
21365,6329.068639838971
21366,7379.2616693018235
21367,6404.9096777453
21368,6309.096051154655
21369,6492.1006139567335
21370,6744.81800827085
21371,5844.024403853045
21372,6884.178647650192
21373,5843.731535718925
21374,5941.718987328716
21375,6289.156417429354
21376,6256.914431625989
21377,6203.872589435968
21378,6950.0306981444965
21379,5953.973980080203
21380,6507.319419699674
21381,6973.84756218897
21382,6354.941285221661
21383,6013.27160283094
21384,6371.050000295572
21385,7236.518158121162
21386,6845.278679265665
21387,6258.393452856793
21388,6974.407879587196
21389,6280.210361043633
21390,6297.973225876547
21391,6349.3164142612695
21392,6686.629865608712
21393,6386.6402655413995
21394,5867.035365480053
21395,5922.816206141487
21396,5929.764178964879
21397,7076.943891922494
21398,6978.309418599233
21399,7429.915905884581
21400,6389.2883400661085
21401,136.01224366126826
21402,0.0
21403,617.6626843892218
21404,79.96910534589097
21405,680.5769744017871
21406,124.46031405113445
21407,344.09409334930115
21408,58.49684823532425
21409,49.32803189259721
21410,0.0
21411,114.90348574106793
21412,690.8402435214475
21413,78.14783024990265
21414,0.0
21415,525.701819768763
21416,0.0
21417,136.80170807420473
21418,207.18179608255923
21419,630.6836982519653
21420,11.342261097133814
21421,697.5635887971866
21422,11.801003505453082
21423,650.9280211118303
21424,0.0
21425,738.4435268257921
21426,0.0
21427,578.6034784677631
21428,226.3239918588597
21429,0.0
21430,50.122609061548246
21431,123.60939322700233
21432,562.4204116661349
21433,0.0
21434,209.32203919541644
21435,0.0
21436,520.7699838506251
21437,208.66504293588514
21438,565.0627910564608
21439,69.82807886760747
21440,0.0
21441,611.3511417353338
21442,489.57796000611324
21443,84.78280060750058
21444,107.03900256712859
21445,329.9801810262634
21446,166.92940641764108
21447,78.57427949745852
21448,0.0
21449,0.0
21450,1197.8582048912303
21451,544.3111335419762
21452,156.96052150063588
21453,681.2441961733466
21454,0.0
21455,0.0
21456,665.0572717029127
21457,577.7679728037319
21458,484.4591073363181
21459,660.1980108324315
21460,29.371326523066273
21461,159.16699869019612
21462,131.11231249415596
21463,0.0
21464,0.0
21465,162.89539925219742
21466,620.8003227683948
21467,86.05751110024994
21468,0.0
21469,506.39872126357477
21470,0.0
21471,49.75588113741651
21472,0.0
21473,621.4675445399535
21474,0.0
21475,14.130520824325686
21476,69.86874916423858
21477,82.9937982162528
21478,0.0
21479,63.691570412954206
21480,131.9782364958246
21481,661.7567203857316
21482,619.2876280192249
21483,479.58962095380866
21484,104.74396866174084
21485,133.81187611648147
21486,511.53073964532723
21487,182.17931825213873
21488,122.68779575116696
21489,653.260856810025
21490,787.2030024672049
21491,0.0
21492,6057.265646622506
21493,224.3681095968259
21494,0.0
21495,0.0
21496,8.73729062145685
21497,0.0
21498,0.0
21499,574.1618148831076
21500,109.86080883083014
21501,0.0
21502,0.0
21503,0.0
21504,0.0
21505,14.299330804113197
21506,88.49471707822158
21507,172.7970532037407
21508,72.3391657718521
21509,609.5488870056888
21510,49.511395854662624
21511,90.38993238940384
21512,658.6293075185868
21513,0.0
21514,587.6470031751332
21515,168.57968207623162
21516,0.0
21517,610.4657068160168
21518,0.0
21519,639.2691871283623
21520,58.62901612795031
21521,198.69204215162426
21522,534.8790841483496
21523,764.0431346822616
21524,103.76729584147506
21525,0.0
21526,0.0
21527,584.0631337441446
21528,102.81314101536191
21529,0.0
21530,0.0
21531,163.32324849701672
21532,32.02174414452111
21533,0.0
21534,154.2161717144245
21535,156.41653925921128
21536,1108.218791221212
21537,108.32428538935983
21538,0.0
21539,41.849207710012706
21540,120.35496005297318
21541,689.06772522148
21542,0.0
21543,592.4960385335853
21544,0.0
21545,144.25339644219184
21546,0.0
21547,0.0
21548,218.1746633816747
21549,576.6066677106492
21550,0.0
21551,1109.8079455591142
21552,225.09645268907389
21553,0.0
21554,115.84732059006456
21555,0.0
21556,715.0951823227697
21557,0.0
21558,466.614448356665
21559,137.46892984576425
21560,5672.75198764618
21561,0.0
21562,583.1547019802683
21563,67.65517637310677
21564,0.0
21565,50.30597302361366
21566,50.061487740859775
21567,160.20606114190105
21568,446.7590059893155
21569,258.6469449910692
21570,137.6625193198597
21571,592.4451427249269
21572,0.0
21573,577.0345169554694
21574,164.97352415560727
21575,17.292091234821783
21576,15.769816340270154
21577,634.313247396577
21578,83.25143748402115
21579,167.90734754865753
21580,152.74926001789936
21581,0.0
21582,49.26691057190874
21583,1107.424214052261
21584,1106.3851516005561
21585,0.0
21586,0.0
21587,0.0
21588,702.8200223764015
21589,204.50368037305088
21590,364.13817377639316
21591,526.3864416038814
21592,565.0627910564608
21593,0.0
21594,1109.0744897108516
21595,0.0
21596,434.40724154415784
21597,0.0
21598,188.6272850816249
21599,418.02796625523115
21600,0.0
21601,6493.189854678123
21602,5856.936193999848
21603,192.4528128838274
21604,0.0
21605,271.4773095796472
21606,241.04400463276943
21607,1128.6281995751706
21608,0.0
21609,658.9960354427176
21610,5414.992228119581
21611,66.54506482151828
21612,83.07754440336612
21613,743.4401368542094
21614,149.6433466499666
21615,0.0
21616,632.5407290966095
21617,0.0
21618,0.0
21619,164.72903887285338
21620,0.0
21621,0.0
21622,50.274369003288484
21623,189.77855484312659
21624,195.89068691198008
21625,0.0
21626,0.0
21627,129.71674763034935
21628,58.194576912726916
21629,6088.035234708914
21630,474.1244744824153
21631,754.630451296226
21632,0.0
21633,0.0
21634,167.5406196245258
21635,204.93630728337757
21636,0.0
21637,0.0
21638,0.0
21639,5688.883687837706
21640,1106.9963648074418
21641,181.7614363208986
21642,0.0
21643,527.7532216563786
21644,106.60777565406624
21645,0.0
21646,477.37458436077395
21647,1074.1844411097245
21648,37.79460461045346
21649,567.5068426967109
21650,0.0
21651,160.328303783278
21652,0.0
21653,495.9716108264429
21654,464.71071699049935
21655,777.3013485156607
21656,40.68031575776968
21657,5648.234285094131
21658,578.6236712933714
21659,117.25744346057036
21660,143.25040069552142
21661,39.98393993490208
21662,661.4408882702592
21663,542.9390455232933
21664,67.34769494641387
21665,0.0
21666,520.6740952660248
21667,0.0
21668,661.3797669495707
21669,40.697844299783355
21670,0.0
21671,0.0
21672,0.0
21673,124.95033309179598
21674,5846.713189790448
21675,648.1317786282007
21676,633.5746787922999
21677,0.0
21678,108.26827682468502
21679,684.1168982457084
21680,1109.0744897108516
21681,0.0
21682,0.0
21683,659.0062609547476
21684,226.92907898936846
21685,728.4756387975458
21686,0.0
21687,170.00514321478113
21688,35.50238713119961
21689,29.94049185859967
21690,500.9036541729947
21691,679.904639874213
21692,138.93584154228938
21693,0.0
21694,1109.0133683901631
21695,115.78108651336152
21696,175.42493490284141
21697,16.806248051824696
21698,165.64585868318136
21699,652.0944389609276
21700,0.0
21701,166.50155717282087
21702,752.7356903548816
21703,113.14264421172538
21704,246.5449234947382
21705,515.7048105524163
21706,11.592609061862277
21707,0.0
21708,149.08198077658653
21709,45.24037351411698
21710,0.0
21711,74.92488434469033
21712,0.0
21713,0.0
21714,416.15306304898877
21715,0.0
21716,659.1182780840945
21717,132.98885425644949
21718,1070.822768471855
21719,0.0
21720,722.1190214459375
21721,700.2478141514684
21722,449.0673716529809
21723,0.0
21724,515.0150923928868
21725,141.779954013512
21726,693.2239750283006
21727,156.2270656523733
21728,701.9032025660736
21729,578.2569433692397
21730,464.9346795318397
21731,0.0
21732,30.888349742485843
21733,578.6368370053306
21734,683.2000784353795
21735,610.5187751807607
21736,6104.91494473098
21737,0.0
21738,574.222936203796
21739,0.0
21740,163.99558302459081
21741,48.166726799514436
21742,578.3180646899282
21743,0.0
21744,665.9129701925522
21745,650.8771253031709
21746,463.34936963920154
21747,0.0
21748,0.0
21749,6.547293498755607
21750,5896.165183555557
21751,628.3233579690996
21752,1110.2969161246228
21753,50.50829368350787
21754,158.73914944537592
21755,0.0
21756,152.8390389577262
21757,154.03280775235817
21758,697.7927358118986
21759,763.187436192622
21760,639.7274811577854
21761,642.99247493435
21762,1110.847008010819
21763,0.0
21764,662.2405781952248
21765,579.479369783011
21766,543.2446521267357
21767,9.852662015829083
21768,132.8138870699131
21769,694.7926783421453
21770,77.92072859910422
21771,0.0
21772,114.81441936952797
21773,746.6897923627312
21774,82.18701016177056
21775,69.30262238201976
21776,0.0
21777,61.62614512471828
21778,0.0
21779,700.9863827557447
21780,26.643067923930175
21781,433.1848151303866
21782,0.0
21783,665.2406356649781
21784,109.79364705490116
21785,1106.1406663178013
21786,0.0
21787,0.0
21788,151.05859147561114
21789,156.0437016903079
21790,0.0
21791,660.3407044978658
21792,131.18365932687357
21793,5815.6499044390675
21794,108.88286769981369
21795,0.0
21796,545.8043992952789
21797,573.3650651580729
21798,116.05268129987053
21799,0.0
21800,121.6497817746149
21801,0.0
21802,0.0
21803,6074.40518019537
21804,728.7201240802997
21805,26.936527425228633
21806,596.1735432869273
21807,6248.8352039284355
21808,686.1950231491182
21809,686.4446211878876
21810,674.4597295769181
21811,0.0
21812,211.16590432810153
21813,66.41006257455683
21814,0.0
21815,662.9455300634863
21816,63.67236274915649
21817,588.494406450689
21818,1107.1797287695072
21819,0.0
21820,83.64661009923202
21821,88.1736272966773
21822,19.283623869837356
21823,777.0568632329068
21824,696.5856476661702
21825,1128.689320895859
21826,661.7567203857316
21827,0.0
21828,0.0
21829,703.4923569039756
21830,0.0
21831,578.2569433692397
21832,250.33444537742707
21833,92.05578857417822
21834,6352.435842495512
21835,0.0
21836,28.594277896128915
21837,1110.174673483246
21838,0.0
21839,0.0
21840,0.0
21841,507.31554107390275
21842,0.0
21843,150.08065034459378
21844,0.0
21845,152.56589605583395
21846,0.0
21847,131.6389275352285
21848,5804.366745451688
21849,0.0
21850,1199.3251165877546
21851,45.93475523440247
21852,579.0515205381907
21853,0.0
21854,1161.990215159085
21855,1056.0976429419306
21856,431.2791668787613
21857,686.1134508043724
21858,481.3409738838536
21859,67.51024634695023
21860,77.49287935428401
21861,181.77677458894232
21862,580.1290807304431
21863,0.0
21864,0.0
21865,0.0
21866,0.0
21867,0.0
21868,0.0
21869,183.90068254499784
21870,0.0
21871,682.8048465312468
21872,0.0
21873,44.408199431577486
21874,557.4808070911513
21875,109.17774833463773
21876,650.2556865842562
21877,0.0
21878,130.48601921767568
21879,579.6016124243879
21880,696.0049951196288
21881,0.0
21882,632.8463357000519
21883,0.0
21884,757.9310026134071
21885,697.5024674764982
21886,0.0
21887,127.97164829391659
21888,248.19519915332876
21889,0.0
21890,0.0
21891,71.15888686910057
21892,45.929642478388814
21893,60.53763812294983
21894,661.685373553014
21895,456.5174690268941
21896,596.2141505952814
21897,0.0
21898,0.0
21899,50.67270094774449
21900,540.3108287336854
21901,719.0018340908218
21902,0.0
21903,578.562549972683
21904,136.30149867630644
21905,358.69837623511285
21906,0.0
21907,560.7664693355473
21908,550.1160812368571
21909,241.11023870947156
21910,0.0
21911,697.746952759252
21912,172.91929584511763
21913,698.4701830954864
21914,0.0
21915,33.84231469981387
21916,657.600470578911
21917,0.0
21918,0.0
21919,236.80841432620764
21920,0.0
21921,0.0
21922,0.0
21923,6049.844971197757
21924,0.0
21925,0.0
21926,13.432465879675874
21927,417.45399441540394
21928,494.07684988509845
21929,0.0
21930,693.8963095558747
21931,34.0058721881087
21932,579.1737631795677
21933,134.44893051637155
21934,561.6981782186604
21935,30.074832307310317
21936,489.88088460807376
21937,0.0
21938,1108.5243978246544
21939,0.0
21940,0.0
21941,511.4263181042179
21942,0.0
21943,0.0
21944,597.1383187059855
21945,0.0
21946,0.0
21947,693.1017323869237
21948,0.0
21949,0.0
21950,0.0
21951,452.8568935356707
21952,0.0
21953,0.0
21954,562.298169024758
21955,190.5782447680922
21956,132.2063701901734
21957,46.29900987174824
21958,40.280220566991375
21959,579.479369783011
21960,0.0
21961,674.7653361803614
21962,621.4624317839398
21963,238.29865795779915
21964,0.0
21965,673.7822822933304
21966,0.0
21967,6144.195502909654
21968,6435.69003017825
21969,16.745126731135315
21970,58.570079090291074
21971,34.85318263129648
21972,620.7494269597346
21973,98.86284520730442
21974,211.7108834582832
21975,638.0925437672367
21976,684.055776925019
21977,0.0
21978,208.30323758731993
21979,0.0
21980,0.0
21981,0.0
21982,522.28515188658
21983,65.22025350147305
21984,471.2568390793167
21985,563.88732336266
21986,689.7400597490532
21987,607.7712559497068
21988,0.0
21989,46.09607200375649
21990,585.1410290269032
21991,0.0
21992,33.22179794411932
21993,650.8057784704533
21994,630.880227925989
21995,659.0673822754361
21996,5971.631830286943
21997,1164.0683400624957
21998,17.620245487565626
21999,699.5194710592205
22000,578.562549972683
22001,1071.5562243201175
22002,0.0
22003,0.0
22004,0.0
22005,48.45826665372533
22006,0.0
22007,0.0
22008,525.2186401891231
22009,651.1113850738957
22010,566.178313096897
22011,196.619030004229
22012,0.0
22013,162.89539925219742
22014,11.441816353731156
22015,595.5725555920708
22016,0.0
22017,694.324158800694
22018,167.1127703797065
22019,0.0
22020,492.7147971979948
22021,0.0
22022,8.126077414571228
22023,0.0
22024,45.927895663669915
22025,209.33226470744557
22026,47.88041198440715
22027,580.5367107026896
22028,541.5943764681451
22029,134.23972536130077
22030,136.14179806170887
22031,1108.341033862589
22032,11.564058995108098
22033,1053.2249408695689
22034,153.65099975863268
22035,519.6574831155385
22036,540.3800030103184
22037,72.06911670902537
22038,66.0560942560096
22039,679.8944143621848
22040,579.1126418588792
22041,592.7375836164101
22042,0.0
22043,36.28046377726696
22044,0.0
22045,675.1167258364503
22046,137.2346700750395
22047,632.1231053638185
22048,0.0
22049,0.0
22050,152.34213921006994
22051,529.9861032028293
22052,466.71930736608647
22053,680.2662550423302
22054,0.0
22055,182.45279624453815
22056,0.0
22057,93.6449429120803
22058,0.0
22059,250.21220273605013
22060,0.0
22061,0.0
22062,46.39816201983831
22063,763.4879300400507
22064,464.37034312314427
22065,122.66589346851288
22066,6157.846008447256
22067,0.0
22068,694.6908867248258
22069,0.0
22070,6190.841296107039
22071,27.72105086447573
22072,645.9160728153702
22073,42.16073698583932
22074,159.83933321777022
22075,0.0
22076,532.4137802967507
22077,0.0
22078,682.8944718319372
22079,70.04883783586774
22080,633.1285510795069
22081,177.74276742349866
22082,664.6803182667518
22083,487.6395885682059
22084,581.326175115626
22085,0.0
22086,0.0
22087,0.0
22088,529.0081620718129
22089,0.0
22090,507.2544197532143
22091,685.4615673008557
22092,1074.4289263924784
22093,122.55453813741588
22094,0.0
22095,744.9783953834522
22096,66.48394350082981
22097,630.5848468345757
22098,465.4968809523152
22099,597.0771973852961
22100,579.2348845002562
22101,1109.6245815970487
22102,0.0
22103,171.9963499584137
22104,610.0378575711966
22105,727.5639317432315
22106,578.0735794071743
22107,135.29831045760147
22108,631.4580825953071
22109,507.865632960099
22110,224.41900540548613
22111,0.0
22112,116.71033083876773
22113,237.9319300336674
22114,0.0
22115,0.0
22116,104.92860093455783
22117,576.851152993403
22118,124.15948511319857
22119,645.6818130446454
22120,579.357127141634
22121,5625.279318128139
22122,0.0
22123,35.28285590795713
22124,592.0630765327523
22125,665.4515042117164
22126,0.0
22127,126.5384389545452
22128,171.2690201865271
22129,0.0
22130,41.373891586105856
22131,600.6862955058505
22132,169.2520166038048
22133,705.9167587074598
22134,0.0
22135,2.5525613373356464
22136,6085.407354326459
22137,56.38138831612923
22138,559.8533161972164
22139,618.7935446977017
22140,9.661757281353857
22141,138.8022315900671
22142,0.0
22143,0.0
22144,653.1895099773064
22145,578.1958220485512
22146,0.0
22147,1110.4802800866883
22148,664.3513204393221
22149,91.6879188512321
22150,379.2087694980819
22151,0.0
22152,518.1881269710138
22153,103.1465104019253
22154,9.795265180835486
22155,153.91056511098122
22156,0.0
22157,116.75902764437797
22158,0.0
22159,0.0
22160,498.05220983300023
22161,0.0
22162,508.23236088423073
22163,0.0
22164,173.28602376924846
22165,164.30118962803317
22166,0.0
22167,117.2738394028911
22168,0.0
22169,185.79058892877674
22170,0.0
22171,444.7420024065932
22172,139.85266135261736
22173,649.5935775687121
22174,1075.284624882118
22175,0.0
22176,73.01223931480126
22177,444.9492463222896
22178,139.40148017273168
22179,85.14069128992196
22180,529.8638605614524
22181,0.0
22182,542.5649692987863
22183,48.28958768033772
22184,561.6981782186604
22185,701.5364746419418
22186,805.717649879818
22187,504.01498975672166
22188,77.1694486527067
22189,580.8739377580605
22190,0.0
22191,611.8634442359089
22192,90.6997522081856
22193,1110.2357948039344
22194,20.25357503318719
22195,515.6475633321388
22196,0.0
22197,0.0
22198,0.0
22199,0.0
22200,6105.653513335257
22201,0.0
22202,116.77030163156178
22203,0.0
22204,0.0
22205,0.0
22206,99.77207815847123
22207,169.00753132105092
22208,101.47075909097111
22209,131.12358648133886
22210,619.7154772640442
22211,544.8264581642616
22212,212.3272094211834
22213,109.85709607208082
22214,661.2575243081938
22215,0.0
22216,672.6260899562621
22217,1108.5855191453438
22218,0.0
22219,158.9836347281307
22220,637.3590879189742
22221,4.987793668750783
22222,1055.1808231316027
22223,80.82883157507877
22224,0.0
22225,168.0197677865126
22226,420.7371621006296
22227,0.0
22228,560.0978014799712
22229,0.0
22230,0.0
22231,0.0
22232,0.0
22233,0.0
22234,625.9498519742756
22235,0.0
22236,183.23857352945197
22237,649.7667160187484
22238,30.860439051439243
22239,0.0
22240,46.96915412535145
22241,6561.4419188631655
22242,6170.202440007669
22243,0.0
22244,650.3270334169747
22245,0.0
22246,0.0
22247,25.235568091048663
22248,362.5490194384911
22249,62.55941937117859
22250,0.0
22251,0.0
22252,0.0
22253,752.8630457522731
22254,654.2285724290114
22255,1105.835059714359
22256,65.20749389588764
22257,5908.547375287436
22258,5134.246599844155
22259,6390.197816015389
22260,5852.504236972059
22261,6453.112106027955
22262,5896.995445677302
22263,6116.629224975469
22264,5831.031979861491
22265,5821.863163518764
22266,5468.458203987448
22267,5887.438617367236
22268,6463.375375147615
22269,5850.68296187607
22270,5426.285747799562
22271,6298.23695139493
22272,5332.718276511007
22273,5909.336839700372
22274,5979.716927708727
22275,6403.218829878133
22276,5783.877392723301
22277,6470.098720423355
22278,5784.336135131621
22279,6423.463152737999
22280,5405.645920912082
22281,6510.97865845196
22282,5693.194553771525
22283,6351.138610093931
22284,5998.859123485027
22285,5717.1988087012505
22286,5822.657740687715
22287,5896.14452485317
22288,6334.955543292303
22289,5364.308979587349
22290,5981.857170821584
22291,5266.8034061495555
22292,6293.305115476792
22293,5981.200174562053
22294,6337.5979226826275
22295,5842.363210493775
22296,5758.2749669441
22297,6383.8862733615015
22298,6262.11309163228
22299,5857.317932233668
22300,5879.574134193295
22301,6102.515312652431
22302,5939.464538043809
22303,5851.109411123625
22304,5703.213053779255
22305,5347.317252435935
22306,6970.393336517397
22307,6316.846265168144
22308,5929.4956531268035
22309,6453.779327799514
22310,5269.331559993372
22311,5203.54606797068
22312,6437.59240332908
22313,6350.3031044299
22314,6256.994238962486
22315,6432.733142458599
22316,5801.906458149234
22317,5931.702130316364
22318,5903.647444120324
22319,5461.787009607575
22320,5310.812485716834
22321,5935.430530878365
22322,6393.3354543945625
22323,5858.5926427264185
22324,5390.356636746728
22325,6278.9338528897415
22326,5371.994460132681
22327,5822.291012763584
22328,5207.811106173085
22329,6394.002676166122
22330,5611.791180126417
22331,5786.665652450493
22332,5842.403880790406
22333,5855.52892984242
22334,5605.240671753652
22335,5836.226702039121
22336,5904.513368121992
22337,6434.291852011898
22338,6391.822759645392
22339,6252.124752579976
22340,5877.279100287908
22341,5906.347007742648
22342,6284.065871271495
22343,5954.714449878306
22344,5895.222927377334
22345,6425.795988436192
22346,6559.738134093372
22347,5290.927837220484
22348,6180.796171336449
22349,5996.9032412229935
22350,5250.345787249647
22351,5208.741380229206
22352,5781.272422247624
22353,5294.786745512878
22354,5701.02910331305
22355,6346.696946509276
22356,5882.395940456998
22357,5230.40708272017
22358,5767.784277113748
22359,5394.329522591484
22360,5406.485843195444
22361,5786.834462430281
22362,5861.029848704389
22363,5945.332184829908
22364,5844.87429739802
22365,6382.084018631856
22366,5822.04652748083
22367,5862.925064015572
22368,6431.164439144754
22369,5293.86992570255
22370,6360.182134801302
22371,5941.114813702399
22372,5171.682647523496
22373,6383.000838442184
22374,5368.126433297348
22375,6411.80431875453
22376,5831.164147754117
22377,5971.227173777792
22378,6307.414215774517
22379,6536.578266308429
22380,5876.302427467642
22381,5263.429623977407
22382,5336.994130306338
22383,6356.598265370312
22384,5875.34827264153
22385,5718.67520771079
22386,5338.967234858665
22387,5935.858380123185
22388,5804.55687577069
22389,5259.067085081317
22390,5926.751303340592
22391,5928.95167088538
22392,6880.75392284738
22393,5880.8594170155275
22394,5304.117856554168
22395,5814.38433933618
22396,5892.890091679141
22397,6461.602856847648
22398,5749.929753343177
22399,6365.031170159754
22400,5719.60099794594
22401,5916.78852806836
22402,5306.707112504188
22403,5380.337852909823
22404,5990.709795007842
22405,6349.141799336818
22406,5704.421825751423
22407,6882.343077185282
22408,5997.6315843152415
22409,5713.061766558226
22410,5888.382452216232
22411,5200.507602195622
22412,6487.630313948937
22413,5281.280643097756
22414,6239.149579982833
22415,5910.004061471932
22416,5796.282512360123
22417,5599.804748312784
22418,6355.689833606436
22419,5840.190307999275
22420,5242.173414365929
22421,5822.841104649781
22422,5822.5966193670265
22423,5932.74119276807
22424,6219.294137615482
22425,6031.182076617236
22426,5910.197650946026
22427,6364.980274351094
22428,5745.027479079319
22429,6349.569648581637
22430,5937.508655781776
22431,5789.827222860989
22432,5788.304947966438
22433,6406.848379022744
22434,5855.786569110188
22435,5940.442479174825
22436,5925.284391644067
22437,5430.605161510359
22438,5821.8020421980755
22439,6879.95934567843
22440,6878.920283226724
22441,5232.086495998465
22442,5675.208007018386
22443,5729.5281228451895
22444,6475.355154002569
22445,5977.038811999218
22446,6136.673305402561
22447,6298.921573230049
22448,6337.5979226826275
22449,5302.912168405705
22450,6881.60962133702
22451,5671.792010928564
22452,6206.9423731703255
22453,5731.850733031354
22454,5961.162416707792
22455,6190.5630978814
22456,5227.947313131216
22457,6616.720379392066
22458,5980.466718713791
22459,5964.987944509995
22460,5281.654074771976
22461,6044.012441205816
22462,6013.579136258936
22463,6901.163331201338
22464,5210.928293528201
22465,6431.531167068886
22466,5538.5227528335245
22467,5839.080196447686
22468,5855.612676029534
22469,6515.975268480377
22470,5922.178478276134
22471,5676.796227455806
22472,6405.075860722776
22473,5391.090092594991
22474,5397.01886070178
22475,5937.264170499021
22476,5423.840894972021
22477,5705.258583974838
22478,5822.809500629457
22479,5962.313686469294
22480,5968.425818538148
22481,5717.972128137834
22482,5400.343937339239
22483,5902.251879256516
22484,5830.7297085388955
22485,6211.565759422857
22486,6246.659606108583
22487,6527.165582922395
22488,5720.283069255899
22489,5158.791161614228
22490,5940.075751250694
22491,5977.471438909545
22492,5427.258576174564
22493,5210.452777208485
22494,5340.716149801573
22495,5812.414212551649
22496,6879.531496433609
22497,5954.296567947066
22498,5296.70307364637
22499,6300.288353282546
22500,5879.142907280234
22501,5290.630495706057
22502,6249.909715986942
22503,6846.719572735892
22504,5810.329736236621
22505,6340.041974322879
22506,5346.124658303327
22507,5932.8634354094465
22508,5348.910313737457
22509,6268.5067424526105
22510,6237.245848616666
22511,6549.836480141828
22512,5813.215447383937
22513,5771.764809808074
22514,6351.158802919539
22515,5889.792575086738
22516,5915.785532321688
22517,5812.519071561071
22518,6433.976019896428
22519,6315.47417714946
22520,5839.8828265725815
22521,5249.227052907051
22522,6293.209226892192
22523,5738.667137242015
22524,6433.914898575738
22525,5813.232975925951
22526,5238.285836047213
22527,5255.546857630836
22528,5173.074638547672
22529,5897.4854647179645
22530,5970.243714504391
22531,6420.666910254369
22532,6406.1098104184675
22533,5726.405143007606
22534,5880.803408450853
22535,6456.652029871876
22536,6881.60962133702
22537,5743.163756211532
22538,5408.701986946508
22539,6431.541392580914
22540,5999.464210615536
22541,6501.010770423713
22542,5268.212124998376
22543,5942.540274840949
22544,5808.037518757367
22545,5802.475623484767
22546,6273.438785799161
22547,6452.4397715003815
22548,5911.470973168457
22549,5317.0368066973615
22550,6881.548500016332
22551,5888.316218139529
22552,5947.960066529009
22553,5789.341379677992
22554,5938.180990309349
22555,6424.629570587095
22556,5698.13406940244
22557,5939.036688798989
22558,6525.270821981049
22559,5885.677775837893
22560,6019.080055120905
22561,6288.239942178584
22562,5784.127740688029
22563,5336.589070477664
22564,5921.617112402755
22565,5817.775505140285
22566,5356.748426423015
22567,5847.460015970858
22568,5220.295193861591
22569,5413.897299205035
22570,6188.688194675156
22571,5667.786856267366
22572,6431.653409710263
22573,5905.523985882616
22574,6843.357900098023
22575,5755.540346237748
22576,6494.654153072105
22577,6472.782945777636
22578,6221.6025032791495
22579,5386.634423046624
22580,6287.550224019054
22581,5914.31508563968
22582,6465.759106654468
22583,5928.762197278541
22584,6474.438334192241
22585,6350.792074995408
22586,6237.469811158007
22587,5235.302210591048
22588,5803.4234813686535
22589,6351.171968631498
22590,6455.735210061548
22591,6383.053906806928
22592,6228.445469444923
22593,5307.481238649082
22594,6346.758067829965
22595,5453.121848819034
22596,5936.5307146507585
22597,5820.701858425682
22598,6350.853196316097
22599,5716.709838135742
22600,6438.44810181872
22601,6423.412256929339
22602,6235.884501265368
22603,5188.345981863382
22604,5344.695416713093
22605,5779.082425124923
22606,6019.6957082695
22607,6400.858489595267
22608,6882.8320477507905
22609,5823.0434253096755
22610,5931.2742810715445
22611,5639.890109172437
22612,5925.374170583895
22613,5926.567939378527
22614,6470.327867438065
22615,6535.72256781879
22616,6412.262612783952
22617,6415.527606560517
22618,6883.382139636988
22619,5391.03792526752
22620,6434.775709821393
22621,6352.014501409179
22622,6315.779783752903
22623,5782.387793641997
22624,5905.349018696081
22625,6467.327809968313
22626,5850.455860225272
22627,5357.809056066867
22628,5887.349550995696
22629,6519.224923988899
22630,5854.722141787938
22631,5841.837754008187
22632,5465.725128188419
22633,5834.161276750886
22634,5360.702821666726
22635,6473.521514381913
22636,5799.178199550098
22637,6205.719946756554
22638,5707.121389373748
22639,6437.775767291146
22640,5882.328778681069
22641,6878.67579794397
22642,5674.963521735631
22643,5223.951602224227
22644,5923.593723101778
22645,5928.5788333164755
22646,5365.16467807699
22647,6432.875836124033
22648,5903.718790953041
22649,5939.180429153011
22650,5881.41799932598
22651,5754.057595816591
22652,6318.339530921446
22653,6345.9001967842405
22654,5888.587812926039
22655,5760.356659696202
22656,5894.1849134007825
22657,5249.214735944358
22658,5707.748085758734
22659,6197.935704909312
22660,6501.255255706467
22661,5799.471659051395
22662,6368.708674913095
22663,6372.365728642379
22664,6458.730154775287
22665,6458.979752814055
22666,6446.994861203087
22667,5380.4130409797435
22668,5983.701035954269
22669,5838.9451942007245
22670,5694.515831602685
22671,6435.480661689653
22672,5836.207494375325
22673,6361.029538076856
22674,6879.714860395676
22675,5181.948100926187
22676,5856.1817417254
22677,5860.708758922846
22678,5791.818755496005
22679,6549.5919948590745
22680,6469.120779292338
22681,6901.224452522027
22682,6434.291852011898
22683,5368.098501470039
22684,5251.938815687961
22685,6476.027488530143
22686,5392.606045733073
22687,6350.792074995408
22688,6022.869577003595
22689,5864.590920200347
22690,6475.966367209455
22691,5762.459815081138
22692,5801.129409522297
22693,6882.7098051094135
22694,5382.821330670083
22695,5282.612731817183
22696,5767.397882451325
22697,6279.85067270007
22698,5320.637660865162
22699,5922.615781970761
22700,5311.656539482696
22701,5925.101027682002
22702,5736.347001158997
22703,5904.174059161396
22704,5927.897270165631
22705,5752.453747760932
22706,6971.860248213922
22707,5818.46988686057
22708,6351.586652164359
22709,5378.45593649371
22710,6934.525346785253
22711,6828.632774568098
22712,6203.814298504929
22713,6458.64858243054
22714,6253.876105510021
22715,5840.045377973118
22716,5850.028010980452
22717,5954.31190621511
22718,6352.664212356611
22719,5625.897039493511
22720,5712.655973235196
22721,5734.738145722998
22722,5313.107803451398
22723,5322.511015956022
22724,5757.978835926726
22725,5956.4358141711655
22726,5384.64704110859
22727,6455.339978157414
22728,5266.305919529063
22729,5816.943331057744
22730,6330.015938717319
22731,5881.712879960805
22732,6422.790818210425
22733,5431.49512680732
22734,5903.021150843844
22735,6352.136744050556
22736,6468.540126745797
22737,5352.636075646589
22738,6405.381467326219
22739,5385.450637997175
22740,6530.466134239576
22741,6470.037599102667
22742,5739.8141978126
22743,5900.506779920084
22744,6020.7303307794955
22745,5321.500352925006
22746,5648.602348430325
22747,5843.694018495268
22748,5818.4647741045555
22749,5833.0727697491175
22750,6434.220505179182
22751,6229.052600653062
22752,6368.749282221449
22753,5741.276570402402
22754,5195.97913373958
22755,5823.207832573912
22756,6312.845960359853
22757,6491.5369657169895
22758,5342.69734487771
22759,6351.097681598851
22760,5908.836630302473
22761,6131.2335078612805
22762,5757.550986681907
22763,6333.301600961715
22764,6322.651212863024
22765,6013.645370335639
22766,5326.199701047819
22767,6470.282084385421
22768,5945.454427471286
22769,6471.005314721654
22770,5620.386633318527
22771,5806.3774463259815
22772,6430.135602205079
22773,5267.5939867305815
22774,5410.841233170608
22775,6009.343545952375
22776,5715.423663475361
22777,5266.641609379637
22778,5279.144800172627
22779,6173.3754959117
22780,5430.6394283176805
22781,5385.170294913025
22782,5785.9675975058435
22783,6189.989126041572
22784,6266.611981511266
22785,5719.119745926107
22786,6466.431441182042
22787,5806.541003814276
22788,6351.708894805736
22789,5906.984062142538
22790,6334.233309844828
22791,5802.609963933478
22792,6262.416016234241
22793,5659.136812436049
22794,6881.059529450823
22795,5381.930864916532
22796,5676.002584187336
22797,6283.9614497303855
22798,5372.329250442579
22799,5335.488870273666
22800,6369.673450332153
22801,5263.48175844167
22802,5211.50073689231
22803,6465.636864013091
22804,5264.9697665288995
22805,5243.698953640332
22806,5357.981516287049
22807,6225.392025161838
22808,5699.154359951871
22809,5426.613686241253
22810,6334.8333006509265
22811,5963.11337639426
22812,5904.741501816341
22813,5818.834141497916
22814,5812.81535219316
22815,6352.014501409179
22816,5737.926535000773
22817,6447.300467806529
22818,6393.997563410107
22819,6010.833789583967
22820,5224.3138627589915
22821,6446.317413919498
22822,5201.711100070114
22823,6267.7260276235975
22824,6559.220554892193
22825,5789.280258357304
22826,5831.105210716459
22827,5807.388314257464
22828,6393.284558585902
22829,5871.397976833471
22830,5984.246015084452
22831,6410.627675393405
22832,6456.590908551188
22833,5307.318325711074
22834,5980.838369213488
22835,5366.644967618545
22836,5270.962956407496
22837,5346.041969790492
22838,6294.820283512749
22839,5837.75538512764
22840,6243.791970705484
22841,6336.422454988829
22842,6462.275191375222
22843,6380.306387575874
22844,5700.2733156265385
22845,5818.631203629924
22846,6357.676160653071
22847,5664.50061648538
22848,5805.756929570287
22849,6423.340910096622
22850,6403.415359552157
22851,6431.602513901603
22852,6095.162355000886
22853,6936.603471688663
22854,5790.155377113733
22855,6472.054602685388
22856,6351.097681598851
22857,6844.091355946284
22858,5738.673144834048
22859,5759.396735836842
22860,5722.502704454893
22861,5820.993398279893
22862,5742.753719337902
22863,5638.419323375501
22864,6297.753771815291
22865,6423.646516700064
22866,6338.713444723065
22867,5969.154161630397
22868,5165.326030171887
22869,5935.430530878365
22870,5783.976947979899
22871,6368.107687218238
22872,5338.602216391578
22873,6466.859290426863
22874,5939.647902005874
22875,5710.122004552361
22876,6265.249928824162
22877,5284.286004320333
22878,5780.661209040738
22879,5090.118906760883
22880,5818.463027289838
22881,5981.867396333613
22882,5820.415543610575
22883,6353.071842328857
22884,6314.129508094313
22885,5906.774856987468
22886,5908.6769296878765
22887,6880.876165488758
22888,5784.099190621276
22889,6825.760072495737
22890,5926.186131384801
22891,6292.192614741705
22892,6312.915134636486
22893,5844.604248335194
22894,5838.591225882178
22895,6452.429545988352
22896,6351.647773485048
22897,6365.272715242578
22898,5392.443715643357
22899,5808.815595403434
22900,5188.16773065733
22901,6447.651857462617
22902,5909.769801701207
22903,6404.658236989985
22904,5276.378357106952
22905,5190.411980800909
22906,5924.877270836238
22907,6302.521234828997
22908,6239.254438992254
22909,6452.801386668498
22910,5400.828240319571
22911,5954.987927870706
22912,5757.929824140317
22913,5866.180074538249
22914,5402.4064909155895
22915,6022.747334362218
22916,5286.484042672032
22917,5295.094061573366
22918,5818.933293646007
22919,6536.023061666218
22920,6236.905474749312
22921,5895.2010250946805
22922,6281.376533161199
22923,5363.670911867098
22924,6467.226018350993
22925,5217.6116303055605
22926,6314.371820820982
22927,5800.256182490643
22928,6418.451204441538
22929,5814.695868612007
22930,5932.374464843938
22931,5221.937899092624
22932,6304.948911922918
22933,5261.9551484650965
22934,6455.429603458105
22935,5842.5839694620345
22936,6405.663682705675
22937,5950.277899049666
22938,6437.21544989292
22939,6260.1747201943745
22940,6353.861306741794
22941,5273.727182326933
22942,5377.324285908526
22943,5282.623602695859
22944,6301.5432936979805
22945,5661.660170216234
22946,6279.789551379381
22947,6457.996698927023
22948,6846.964058018646
22949,5895.0896697635835
22950,5434.470892015812
22951,6517.513527009619
22952,5839.019075126997
22953,6403.119978460743
22954,6238.032012578484
22955,6369.612329011465
22956,6351.770016126425
22957,6882.159713223216
22958,5382.034162587027
22959,5944.531481584581
22960,6382.572989197365
22961,6500.0990633694
22962,6350.608711033343
22963,5907.833442083768
22964,6403.993214221475
22965,6280.400764586267
22966,5996.954137031654
22967,5407.41843921205
22968,5889.2454624649345
22969,6010.467061659835
22970,5276.459836619331
22971,5730.995034541715
22972,5877.463732560725
22973,6349.386284619572
22974,5896.694616739366
22975,6418.216944670812
22976,6351.892258767802
22977,5748.809842842082
22978,5210.2438494663475
22979,5807.817987534125
22980,6364.598208158919
22981,6437.986635837884
22982,5277.868265648036
22983,5899.073570580712
22984,5943.804151812695
22985,5275.443079558787
22986,5813.909023212274
22987,6373.221427132018
22988,5941.787148229973
22989,6478.4518903336275
22990,5206.867142029274
22991,5775.087692963503
22992,6208.937879040403
22993,5828.916519942296
22994,6332.388447823385
22995,6391.328676323869
22996,5782.196888907522
22997,5911.337363216235
22998,5256.702404601256
22999,5317.216085922542
23000,6425.724641603474
23001,6350.73095367472
23002,5675.4524923011395
23003,6883.015411712857
23004,6436.88645206549
23005,5864.223050477399
23006,6151.7439011242495
23007,5699.688278703165
23008,6290.7232585971815
23009,5875.681642028093
23010,5782.330396807003
23011,5926.44569673715
23012,5667.667087729135
23013,5889.294159270546
23014,5733.535775953856
23015,5659.765409274889
23016,6270.587341459167
23017,5667.34863660046
23018,6280.767492510398
23019,5412.853140428919
23020,5945.821155395417
23021,5936.836321254202
23022,5248.17600340858
23023,5889.808971029059
23024,5636.650679175945
23025,5958.325720554944
23026,5756.627818668021
23027,6217.277134032761
23028,5912.387792978785
23029,6422.12870919488
23030,6847.8197565082855
23031,5693.963265613342
23032,5845.547370940968
23033,6217.484377948457
23034,5911.936611798899
23035,5857.67582291609
23036,6302.39899218762
23037,5673.0974096843465
23038,6315.100100924953
23039,5820.824719306504
23040,6334.233309844828
23041,6474.0716062681095
23042,6578.252781505986
23043,6276.550121382888
23044,5849.704580278874
23045,6353.409069384228
23046,5771.398081883943
23047,6384.3985758620765
23048,5863.234883834353
23049,6882.770926430102
23050,5792.788706659355
23051,6288.1826949583065
23052,5359.623028949231
23053,5377.2817868753955
23054,5350.963468149751
23055,5758.5900491336115
23056,6229.1840380492
23057,5400.511729974244
23058,5889.3054332577285
23059,5707.886800764445
23060,5724.54111068004
23061,5661.276058660147
23062,5872.307209784639
23063,5941.5426629472195
23064,5874.005890717139
23065,5903.6587181075065
23066,6392.250608890212
23067,6317.361589790429
23068,5984.862341047351
23069,5882.3922276982485
23070,6433.792655934361
23071,5768.470754812568
23072,6445.16122158243
23073,6881.1206507715115
23074,5378.840048049798
23075,5931.518766354298
23076,6409.894219545143
23077,5777.5229252949175
23078,6827.71595475777
23079,5853.3639632012455
23080,5757.550336610601
23081,5940.55489941268
23082,6193.272293726797
23083,5292.478689308991
23084,6332.632933106139
23085,5292.185821174872
23086,5390.173272784663
23087,5737.610702885301
23088,5705.368717081936
23089,5652.3268748919145
23090,6398.484983600443
23091,5402.428265536149
23092,5955.7737051556205
23093,6422.301847644916
23094,5803.395570677607
23095,5461.725888286886
23096,5819.504285751519
23097,6684.972443577109
23098,6293.732964721612
23099,5706.84773831274
23100,6422.862165043141
23101,5728.664646499579
23102,5746.427511332494
23103,5797.770699717216
23104,6135.084151064659
23105,5835.094550997346
23106,5315.489650936
23107,5371.270491597434
23108,5378.2184644208255
23109,6525.398177378441
23110,6426.76370405518
23111,6878.3701913405275
23112,5837.742625522055
23113,7991.582071852423
23114,7217.281296409141
23115,8473.232512580376
23116,7935.5389335370455
23117,8536.14680259294
23118,7980.030142242288
23119,8199.663921540456
23120,7914.066676426477
23121,7904.897860083751
23122,7551.492900552435
23123,7970.473313932222
23124,8546.410071712602
23125,7933.717658441057
23126,7509.320444364548
23127,8381.271647959915
23128,7415.752973075994
23129,7992.371536265358
23130,8062.751624273713
23131,8486.25352644312
23132,7866.9120892882875
23133,8553.133416988341
23134,7867.370831696608
23135,8506.497849302985
23136,7488.680617477068
23137,8594.013355016947
23138,7776.229250336511
23139,8434.173306658917
23140,8081.893820050014
23141,7800.2335052662365
23142,7905.692437252702
23143,7979.179221418157
23144,8417.990239857289
23145,7447.343676152336
23146,8064.89186738657
23147,7349.838102714542
23148,8376.339812041779
23149,8064.23487112704
23150,8420.632619247614
23151,7925.397907058761
23152,7841.309663509086
23153,8466.920969926488
23154,8345.147788197266
23155,7940.352628798655
23156,7962.608830758282
23157,8185.550009217417
23158,8022.499234608795
23159,7934.144107688611
23160,7786.2477503442415
23161,7430.351949000922
23162,9053.428033082384
23163,8399.88096173313
23164,8012.5303496917895
23165,8536.814024364501
23166,7352.366256558359
23167,7286.580764535666
23168,8520.627099894067
23169,8433.337800994886
23170,8340.028935527473
23171,8515.767839023585
23172,7884.941154714221
23173,8014.736826881351
23174,7986.6821406853105
23175,7544.821706172562
23176,7393.84718228182
23177,8018.465227443352
23178,8476.370150959548
23179,7941.6273392914045
23180,7473.391333311715
23181,8361.968549454728
23182,7455.029156697668
23183,7905.325709328571
23184,7290.845802738072
23185,8477.037372731109
23186,7694.825876691403
23187,7869.700349015479
23188,7925.438577355393
23189,7938.563626407407
23190,7688.275368318639
23191,7919.261398604108
23192,7987.548064686978
23193,8517.326548576886
23194,8474.857456210379
23195,8335.159449144963
23196,7960.313796852894
23197,7989.381704307634
23198,8367.100567836482
23199,8037.749146443293
23200,7978.257623942321
23201,8508.830685001178
23202,8642.77283065836
23203,7373.96253378547
23204,8263.830867901435
23205,8079.9379377879795
23206,7333.380483814634
23207,7291.776076794193
23208,7864.3071188126105
23209,7377.821442077865
23210,7784.063799878037
23211,8429.731643074261
23212,7965.430637021984
23213,7313.441779285156
23214,7850.818973678734
23215,7477.36421915647
23216,7489.520539760431
23217,7869.869158995267
23218,7944.064545269376
23219,8028.366881394895
23220,7927.908993963007
23221,8465.118715196842
23222,7905.081224045816
23223,7945.959760580558
23224,8514.199135709741
23225,7376.904622267537
23226,8443.216831366288
23227,8024.149510267385
23228,7254.717344088483
23229,8466.035535007171
23230,7451.161129862334
23231,8494.839015319516
23232,7914.198844319104
23233,8054.261870342779
23234,8390.448912339503
23235,8619.612962873416
23236,7959.337124032629
23237,7346.464320542394
23238,7420.028826871324
23239,8439.632961935298
23240,7958.382969206516
23241,7801.709904275776
23242,7422.001931423651
23243,8018.893076688171
23244,7887.591572335677
23245,7342.101781646303
23246,8009.785999905578
23247,8011.986367450367
23248,8963.788619412368
23249,7963.8941135805135
23250,7387.152553119155
23251,7897.419035901166
23252,7975.924788244127
23253,8544.637553412635
23254,7832.964449908164
23255,8448.06586672474
23256,7802.635694510926
23257,7999.823224633346
23258,7389.741809069175
23259,7463.37254947481
23260,8073.744491572828
23261,8432.176495901804
23262,7787.45652231641
23263,8965.377773750268
23264,8080.666280880228
23265,7796.096463123213
23266,7971.417148781218
23267,7283.542298760609
23268,8570.665010513923
23269,7364.315339662742
23270,8322.184276547818
23271,7993.038758036919
23272,7879.317208925109
23273,7682.839444877771
23274,8438.724530171421
23275,7923.225004564261
23276,7325.208110930915
23277,7905.875801214767
23278,7905.631315932013
23279,8015.775889333056
23280,8302.32883418047
23281,8114.216773182223
23282,7993.232347511013
23283,8448.01497091608
23284,7828.062175644305
23285,8432.604345146625
23286,8020.543352346762
23287,7872.861919425975
23288,7871.339644531423
23289,8489.883075587732
23290,7938.821265675174
23291,8023.477175739812
23292,8008.319088209054
23293,7513.639858075345
23294,7904.836738763062
23295,8962.994042243416
23296,8961.95497979171
23297,7315.121192563451
23298,7758.242703583372
23299,7812.5628194101755
23300,8558.389850567557
23301,8060.0735085642045
23302,8219.708001967549
23303,8381.956269795035
23304,8420.632619247614
23305,7385.946864970691
23306,8964.644317902006
23307,7754.826707493551
23308,8289.977069735312
23309,7814.885429596341
23310,8044.197113272778
23311,8273.597794446385
23312,7310.982009696203
23313,8699.755075957053
23314,8063.501415278777
23315,8048.022641074982
23316,7364.688771336963
23317,8127.047137770802
23318,8096.613832823923
23319,8984.198027766324
23320,7293.962990093188
23321,8514.565863633872
23322,7621.5574493985105
23323,7922.114893012673
23324,7938.64737259452
23325,8599.009965045363
23326,8005.213174841121
23327,7759.830924020793
23328,8488.110557287762
23329,7474.124789159978
23330,7480.053557266767
23331,8020.298867064008
23332,7506.8755915370075
23333,7788.293280539825
23334,7905.844197194443
23335,8045.348383034281
23336,8051.460515103135
23337,7801.006824702821
23338,7483.378633904226
23339,7985.286575821503
23340,7913.7644051038815
23341,8294.600455987844
23342,8329.694302673568
23343,8610.20027948738
23344,7803.317765820886
23345,7241.825858179215
23346,8023.110447815681
23347,8060.506135474532
23348,7510.293272739551
23349,7293.487473773472
23350,7423.75084636656
23351,7895.448909116636
23352,8962.566192998596
23353,8037.331264512053
23354,7379.737770211356
23355,8383.323049847533
23356,7962.17760384522
23357,7373.665192271044
23358,8332.94441255193
23359,8929.754269300878
23360,7893.364432801607
23361,8423.076670887865
23362,7429.159354868314
23363,8015.8981319744325
23364,7431.945010302443
23365,8351.541439017597
23366,8320.280545181653
23367,8632.871176706814
23368,7896.250143948924
23369,7854.7995063730605
23370,8434.193499484525
23371,7972.827271651724
23372,7998.820228886674
23373,7895.553768126058
23374,8517.010716461413
23375,8398.508873714447
23376,7922.917523137568
23377,7332.261749472038
23378,8376.24392345718
23379,7821.701833807002
23380,8516.949595140726
23381,7896.267672490937
23382,7321.320532612199
23383,7338.581554195822
23384,7256.109335112658
23385,7980.5201612829505
23386,8053.278411069377
23387,8503.701606819355
23388,8489.144506983454
23389,7809.439839572593
23390,7963.838105015839
23391,8539.686726436863
23392,8964.644317902006
23393,7826.198452776518
23394,7491.736683511495
23395,8514.576089145901
23396,8082.498907180522
23397,8584.0454669887
23398,7351.246821563363
23399,8025.574971405935
23400,7891.072215322353
23401,7885.510320049754
23402,8356.473482364148
23403,8535.474468065368
23404,7994.505669733444
23405,7400.071503262348
23406,8964.583196581318
23407,7971.350914704515
23408,8030.994763093995
23409,7872.376076242979
23410,8021.215686874336
23411,8507.664267152082
23412,7781.168765967426
23413,8022.071385363975
23414,8608.305518546036
23415,7968.71247240288
23416,8102.114751685891
23417,8371.27463874357
23418,7867.162437253016
23419,7419.623767042651
23420,8004.651808967741
23421,7900.8102017052715
23422,7439.783122988002
23423,7930.494712535845
23424,7303.329890426578
23425,7496.931995770021
23426,8271.722891240144
23427,7750.821552832353
23428,8514.688106275249
23429,7988.558682447603
23430,8926.392596663009
23431,7838.575042802735
23432,8577.688849637092
23433,8555.817642342623
23434,8304.637199844135
23435,7469.66911961161
23436,8370.58492058404
23437,7997.349782204667
23438,8548.793803219454
23439,8011.796893843528
23440,8557.473030757228
23441,8433.826771560394
23442,8320.504507722993
23443,7318.336907156035
23444,7886.45817793364
23445,8434.206665196485
23446,8538.769906626534
23447,8466.088603371914
23448,8311.48016600991
23449,7390.515935214069
23450,8429.792764394952
23451,7536.156545384021
23452,8019.565411215745
23453,7903.736554990669
23454,8433.887892881085
23455,7799.744534700729
23456,8521.482798383706
23457,8506.446953494325
23458,8318.919197830355
23459,7271.380678428368
23460,7427.73011327808
23461,7862.117121689909
23462,8102.730404834487
23463,8483.893186160254
23464,8965.866744315777
23465,7906.0781218746615
23466,8014.3089776365305
23467,7722.924805737423
23468,8008.408867148881
23469,8009.602635943513
23470,8553.362564003053
23471,8618.757264383776
23472,8495.297309348938
23473,8498.562303125504
23474,8966.416836201974
23475,7474.072621832507
23476,8517.81040638638
23477,8435.049197974166
23478,8398.81448031789
23479,7865.422490206984
23480,7988.383715261068
23481,8550.3625065333
23482,7933.490556790259
23483,7440.843752631854
23484,7970.384247560682
23485,8602.259620553885
23486,7937.756838352925
23487,7924.872450573174
23488,7548.759824753406
23489,7917.195973315872
23490,7443.737518231713
23491,8556.5562109469
23492,7882.212896115085
23493,8288.754643321541
23494,7790.156085938735
23495,8520.810463856133
23496,7965.363475246056
23497,8961.710494508956
23498,7757.998218300618
23499,7306.986298789214
23500,8006.628419666765
23501,8011.6135298814625
23502,7448.199374641976
23503,8515.91053268902
23504,7986.753487518028
23505,8022.215125717997
23506,7964.452695890967
23507,7837.092292381576
23508,8401.374227486433
23509,8428.934893349227
23510,7971.622509491025
23511,7843.391356261188
23512,7977.219609965769
23513,7332.249432509345
23514,7790.78278232372
23515,8280.970401474298
23516,8584.289952271454
23517,7882.506355616382
23518,8451.743371478082
23519,8455.400425207365
23520,8541.764851340273
23521,8542.014449379041
23522,8530.029557768074
23523,7463.4477375447295
23524,8066.735732519255
23525,7921.979890765711
23526,7777.550528167671
23527,8518.51535825464
23528,7919.242190940311
23529,8444.064234641843
23530,8962.749556960662
23531,7264.982797491173
23532,7939.216438290387
23533,7943.743455487832
23534,7874.853452060992
23535,8632.62669142406
23536,8552.155475857326
23537,8984.259149087015
23538,8517.326548576886
23539,7451.133198035026
23540,7334.973512252947
23541,8559.06218509513
23542,7475.640742298059
23543,8433.826771560394
23544,8105.904273568582
23545,7947.625616765333
23546,8559.001063774442
23547,7845.494511646125
23548,7884.164106087283
23549,8965.7445016744
23550,7465.85602723507
23551,7365.64742838217
23552,7850.432579016311
23553,8362.885369265055
23554,7403.672357430149
23555,8005.650478535748
23556,7394.691236047682
23557,8008.135724246988
23558,7819.381697723984
23559,7987.208755726383
23560,8010.931966730617
23561,7835.488444325918
23562,9054.89494477891
23563,7901.504583425556
23564,8434.621348729346
23565,7461.490633058697
23566,9017.56004335024
23567,8911.667471133085
23568,8286.848995069915
23569,8541.683278995526
23570,8336.910802075008
23571,7923.080074538105
23572,7933.062707545439
23573,8037.346602780097
23574,8435.698908921597
23575,7708.931736058497
23576,7795.690669800183
23577,7817.772842287984
23578,7396.142500016384
23579,7405.545712521008
23580,7841.013532491713
23581,8039.4705107361515
23582,7467.681737673577
23583,8538.374674722401
23584,7349.34061609405
23585,7899.978027622731
23586,8413.050635282305
23587,7964.747576525791
23588,8505.825514775412
23589,7514.529823372307
23590,7986.05584740883
23591,8435.171440615542
23592,8551.574823310784
23593,7435.670772211576
23594,8488.416163891205
23595,7468.485334562161
23596,8613.500830804562
23597,8553.072295667653
23598,7822.8488943775865
23599,7983.54147648507
23600,8103.7650273444815
23601,7404.535049489992
23602,7731.637044995311
23603,7926.728715060254
23604,7901.4994706695425
23605,7916.1074663141035
23606,8517.255201744169
23607,8312.087297218048
23608,8451.783978786436
23609,7824.311266967388
23610,7279.013830304567
23611,7906.242529138899
23612,8395.88065692484
23613,8574.571662281976
23614,7425.732041442697
23615,8434.132378163838
23616,7991.87132686746
23617,8214.268204426267
23618,7840.585683246893
23619,8416.336297526701
23620,8405.685909428012
23621,8096.680066900626
23622,7409.234397612805
23623,8553.316780950407
23624,8028.489124036272
23625,8554.040011286641
23626,7703.421329883514
23627,7889.4121428909675
23628,8513.170298770065
23629,7350.628683295568
23630,7493.875929735595
23631,8092.378242517361
23632,7798.4583600403475
23633,7349.676305944623
23634,7362.179496737613
23635,8256.410192476687
23636,7513.6741248826675
23637,7468.204991478011
23638,7869.0022940708295
23639,8273.023822606558
23640,8349.646678076253
23641,7802.1544424910935
23642,8549.46613774703
23643,7889.575700379262
23644,8434.743591370723
23645,7990.018758707525
23646,8417.268006409815
23647,7885.644660498465
23648,8345.450712799227
23649,7742.171509001035
23650,8964.09422601581
23651,7464.965561481518
23652,7759.037280752323
23653,8366.996146295372
23654,7455.363947007565
23655,7418.523566838652
23656,8452.70814689714
23657,7346.5164550066565
23658,7294.535433457297
23659,8548.671560578077
23660,7348.004463093886
23661,7326.733650205319
23662,7441.016212852035
23663,8308.426721726824
23664,7782.189056516858
23665,7509.648382806239
23666,8417.867997215912
23667,8046.148072959246
23668,7987.776198381327
23669,7901.868838062903
23670,7895.850048758146
23671,8435.049197974166
23672,7820.96123156576
23673,8530.335164371516
23674,8477.032259975094
23675,8093.868486148953
23676,7307.348559323978
23677,8529.352110484484
23678,7284.745796635101
23679,8350.760724188583
23680,8642.25525145718
23681,7872.314954922291
23682,7914.139907281445
23683,7890.423010822451
23684,8476.31925515089
23685,7954.432673398457
23686,8067.280711649438
23687,8493.662371958391
23688,8539.625605116174
23689,7390.35302227606
23690,8063.873065778474
23691,7449.679664183532
23692,7353.997652972483
23693,7429.076666355479
23694,8377.854980077735
23695,7920.790081692627
23696,8326.82666727047
23697,8419.457151553815
23698,8545.309887940208
23699,8463.34108414086
23700,7783.308012191525
23701,7901.66590019491
23702,8440.710857218059
23703,7747.535313050367
23704,7888.791626135273
23705,8506.375606661608
23706,8486.450056117144
23707,8514.63721046659
23708,8178.197051565872
23709,9019.63816825365
23710,7873.190073678719
23711,8555.089299250374
23712,8434.132378163838
23713,8927.12605251127
23714,7821.707841399034
23715,7842.431432401829
23716,7805.53740101988
23717,7904.028094844879
23718,7825.788415902888
23719,7721.454019940488
23720,8380.788468380277
23721,8506.68121326505
23722,8421.748141288052
23723,8052.188858195383
23724,7248.360726736874
23725,8018.465227443352
23726,7867.011644544885
23727,8451.142383783224
23728,7421.636912956565
23729,8549.893986991849
23730,8022.682598570861
23731,7793.156701117348
23732,8348.28462538915
23733,7367.32070088532
23734,7863.695905605725
23735,7173.153603325869
23736,7901.4977238548245
23737,8064.902092898599
23738,7903.450240175562
23739,8436.106538893844
23740,8397.164204659299
23741,7989.809553552454
23742,7991.7116262528625
23743,8963.910862053744
23744,7867.133887186263
23745,8908.794769060723
23746,8009.220827949787
23747,8375.227311306691
23748,8395.949831201473
23749,7927.63894490018
23750,7921.625922447164
23751,8535.464242553338
23752,8434.682470050035
23753,8448.307411807564
23754,7475.478412208344
23755,7891.85029196842
23756,7271.202427222317
23757,8530.686554027603
23758,7992.804498266193
23759,8487.692933554972
23760,7359.4130536719385
23761,7273.446677365895
23762,8007.9119674012245
23763,8385.555931393985
23764,8322.28913555724
23765,8535.836083233484
23766,7483.862936884558
23767,8038.022624435693
23768,7840.964520705304
23769,7949.214771103235
23770,7485.4411874805755
23771,8105.782030927204
23772,7369.518739237019
23773,7378.128758138353
23774,7901.967990210993
23775,8619.057758231203
23776,8319.940171314298
23777,7978.2357216596665
23778,8364.411229726185
23779,7446.705608432085
23780,8550.26071491598
23781,7300.646326870547
23782,8397.406517385969
23783,7883.29087905563
23784,8501.485901006525
23785,7897.730565176993
23786,8015.409161408925
23787,7304.972595657611
23788,8387.983608487904
23789,7344.989845030083
23790,8538.464300023092
23791,7925.618666027021
23792,8488.698379270661
23793,8033.312595614652
23794,8520.250146457907
23795,8343.20941675936
23796,8436.89600330678
23797,7356.761878891919
23798,7460.358982473512
23799,7365.6582992608455
23800,8384.577990262967
23801,7744.69486678122
23802,8362.824247944369
23803,8541.03139549201
23804,8929.998754583634
23805,7978.1243663285695
23806,7517.505588580799
23807,8600.548223574606
23808,7922.053771691984
23809,8486.15467502573
23810,8321.06670914347
23811,8452.64702557645
23812,8434.804712691412
23813,8965.194409788204
23814,7465.068859152013
23815,8027.566178149567
23816,8465.607685762352
23817,8583.133759934386
23818,8433.643407598329
23819,7990.868138648754
23820,8487.027910786463
23821,8363.435461151254
23822,8079.98883359664
23823,7490.453135777036
23824,7972.280159029921
23825,8093.501758224822
23826,7359.494533184318
23827,7814.029731106701
23828,7960.498429125711
23829,8432.420981184558
23830,7979.729313304353
23831,8501.251641235798
23832,8434.926955332789
23833,7831.844539407068
23834,7293.2785460313335
23835,7890.852684099111
23836,8447.632904723905
23837,8521.02133240287
23838,7360.902962213023
23839,7982.108267145699
23840,8026.838848377682
23841,7358.477776123773
23842,7896.94371977726
23843,8456.256123697005
23844,8024.82184479496
23845,8561.486586898614
23846,7289.901838594261
23847,7858.122389528489
23848,8291.972575605389
23849,7911.951216507283
23850,8415.423144388371
23851,8474.363372888856
23852,7865.231585472508
23853,7994.372059781222
23854,7339.737101166243
23855,7400.250782487529
23856,8508.75933816846
23857,8433.765650239706
23858,7758.4871888661255
23859,8966.050108277843
23860,8519.921148630478
23861,7947.257747042386
23862,8234.778597689236
23863,7782.7229752681515
23864,8373.757955162167
23865,7958.71633859308
23866,7865.36509337199
23867,8009.480393302136
23868,7750.701784294121
23869,7972.3288558355325
23870,7816.5704725188425
23871,7742.800105839876
23872,8353.622038024154
23873,7750.383333165446
23874,8363.802189075384
23875,7495.887836993906
23876,8028.855851960403
23877,8019.871017819188
23878,7331.210699973566
23879,7972.843667594045
23880,7719.685375740931
23881,8041.360417119931
23882,7839.662515233007
23883,8300.311830597748
23884,7995.422489543771
23885,8505.163405759866
23886,8930.854453073272
23887,7776.997962178328
23888,7928.582067505954
23889,8300.519074513444
23890,7994.971308363885
23891,7940.7105194810765
23892,8385.433688752608
23893,7756.1321062493325
23894,8398.13479748994
23895,7903.859415871491
23896,8417.268006409815
23897,8557.106302833097
23898,8661.287478070972
23899,8359.584817947874
23900,7932.73927684386
23901,8436.443765949214
23902,7854.432778448929
23903,8467.433272427064
23904,7946.26958039934
23905,8965.805622995089
23906,7875.823403224341
23907,8371.217391523292
23908,7442.657725514218
23909,7460.316483440382
23910,7433.998164714738
23911,7841.624745698598
23912,8312.218734614187
23913,7483.546426539231
23914,7972.3401298227145
23915,7790.921497329432
23916,7807.575807245026
23917,7744.310755225133
23918,7955.341906349626
23919,8024.5773595122055
23920,7957.040587282126
23921,7986.693414672493
23922,8475.285305455198
23923,8400.396286355415
23924,8067.897037612338
23925,7965.4269242632345
23926,8516.82735249935
23927,7851.505451377554
23928,8528.195918147416
23929,8964.155347336498
23930,7461.8747446147845
23931,8014.553462919284
23932,8492.92891611013
23933,7860.5576218599035
23934,8910.750651322756
23935,7936.398659766232
23936,7840.585033175587
23937,8023.589595977666
23938,8276.306990291783
23939,7375.513385873978
23940,8415.667629671125
23941,7375.220517739859
23942,7473.20796934965
23943,7820.645399450287
23944,7788.403413646922
23945,7735.361571456901
23946,8481.51968016543
23947,7485.462962101135
23948,8038.808401720607
23949,8505.336544209902
23950,7886.430267242594
23951,7544.760584851873
23952,7902.538982316506
23953,8768.007140142096
23954,8376.767661286598
23955,7789.882434877727
23956,8505.89686160813
23957,7811.699343064566
23958,7829.462207897481
23959,7880.805396282203
23960,8218.118847629645
23961,7918.129247562332
23962,7398.524347500987
23963,7454.30518816242
23964,7461.2531609858115
23965,8608.432873943428
23966,8509.798400620166
23967,8961.404887905514
23968,7920.777322087042
23969,8115.112596566365
23970,7340.811821123084
23971,8596.763037294319
23972,8059.069458250988
23973,8659.677327306885
23974,8103.560666956231
23975,8323.194446254398
23976,8037.59720114042
23977,8028.428384797694
23978,7675.023425266378
23979,8094.003838646166
23980,8669.940596426546
23981,8057.248183154999
23982,7632.850969078492
23983,8504.802172673859
23984,7539.283497789937
23985,8115.902060979302
23986,8186.282148987656
23987,8609.784051157063
23988,7990.442614002231
23989,8676.663941702285
23990,7990.901356410551
23991,8630.028374016929
23992,7612.211142191011
23993,8717.543879730889
23994,7899.759775050454
23995,8557.703831372859
23996,8205.424344763956
23997,7923.76402998018
23998,8029.222961966645
23999,8102.709746132099
24000,8541.520764571233
24001,7570.874200866279
24002,8188.422392100513
24003,7473.3686274284855
24004,8499.870336755721
24005,8187.765395840983
24006,8544.163143961558
24007,8048.928431772705
24008,7964.840188223029
24009,8590.45149464043
24010,8468.67831291121
24011,8063.883153512598
24012,8086.139355472225
24013,8309.08053393136
24014,8146.029759322739
24015,8057.674632402554
24016,7909.778275058185
24017,7553.882473714865
24018,9176.958557796326
24019,8523.411486447072
24020,8136.060874405734
24021,8660.344549078443
24022,7475.896781272302
24023,7410.111289249609
24024,8644.15762460801
24025,8556.86832570883
24026,8463.559460241415
24027,8639.29836373753
24028,8008.471679428164
24029,8138.267351595294
24030,8110.212665399254
24031,7668.352230886505
24032,7517.377706995763
24033,8141.995752157294
24034,8599.900675673493
24035,8065.157864005348
24036,7596.921858025658
24037,8485.49907416867
24038,7578.559681411611
24039,8028.856234042514
24040,7414.376327452015
24041,8600.567897445051
24042,7818.356401405346
24043,7993.2308737294225
24044,8048.969102069335
24045,8062.0941511213505
24046,7811.805893032582
24047,8042.791923318051
24048,8111.078589400922
24049,8640.857073290828
24050,8598.38798092432
24051,8458.689973858905
24052,8083.844321566838
24053,8112.912229021578
24054,8490.631092550424
24055,8161.2796711572355
24056,8101.788148656264
24057,8632.361209715122
24058,8766.303355372302
24059,7497.4930584994145
24060,8387.36139261538
24061,8203.468462501924
24062,7456.911008528577
24063,7415.306601508136
24064,7987.837643526553
24065,7501.351966791808
24066,7907.594324591979
24067,8553.262167788205
24068,8088.961161735927
24069,7436.9723039991
24070,7974.349498392678
24071,7600.894743870414
24072,7613.051064474374
24073,7993.399683709211
24074,8067.595069983319
24075,8151.897406108838
24076,8051.439518676949
24077,8588.649239910786
24078,8028.611748759759
24079,8069.4902852945015
24080,8637.729660423684
24081,7500.43514698148
24082,8566.747356080232
24083,8147.680034981329
24084,7378.247868802426
24085,8589.566059721114
24086,7574.691654576277
24087,8618.36954003346
24088,8037.729369033046
24089,8177.792395056722
24090,8513.979437053447
24091,8743.143487587358
24092,8082.867648746571
24093,7469.994845256337
24094,7543.559351585267
24095,8563.163486649242
24096,8081.91349392046
24097,7925.24042898972
24098,7545.532456137595
24099,8142.423601402114
24100,8011.12209704962
24101,7465.632306360246
24102,8133.316524619522
24103,8135.516892164309
24104,9087.31914412631
24105,8087.424638294457
24106,7510.683077833097
24107,8020.949560615109
24108,8099.455312958071
24109,8668.168078126577
24110,7956.494974622107
24111,8571.596391438683
24112,7926.16621922487
24113,8123.35374934729
24114,7513.2723337831185
24115,7586.903074188753
24116,8197.27501628677
24117,8555.707020615748
24118,7910.987047030352
24119,9088.908298464212
24120,8204.19680559417
24121,7919.626987837156
24122,8094.947673495161
24123,7407.072823474552
24124,8694.195535227867
24125,7487.845864376686
24126,8445.714801261762
24127,8116.569282750862
24128,8002.847733639053
24129,7806.369969591713
24130,8562.255054885365
24131,8046.755529278204
24132,7448.738635644859
24133,8029.40632592871
24134,8029.1618406459565
24135,8139.306414046999
24136,8425.859358894413
24137,8237.747297896165
24138,8116.762872224956
24139,8571.545495630024
24140,7951.592700358249
24141,8556.134869860567
24142,8144.073877060705
24143,7996.392444139919
24144,7994.870169245367
24145,8613.413600301674
24146,8062.351790389117
24147,8147.007700453755
24148,8131.849612922997
24149,7637.170382789289
24150,8028.3672634770055
24151,9086.52456695736
24152,9085.485504505654
24153,7438.651717277395
24154,7881.773228297315
24155,7936.0933441241195
24156,8681.9203752815
24157,8183.604033278147
24158,8343.23852668149
24159,8505.486794508979
24160,8544.163143961558
24161,7509.4773896846345
24162,9088.17484261595
24163,7878.357232207494
24164,8413.507594449255
24165,7938.415954310283
24166,8167.727637986721
24167,8397.128319160329
24168,7434.512534410145
24169,8823.285600670995
24170,8187.03193999272
24171,8171.553165788925
24172,7488.2192960509055
24173,8250.577662484746
24174,8220.144357537865
24175,9107.728552480268
24176,7417.493514807131
24177,8638.096388347814
24178,7745.0879741124545
24179,8045.645417726616
24180,8062.177897308463
24181,8722.540489759307
24182,8128.743699555064
24183,7883.361448734736
24184,8611.641082001706
24185,7597.655313873921
24186,7603.58408198071
24187,8143.829391777951
24188,7630.40611625095
24189,7911.823805253768
24190,8029.374721908387
24191,8168.878907748223
24192,8174.991039817078
24193,7924.537349416764
24194,7606.909158618169
24195,8108.817100535445
24196,8037.294929817825
24197,8418.130980701786
24198,8453.224827387512
24199,8733.730804201325
24200,7926.848290534828
24201,7365.356382893158
24202,8146.6409725296235
24203,8184.036660188474
24204,7633.823797453494
24205,7417.017998487415
24206,7547.281371080503
24207,8018.979433830578
24208,9086.096717712539
24209,8160.861789225995
24210,7503.268294925299
24211,8506.853574561475
24212,8085.708128559163
24213,7497.1957169849875
24214,8456.474937265872
24215,9053.28479401482
24216,8016.894957515551
24217,8546.607195601808
24218,7552.689879582257
24219,8139.428656688377
24220,7555.475535016386
24221,8475.071963731541
24222,8443.811069895597
24223,8756.401701420758
24224,8019.780668662866
24225,7978.330031087004
24226,8557.72402419847
24227,8096.357796365668
24228,8122.350753600618
24229,8019.08429284
24230,8640.541241175357
24231,8522.039398428391
24232,8046.448047851511
24233,7455.79227418598
24234,8499.774448171122
24235,7945.232358520945
24236,8640.480119854668
24237,8019.79819720488
24238,7444.851057326142
24239,7462.112078909765
24240,7379.639859826602
24241,8104.050685996894
24242,8176.808935783321
24243,8627.2321315333
24244,8612.675031697398
24245,7932.970364286536
24246,8087.368629729783
24247,8663.217251150805
24248,9088.17484261595
24249,7949.728977490462
24250,7615.2672082254385
24251,8638.106613859843
24252,8206.029431894465
24253,8707.575991702643
24254,7474.777346277306
24255,8149.105496119879
24256,8014.602740036296
24257,8009.040844763697
24258,8480.004007078092
24259,8659.004992779312
24260,8118.036194447386
24261,7523.6020279762915
24262,9088.11372129526
24263,8094.881439418459
24264,8154.525287807938
24265,7995.9066009569215
24266,8144.746211588279
24267,8631.194791866024
24268,7904.699290681369
24269,8145.601910077919
24270,8731.836043259978
24271,8092.242997116822
24272,8225.645276399835
24273,8494.805163457513
24274,7990.692961966959
24275,7543.154291756593
24276,8128.182333681685
24277,8024.340726419214
24278,7563.313647701945
24279,8054.025237249787
24280,7426.860415140521
24281,7620.462520483964
24282,8395.253415954086
24283,7874.352077546296
24284,8638.218630989193
24285,8112.089207161546
24286,9049.923121376953
24287,7962.105567516677
24288,8701.219374351034
24289,8679.348167056567
24290,8428.16772455808
24291,7593.199644325553
24292,8494.115445297983
24293,8120.88030691861
24294,8672.324327933398
24295,8135.32741855747
24296,8681.00355547117
24297,8557.357296274338
24298,8444.035032436936
24299,7441.867431869978
24300,8009.9887026475835
24301,8557.737189910427
24302,8662.300431340478
24303,8589.619128085858
24304,8435.010690723851
24305,7514.046459928012
24306,8553.323289108894
24307,7659.687070097964
24308,8143.0959359296885
24309,8027.267079704612
24310,8557.418417595027
24311,7923.275059414671
24312,8645.01332309765
24313,8629.977478208268
24314,8442.449722544297
24315,7394.911203142311
24316,7551.2606379920235
24317,7985.647646403852
24318,8226.260929548429
24319,8607.423710874196
24320,9089.39726902972
24321,8029.608646588605
24322,8137.8395023504745
24323,7846.4553304513665
24324,8131.939391862824
24325,8133.133160657457
24326,8676.893088716995
24327,8742.28778909772
24328,8618.827834062882
24329,8622.092827839446
24330,9089.947360915918
24331,7597.60314654645
24332,8641.340931100323
24333,8558.579722688108
24334,8522.345005031832
24335,7988.953014920927
24336,8111.914239975011
24337,8673.893031247242
24338,8057.021081504202
24339,7564.374277345797
24340,8093.914772274625
24341,8725.790145267829
24342,8061.287363066868
24343,8048.402975287117
24344,7672.290349467348
24345,8040.726498029815
24346,7567.268042945656
24347,8680.086735660843
24348,8005.743420829028
24349,8412.285168035483
24350,7913.686610652678
24351,8644.340988570075
24352,8088.893999959999
24353,9085.2410192229
24354,7881.528743014561
24355,7430.516823503156
24356,8130.158944380708
24357,8135.144054595405
24358,7571.729899355919
24359,8639.441057402964
24360,8110.28401223197
24361,8145.74565043194
24362,8087.9832206049105
24363,7960.62281709552
24364,8524.904752200375
24365,8552.46541806317
24366,8095.153034204968
24367,7966.921880975131
24368,8100.750134679713
24369,7455.779957223288
24370,7914.313307037663
24371,8404.500926188242
24372,8707.820476985396
24373,8006.036880330325
24374,8575.273896192024
24375,8578.930949921309
24376,8665.295376054215
24377,8665.544974092983
24378,8653.560082482016
24379,7586.978262258673
24380,8190.266257233199
24381,8045.510415479654
24382,7901.081052881615
24383,8642.045882968583
24384,8042.772715654255
24385,8567.594759355785
24386,9086.280081674606
24387,7388.513322205116
24388,8062.746963004329
24389,8067.273980201775
24390,7998.383976774934
24391,8756.157216138003
24392,8675.686000571268
24393,9107.789673800957
24394,8640.857073290828
24395,7574.663722748969
24396,7458.50403696689
24397,8682.592709809072
24398,7599.171267012002
24399,8557.357296274338
24400,8229.434798282524
24401,8071.156141479276
24402,8682.531588488384
24403,7969.025036360068
24404,8007.694630801227
24405,9089.275026388343
24406,7589.386551949012
24407,7489.177953096112
24408,7973.963103730254
24409,8486.415893979
24410,7527.202882144091
24411,8129.1810032496915
24412,7518.221760761625
24413,8131.666248960932
24414,7942.912222437927
24415,8110.739280440326
24416,8134.462491444561
24417,7959.018969039862
24418,9178.425469492853
24419,8025.0351081395
24420,8558.151873443288
24421,7585.02115777264
24422,9141.090568064183
24423,9035.19799584703
24424,8410.379519783859
24425,8665.21380370947
24426,8460.44132678895
24427,8046.610599252048
24428,8056.593232259382
24429,8160.877127494039
24430,8559.22943363554
24431,7832.4622607724405
24432,7919.221194514126
24433,7941.303367001927
24434,7519.673024730328
24435,7529.076237234951
24436,7964.544057205656
24437,8163.0010354500955
24438,7591.21226238752
24439,8661.905199436344
24440,7472.871140807993
24441,8023.508552336674
24442,8536.581159996247
24443,8088.2781012397345
24444,8629.356039489354
24445,7638.06034808625
24446,8109.586372122774
24447,8558.701965329485
24448,8675.105348024726
24449,7559.201296925519
24450,8611.946688605149
24451,7592.0158592761045
24452,8737.031355518506
24453,8676.602820381595
24454,7946.379419091529
24455,8107.072001199013
24456,8227.295552058426
24457,7528.065574203936
24458,7855.167569709254
24459,8050.259239774197
24460,8025.029995383486
24461,8039.637991028047
24462,8640.78572645811
24463,8435.617821931992
24464,8575.314503500378
24465,7947.841791681332
24466,7402.54435501851
24467,8029.773053852842
24468,8519.411181638783
24469,8698.102186995919
24470,7549.26256615664
24471,8557.66290287778
24472,8115.401851581402
24473,8337.79872914021
24474,7964.116207960836
24475,8539.866822240645
24476,8529.216434141954
24477,8220.210591614568
24478,7532.764922326749
24479,8676.84730566435
24480,8152.019648750215
24481,8677.570536000585
24482,7826.951854597457
24483,8012.94266760491
24484,8636.700823484007
24485,7474.159208009511
24486,7617.406454449538
24487,8215.908767231304
24488,7921.98888475429
24489,7473.206830658566
24490,7485.710021451556
24491,8379.94071719063
24492,7637.204649596611
24493,7591.735516191955
24494,7992.532818784774
24495,8396.5543473205
24496,8473.177202790195
24497,7925.684967205036
24498,8672.996662460971
24499,8013.1062250932055
24500,8558.274116084667
24501,8113.549283421467
24502,8540.798531123757
24503,8009.175185212407
24504,8468.98123751317
24505,7865.702033714978
24506,9087.624750729752
24507,7588.496086195462
24508,7882.567805466266
24509,8490.526671009316
24510,7578.894471721509
24511,7542.054091552595
24512,8576.238671611081
24513,7470.046979720599
24514,7418.06595817124
24515,8672.202085292021
24516,7471.534987807829
24517,7450.264174919262
24518,7564.546737565978
24519,8431.957246440768
24520,7905.7195812308
24521,7633.178907520183
24522,8541.398521929856
24523,8169.67859767319
24524,8111.306723095271
24525,8025.399362776845
24526,8019.380573472089
24527,8558.579722688108
24528,7944.491756279702
24529,8653.865689085458
24530,8600.562784689037
24531,8217.399010862897
24532,7430.879084037921
24533,8652.882635198428
24534,7408.276321349044
24535,8474.291248902526
24536,8765.785776171124
24537,7995.845479636233
24538,8037.670431995388
24539,8013.953535536394
24540,8599.849779864831
24541,8077.9631981124
24542,8190.811236363381
24543,8617.192896672335
24544,8663.156129830117
24545,7513.883546990004
24546,8187.403590492417
24547,7573.210188897474
24548,7477.528177686425
24549,7552.607191069422
24550,8501.385504791677
24551,8044.32060640657
24552,8450.357191984414
24553,8542.987676267758
24554,8668.840412654152
24555,8586.871608854804
24556,7906.838536905469
24557,8025.196424908854
24558,8564.241381932
24559,7871.06583776431
24560,8012.322150849216
24561,8629.906131375552
24562,8609.980580831087
24563,8638.167735180532
24564,8301.727576279816
24565,9143.168692967593
24566,7996.720598392662
24567,8678.619823964318
24568,8557.66290287778
24569,9050.656577225214
24570,7945.238366112977
24571,7965.961957115772
24572,7929.067925733823
24573,8027.558619558822
24574,7949.318940616831
24575,7844.984544654431
24576,8504.31899309422
24577,8630.211737978994
24578,8545.278666001994
24579,8175.719382909327
24580,7371.891251450817
24581,8141.995752157294
24582,7990.542169258828
24583,8574.672908497167
24584,7545.167437670508
24585,8673.42451170579
24586,8146.213123284804
24587,7916.687225831291
24588,8471.815150103092
24589,7490.851225599263
24590,7987.226430319668
24591,7296.684128039812
24592,8025.028248568768
24593,8188.432617612541
24594,8026.980764889504
24595,8559.637063607786
24596,8520.694729373241
24597,8113.3400782663975
24598,8115.242150966806
24599,9087.441386767687
24600,7990.664411900206
24601,9032.325293774666
24602,8132.75135266373
24603,8498.757836020635
24604,8519.480355915415
24605,8051.169469614124
24606,8045.156447161107
24607,8658.994767267282
24608,8558.212994763977
24609,8571.837936521508
24610,7599.008936922287
24611,8015.380816682363
24612,7394.73295193626
24613,8654.217078741547
24614,8116.335022980136
24615,8611.223458268914
24616,7482.943578385881
24617,7396.977202079839
24618,8131.442492115168
24619,8509.086456107927
24620,8445.819660271183
24621,8659.366607947428
24622,7607.393461598501
24623,8161.553149149635
24624,7964.495045419247
24625,8072.745295817178
24626,7608.971712194519
24627,8229.312555641147
24628,7493.049263950962
24629,7501.659282852295
24630,8025.498514924937
24631,8742.588282945148
24632,8443.470696028242
24633,8101.76624637361
24634,8487.94175444013
24635,7570.236133146027
24636,8673.791239629923
24637,7424.176851584491
24638,8520.937042099911
24639,8006.821403769573
24640,8625.016425720467
24641,8021.261089890936
24642,8138.939686122867
24643,7428.503120371554
24644,8511.514133201848
24645,7468.5203697440265
24646,8661.994824737034
24647,8049.1491907409645
24648,8612.228903984604
24649,8156.843120328596
24650,8643.78067117185
24651,8466.739941473304
24652,8560.426528020724
24653,7480.292403605862
24654,7583.889507187456
24655,7489.188823974789
24656,8508.10851497691
24657,7868.225391495163
24658,8486.354772658311
24659,8664.561920205953
24660,9053.529279297576
24661,8101.654891042514
24662,7641.036113294742
24663,8724.078748288548
24664,8045.5842964059275
24665,8609.685199739673
24666,8444.597233857414
24667,8576.177550290395
24668,8558.335237405354
24669,9088.724934502146
24670,7588.599383865956
24671,8151.0967028635105
24672,8589.138210476294
24673,8706.66428464833
24674,8557.173932312271
24675,8114.398663362697
24676,8610.558435500405
24677,8486.965985865198
24678,8203.519358310583
24679,7613.983660490979
24680,8095.8106837438645
24681,8217.032282938764
24682,7483.025057898261
24683,7937.560255820645
24684,8084.028953839654
24685,8555.951505898502
24686,8103.259838018296
24687,8624.782165949742
24688,8558.45748004673
24689,7955.375064121011
24690,7416.8090707452775
24691,8014.383208813054
24692,8571.16342943785
24693,8644.551857116814
24694,7484.433486926966
24695,8105.638791859641
24696,8150.369373091625
24697,7482.008300837716
24698,8020.4742444912035
24699,8579.786648410947
24700,8148.3523695089025
24701,8685.017111612557
24702,7413.432363308204
24703,7981.652914242432
24704,8415.503100319333
24705,8035.481741221226
24706,8538.953669102313
24707,8597.893897602798
24708,7988.7621101864515
24709,8117.902584495165
24710,7463.267625880186
24711,7523.781307201472
24712,8632.289862882404
24713,8557.296174953648
24714,7882.017713580069
24715,9089.580632991787
24716,8643.45167334442
24717,8070.788271756328
24718,8358.309122403178
24719,7906.253499982095
24720,8497.288479876112
24721,8082.246863307023
24722,7988.895618085933
24723,8133.01091801608
24724,7874.2323090080645
24725,8095.859380549475
24726,7940.100997232786
24727,7866.330630553819
24728,8477.152562738098
24729,7873.913857879389
24730,8487.332713789328
24731,7619.418361707849
24732,8152.386376674347
24733,8143.401542533131
24734,7454.74122468751
24735,8096.374192307988
24736,7843.215900454874
24737,8164.890941833874
24738,7963.193039946951
24739,8423.84235531169
24740,8118.953014257715
24741,8628.693930473808
24742,9054.384977787216
24743,7900.528486892272
24744,8052.112592219897
24745,8424.049599227386
24746,8118.501833077828
24747,8064.24104419502
24748,8508.96421346655
24749,7879.662630963276
24750,8521.665322203884
24751,8027.3899405854345
24752,8540.798531123757
24753,8680.63682754704
24754,8784.818002784916
24755,8483.115342661818
24756,8056.2698015578035
24757,8559.974290663158
24758,7977.963303162873
24759,8590.963797141007
24760,8069.800105113283
24761,9089.336147709033
24762,7999.353927938284
24763,8494.747916237236
24764,7566.188250228161
24765,7583.8470081543255
24766,7557.52868942868
24767,7965.1552704125415
24768,8435.74925932813
24769,7607.076951253174
24770,8095.870654536658
24771,7914.452022043375
24772,7931.106331958969
24773,7867.841279939077
24774,8078.872431063568
24775,8148.107884226149
24776,8080.571111996069
24777,8110.2239393864365
24778,8598.81583016914
24779,8523.92681106936
24780,8191.42756232628
24781,8088.957448977178
24782,8640.357877213291
24783,7975.035976091498
24784,8651.72644286136
24785,9087.685872050442
24786,7585.405269328728
24787,8138.083987633228
24788,8616.459440824072
24789,7984.088146573848
24790,9034.2811760367
24791,8059.9291844801755
24792,7964.1155578895305
24793,8147.120120691609
24794,8399.837515005725
24795,7499.043910587921
24796,8539.198154385067
24797,7498.751042453801
24798,7596.738494063593
24799,7944.17592416423
24800,7911.933938360866
24801,7858.8920961708445
24802,8605.050204879371
24803,7608.993486815079
24804,8162.33892643455
24805,8628.867068923846
24806,8009.960791956537
24807,7668.291109565816
24808,8026.069507030448
24809,8891.537664856038
24810,8500.298186000542
24811,7913.41295959167
24812,8629.427386322071
24813,7935.229867778509
24814,7952.992732611423
24815,8004.335920996146
24816,8341.649372343589
24817,8041.659772276276
24818,7522.05487221493
24819,7577.835712876364
24820,7584.783685699755
24821,8731.96339865737
24822,8633.32892533411
24823,9084.935412619456
24824,8044.307846800985
24825,8238.643121280309
24826,7464.342345837027
24827,8720.293562008263
24828,8182.599982964932
24829,8783.207852020827
24830,8227.091191670173
24831,8446.724970968342
24832,8161.127725854363
24833,8151.958909511637
24834,7798.55394998032
24835,8217.534363360108
24836,8793.471121140488
24837,8180.7787078689435
24838,7756.381493792435
24839,8628.332697387803
24840,7662.814022503881
24841,8239.432585693245
24842,8309.8126737016
24843,8733.314575871005
24844,8113.973138716174
24845,8800.194466416227
24846,8114.431881124494
24847,8753.558898730871
24848,7735.741666904954
24849,8841.074404444833
24850,8023.290299764397
24851,8681.234356086803
24852,8328.9548694779
24853,8047.294554694123
24854,8152.753486680588
24855,8226.240270846043
24856,8665.051289285177
24857,7694.4047255802225
24858,8311.952916814456
24859,7596.899152142429
24860,8623.400861469665
24861,8311.295920554927
24862,8667.6936686755
24863,8172.458956486647
24864,8088.370712936972
24865,8713.982019354375
24866,8592.208837625152
24867,8187.413678226541
24868,8209.669880186168
24869,8432.611058645303
24870,8269.560284036681
24871,8181.2051571164975
24872,8033.308799772127
24873,7677.412998428808
24874,9300.48908251027
24875,8646.942011161016
24876,8259.591399119676
24877,8783.875073792387
24878,7599.427305986245
24879,7533.6418139635525
24880,8767.688149321952
24881,8680.398850422773
24882,8587.089984955359
24883,8762.828888451471
24884,8132.002204142107
24885,8261.797876309236
24886,8233.743190113197
24887,7791.882755600448
24888,7640.908231709707
24889,8265.526276871238
24890,8723.431200387435
24891,8188.688388719291
24892,7720.4523827396015
24893,8609.029598882615
24894,7702.090206125554
24895,8152.386758756457
24896,7537.906852165958
24897,8724.098422158995
24898,7941.8869261192895
24899,8116.761398443366
24900,8172.499626783279
24901,8185.624675835294
24902,7935.3364177465255
24903,8166.322448031994
24904,8234.609114114864
24905,8764.38759800477
24906,8721.918505638265
24907,8582.22049857285
24908,8207.37484628078
24909,8236.44275373552
24910,8614.161617264368
24911,8284.81019587118
24912,8225.318673370206
24913,8755.891734429064
24914,8889.833880086244
24915,7621.023583213357
24916,8510.891917329322
24917,8326.998987215866
24918,7580.441533242521
24919,7538.837126222079
24920,8111.368168240497
24921,7624.882491505751
24922,8031.124849305923
24923,8676.79269250215
24924,8212.49168644987
24925,7560.502828713043
24926,8097.880023106621
24927,7724.425268584357
24928,7736.581589188317
24929,8116.930208423153
24930,8191.125594697262
24931,8275.427930822781
24932,8174.970043390893
24933,8712.179764624729
24934,8152.1422734737025
24935,8193.020810008446
24936,8761.260185137628
24937,7623.965671695423
24938,8690.277880794174
24939,8271.210559695272
24940,7501.778393516369
24941,8713.096584435058
24942,7698.22217929022
24943,8741.900064747402
24944,8161.25989374699
24945,8301.322919770664
24946,8637.50996176739
24947,8866.674012301302
24948,8206.398173460515
24949,7593.52536997028
24950,7667.08987629921
24951,8686.694011363186
24952,8205.444018634402
24953,8048.7709537036635
24954,7669.062980851537
24955,8265.954126116058
24956,8134.652621763563
24957,7589.162831074189
24958,8256.847049333464
24959,8259.047416878253
24960,9210.849668840252
24961,8210.955163008399
24962,7634.213602547041
24963,8144.480085329053
24964,8222.985837672013
24965,8791.69860284052
24966,8080.02549933605
24967,8695.126916152627
24968,8049.696743938814
24969,8246.884274061233
24970,7636.802858497062
24971,7710.433598902696
24972,8320.805541000715
24973,8679.23754532969
24974,8034.517571744296
24975,9212.438823178156
24976,8327.727330308115
24977,8043.157512551099
24978,8218.478198209104
24979,7530.603348188495
24980,8817.72605994181
24981,7611.376389090628
24982,8569.245325975706
24983,8240.099807464805
24984,8126.3782583529955
24985,7929.900494305657
24986,8685.78557959931
24987,8170.286053992148
24988,7572.269160358801
24989,8152.936850642654
24990,8152.6923653599
24991,8262.836938760942
24992,8549.389883608355
24993,8361.277822610109
24994,8240.2933969389
24995,8695.076020343968
24996,8075.123225072191
24997,8679.66539457451
24998,8267.604401774648
24999,8119.922968853862
25000,8118.400693959309
25001,8736.944125015616
25002,8185.88231510306
25003,8270.538225167698
25004,8255.380137636941
25005,7760.700907503231
25006,8151.897788190949
25007,9210.055091671302
25008,9209.016029219598
25009,7562.182241991338
25010,8005.303753011258
25011,8059.623868838062
25012,8805.450899995441
25013,8307.13455799209
25014,8466.769051395433
25015,8629.017319222921
25016,8667.6936686755
25017,7633.007914398578
25018,9211.705367329892
25019,8001.887756921436
25020,8537.038119163197
25021,8061.946479024227
25022,8291.258162700664
25023,8520.658843874273
25024,7558.043059124088
25025,8946.81612538494
25026,8310.562464706663
25027,8295.083690502868
25028,7611.74982076485
25029,8374.108187198688
25030,8343.67488225181
25031,9231.259077194212
25032,7541.024039521074
25033,8761.626913061758
25034,7868.618498826398
25035,8169.175942440559
25036,8185.708422022406
25037,8846.07101447325
25038,8252.274224269007
25039,8006.891973448679
25040,8735.171606715649
25041,7721.185838587864
25042,7727.114606694653
25043,8267.359916491894
25044,7753.936640964894
25045,8035.354329967711
25046,8152.905246622329
25047,8292.409432462167
25048,8298.52156453102
25049,8048.067874130707
25050,7730.4396833321125
25051,8232.34762524939
25052,8160.825454531768
25053,8541.66150541573
25054,8576.755352101456
25055,8857.261328915267
25056,8050.378815248772
25057,7488.8869076071005
25058,8270.171497243568
25059,8307.567184902418
25060,7757.354322167437
25061,7540.548523201358
25062,7670.811895794446
25063,8142.509958544522
25064,9209.627242426483
25065,8284.39231393994
25066,7626.7988196392425
25067,8630.38409927542
25068,8209.238653273107
25069,7620.726241698931
25070,8580.005461979814
25071,9176.815318728764
25072,8140.425482229493
25073,8670.13772031575
25074,7676.2204042962
25075,8262.959181402319
25076,7679.006059730329
25077,8598.602488445484
25078,8567.34159460954
25079,8879.9322261347
25080,8143.3111933768105
25081,8101.860555800947
25082,8681.254548912413
25083,8219.88832107961
25084,8245.88127831456
25085,8142.614817553944
25086,8764.0717658893
25087,8645.569923142333
25088,8169.978572565455
25089,7579.322798899923
25090,8623.304972885064
25091,8068.762883234888
25092,8764.01064456861
25093,8143.328721918823
25094,7568.381582040085
25095,7585.642603623708
25096,7503.170384540545
25097,8227.581210710836
25098,8300.339460497264
25099,8750.762656247241
25100,8736.20555641134
25101,8056.500889000479
25102,8210.899154443725
25103,8786.74777586475
25104,9211.705367329892
25105,8073.259502204404
25106,7738.797732939382
25107,8761.637138573788
25108,8329.55995660841
25109,8831.106516416587
25110,7598.307870991249
25111,8272.636020833821
25112,8138.1332647502395
25113,8132.5713694776405
25114,8603.534531792035
25115,8782.535517493254
25116,8241.56671916133
25117,7647.132552690235
25118,9211.644246009204
25119,8218.411964132401
25120,8278.055812521881
25121,8119.4371256708655
25122,8268.276736302221
25123,8754.725316579968
25124,8028.2298153953125
25125,8269.132434791862
25126,8855.366567973922
25127,8215.773521830766
25128,8349.175801113777
25129,8618.335688171457
25130,8114.223486680902
25131,7666.684816470537
25132,8251.712858395627
25133,8147.871251133158
25134,7686.844172415888
25135,8177.555761963731
25136,7550.390939854464
25137,7743.993045197907
25138,8518.783940668029
25139,7997.882602260239
25140,8761.749155703135
25141,8235.61973187549
25142,9173.453646090895
25143,8085.636092230621
25144,8824.749899064978
25145,8802.87869177051
25146,8551.698249272024
25147,7716.730169039496
25148,8617.645970011927
25149,8244.410831632553
25150,8795.854852647342
25151,8258.857943271414
25152,8804.534080185114
25153,8680.88782098828
25154,8567.56555715088
25155,7565.397956583921
25156,8133.519227361527
25157,8681.267714624371
25158,8785.83095605442
25159,8713.149652799802
25160,8558.541215437795
25161,7637.576984641955
25162,8676.853813822836
25163,7783.2175948119075
25164,8266.62646064363
25165,8150.797604418555
25166,8680.948942308969
25167,8046.805584128615
25168,8768.543847811592
25169,8753.508002922212
25170,8565.980247258241
25171,7518.441727856254
25172,7674.791162705967
25173,8109.1781711177955
25174,8349.791454262373
25175,8730.95423558814
25176,9212.927793743664
25177,8153.139171302548
25178,8261.370027064417
25179,7969.98585516531
25180,8255.469916576767
25181,8256.663685371399
25182,8800.42361343094
25183,8865.818313811662
25184,8742.358358776824
25185,8745.62335255339
25186,9213.477885629862
25187,7721.133671260393
25188,8764.871455814266
25189,8682.110247402052
25190,8645.875529745776
25191,8112.48353963487
25192,8235.444764688953
25193,8797.423555961186
25194,8180.551606218145
25195,7687.90480205974
25196,8217.445296988568
25197,8849.320669981771
25198,8184.817887780811
25199,8171.933500001061
25200,7795.820874181291
25201,8164.257022743758
25202,7690.798567659599
25203,8803.617260374785
25204,8129.273945542971
25205,8535.815692749427
25206,8037.217135366621
25207,8767.871513284019
25208,8212.424524673941
25209,9208.771543936844
25210,8005.059267728504
25211,7554.0473482171
25212,8253.68946909465
25213,8258.674579309349
25214,7695.260424069862
25215,8762.971582116907
25216,8233.814536945914
25217,8269.276175145882
25218,8211.513745318854
25219,8084.153341809462
25220,8648.435276914319
25221,8675.995942777114
25222,8218.68355891891
25223,8090.452405689074
25224,8224.280659393655
25225,7579.310481937231
25226,8037.843831751607
25227,8528.031450902185
25228,8831.35100169934
25229,8129.5674050442685
25230,8698.804420905968
25231,8702.46147463525
25232,8788.825900768159
25233,8789.075498806927
25234,8777.09060719596
25235,7710.508786972616
25236,8313.796781947141
25237,8169.040940193598
25238,8024.611577595557
25239,8765.576407682525
25240,8166.303240368198
25241,8691.125284069727
25242,9209.810606388548
25243,7512.043846919059
25244,8186.277487718273
25245,8190.804504915718
25246,8121.914501488878
25247,8879.687740851947
25248,8799.21652528521
25249,9231.320198514899
25250,8764.38759800477
25251,7698.194247462912
25252,7582.034561680834
25253,8806.123234523016
25254,7722.701791725946
25255,8680.88782098828
25256,8352.965322996468
25257,8194.68666619322
25258,8806.062113202328
25259,8092.555561074011
25260,8131.225155515169
25261,9212.805551102287
25262,7712.917076662956
25263,7612.708477810056
25264,8097.493628444197
25265,8609.946418692944
25266,7650.733406858034
25267,8252.711527963635
25268,7641.752285475568
25269,8255.196773674874
25270,8066.44274715187
25271,8234.269805154268
25272,8257.993016158503
25273,8082.549493753804
25274,9301.955994206795
25275,8148.565632853442
25276,8681.68239815723
25277,7708.551682486584
25278,9264.621092778125
25279,9158.728520560971
25280,8533.910044497803
25281,8788.744328423412
25282,8583.971851502894
25283,8170.141123965991
25284,8180.123756973325
25285,8284.407652207983
25286,8682.759958349483
25287,7955.992785486384
25288,8042.751719228069
25289,8064.83389171587
25290,7643.20354944427
25291,7652.606761948895
25292,8088.074581919599
25293,8286.531560164038
25294,7714.742787101463
25295,8785.435724150288
25296,7596.401665521937
25297,8147.039077050617
25298,8660.111684710191
25299,8211.808625953678
25300,8752.886564203298
25301,7761.590872800193
25302,8233.116896836716
25303,8682.232490043429
25304,8798.635872738669
25305,7682.731821639462
25306,8735.477213319093
25307,7715.546383990048
25308,8860.561880232448
25309,8800.133345095539
25310,8069.909943805473
25311,8230.602525912956
25312,8350.826076772368
25313,7651.596098917878
25314,7978.698094423197
25315,8173.7897644881405
25316,8148.560520097429
25317,8163.16851574199
25318,8764.316251172055
25319,8559.148346645936
25320,8698.84502821432
25321,8071.3723163952745
25322,7526.074879732453
25323,8153.303578566785
25324,8642.941706352725
25325,8821.632711709863
25326,7672.793090870583
25327,8681.193427591723
25328,8238.932376295346
25329,8461.329253854154
25330,8087.646732674779
25331,8663.397346954589
25332,8652.746958855896
25333,8343.741116328512
25334,7656.295447040691
25335,8800.377830378293
25336,8275.550173464158
25337,8801.101060714527
25338,7950.4823793114
25339,8136.473192318854
25340,8760.23134819795
25341,7597.689732723455
25342,7740.936979163481
25343,8339.439291945248
25344,8045.519409468234
25345,7596.737355372509
25346,7609.240546165499
25347,8503.471241904574
25348,7760.735174310554
25349,7715.266040905897
25350,8116.063343498716
25351,8520.084872034444
25352,8596.707727504137
25353,8049.215491918979
25354,8796.527187174916
25355,8136.636749807149
25356,8681.80464079861
25357,8237.079808135411
25358,8664.329055837701
25359,8132.70570992635
25360,8592.511762227114
25361,7989.232558428921
25362,9211.155275443696
25363,7712.026610909405
25364,8006.098330180209
25365,8614.057195723259
25366,7702.424996435451
25367,7665.584616266538
25368,8699.769196325025
25369,7593.577504434543
25370,7541.596482885183
25371,8795.732610005964
25372,7595.065512521773
25373,7573.794699633205
25374,7688.077262279921
25375,8555.487771154712
25376,8029.250105944744
25377,7756.709432234125
25378,8664.9290466438
25379,8293.209122387132
25380,8234.837247809213
25381,8148.929887490789
25382,8142.911098186032
25383,8682.110247402052
25384,8068.022280993646
25385,8777.396213799402
25386,8724.09330940298
25387,8340.929535576839
25388,7554.409608751864
25389,8776.413159912372
25390,7531.8068460629875
25391,8597.82177361647
25392,8889.316300885066
25393,8119.376004350177
25394,8161.200956709331
25395,8137.484060250337
25396,8723.380304578775
25397,8201.493722826344
25398,8314.341761077325
25399,8740.723421386278
25400,8786.68665454406
25401,7637.414071703946
25402,8310.93411520636
25403,7696.740713611417
25404,7601.058702400369
25405,7676.137715783365
25406,8624.91602950562
25407,8167.851131120513
25408,8573.887716698357
25409,8666.5182009817
25410,8792.370937368094
25411,8710.402133568747
25412,8030.369061619412
25413,8148.726949622796
25414,8687.771906645943
25415,7994.596362478253
25416,8135.852675563159
25417,8753.436656089494
25418,8733.511105545029
25419,8761.698259894476
25420,8425.258100993758
25421,9266.699217681537
25422,8120.2511231066055
25423,8802.15034867826
25424,8681.193427591723
25425,9174.187101939158
25426,8068.768890826919
25427,8089.492481829715
25428,8052.598450447766
25429,8151.089144272765
25430,8072.849465330774
25431,7968.5150693683745
25432,8627.849517808165
25433,8753.742262692936
25434,8668.809190715938
25435,8299.249907623269
25436,7495.421776164761
25437,8265.526276871238
25438,8114.072693972771
25439,8698.20343321111
25440,7668.697962384451
25441,8796.955036419735
25442,8269.743647998748
25443,8040.217750545235
25444,8595.345674817036
25445,7614.381750313206
25446,8110.756955033611
25447,7420.214652753755
25448,8148.558773282711
25449,8311.963142326485
25450,8150.511289603448
25451,8683.16758832173
25452,8644.225254087185
25453,8236.87060298034
25454,8238.77267568075
25455,9210.971911481629
25456,8114.194936614149
25457,9155.85581848861
25458,8256.281877377674
25459,8622.28836073458
25460,8643.01088062936
25461,8174.699994328066
25462,8168.68697187505
25463,8782.525291981225
25464,8681.743519477921
25465,8695.368461235452
25466,7722.53946163623
25467,8138.911341396306
25468,7518.263476650203
25469,8777.74760345549
25470,8239.86554769408
25471,8734.753982982858
25472,7606.474103099825
25473,7520.507726793781
25474,8254.97301682911
25475,8632.61698082187
25476,8569.350184985127
25477,8782.89713266137
25478,7730.923986312444
25479,8285.083673863579
25480,8088.02557013319
25481,8196.275820531122
25482,7732.502236908462
25483,8352.843080355091
25484,7616.579788664905
25485,7625.189807566239
25486,8149.029039638879
25487,8866.118807659092
25488,8567.001220742186
25489,8225.296771087553
25490,8611.472279154072
25491,7693.76665785997
25492,8797.321764343866
25493,7547.707376298434
25494,8644.467566813855
25495,8130.3519284835165
25496,8748.546950434411
25497,8144.791614604879
25498,8262.470210836811
25499,7552.0336450854975
25500,8635.04465791579
25501,7592.05089445797
25502,8785.525349450978
25503,8172.679715454908
25504,8735.759428698548
25505,8280.373645042539
25506,8767.311195885792
25507,8590.270466187249
25508,8683.957052734666
25509,7603.822928319805
25510,7707.420031901398
25511,7612.719348688732
25512,8631.639039690854
25513,7991.7559162091065
25514,8609.885297372253
25515,8788.092444919897
25516,9177.059804011518
25517,8225.185415756456
25518,7764.566638008685
25519,8847.609273002492
25520,8169.114821119871
25521,8733.215724453616
25522,8568.127758571356
25523,8699.708075004337
25524,8681.865762119298
25525,9212.255459216089
25526,7712.129908579899
25527,8274.627227577454
25528,8712.668735190236
25529,8830.194809362272
25530,8680.704457026215
25531,8237.92918807664
25532,8734.088960214347
25533,8610.49651057914
25534,8327.049883024527
25535,7737.514185204922
25536,8219.341208457809
25537,8340.562807652708
25538,7606.5555826122045
25539,8061.090780534587
25540,8207.559478553598
25541,8679.482030612446
25542,8226.79036273224
25543,8748.312690663686
25544,8681.988004760675
25545,8078.905588834954
25546,7540.33959545922
25547,8137.913733526997
25548,8694.693954151793
25549,8768.082381830756
25550,7607.964011640909
25551,8229.169316573585
25552,8273.899897805568
25553,7605.538825551659
25554,8144.004769205147
25555,8703.317173124891
25556,8271.882894222847
25557,8808.5476363265
25558,7536.962888022147
25559,8105.1834389563755
25560,8539.033625033275
25561,8159.012265935169
25562,8662.484193816257
25563,8721.424422316742
25564,8112.292634900395
25565,8241.433109209109
25566,7586.798150594129
25567,7647.3118319154155
25568,8755.820387596348
25569,8680.826699667592
25570,8005.548238294012
25571,9213.111157705729
25572,8766.982198058362
25573,8194.318796470272
25574,8481.839647117122
25575,8029.784024696038
25576,8620.819004590056
25577,8205.777388020966
25578,8112.426142799876
25579,8256.541442730022
25580,7997.762833722008
25581,8219.389905263419
25582,8063.631521946729
25583,7989.861155267762
25584,8600.68308745204
25585,7997.444382593332
25586,8610.86323850327
25587,7742.948886421792
25588,8275.91690138829
25589,8266.932067247075
25590,7578.271749401452
25591,8219.904717021931
25592,7966.746425168817
25593,8288.421466547818
25594,8086.723564660894
25595,8547.372880025632
25596,8242.483538971657
25597,8752.224455187752
25598,9177.915502501159
25599,8024.059011606214
25600,8175.64311693384
25601,8547.58012394133
25602,8242.032357791772
25603,8187.771568908963
25604,8632.494738180492
25605,8003.193155677219
25606,8645.195846917826
25607,8150.920465299378
25608,8664.329055837701
25609,8804.167352260982
25610,8908.348527498858
25611,8606.645867375762
25612,8179.800326271747
25613,8683.504815377102
25614,8101.493827876816
25615,8714.494321854949
25616,8193.330629827225
25617,9212.866672422975
25618,8122.884452652227
25619,8618.278440951179
25620,7689.718774942105
25621,7707.377532868269
25622,7681.059214142624
25623,8088.685795126485
25624,8559.279784042074
25625,7730.607475967117
25626,8219.4011792506
25627,8037.982546757318
25628,8054.6368566729125
25629,7991.371804653019
25630,8202.402955777512
25631,8271.638408940093
25632,8204.101636710013
25633,8233.75446410038
25634,8722.346354883084
25635,8647.457335783303
25636,8314.958087040224
25637,8212.48797369112
25638,8763.888401927234
25639,8098.56650080544
25640,8775.256967575304
25641,9211.216396764385
25642,7708.935794042671
25643,8261.61451234717
25644,8739.989965538014
25645,8107.61867128779
25646,9157.811700750643
25647,8183.459709194119
25648,8087.646082603474
25649,8270.650645405552
25650,8523.36803971967
25651,7622.5744353018645
25652,8662.728679099011
25653,7622.2815671677445
25654,7720.269018777536
25655,8067.706448878173
25656,8035.464463074808
25657,7982.422620884788
25658,8728.580729593315
25659,7732.524011529023
25660,8285.869451148494
25661,8752.397593637788
25662,8133.49131667048
25663,7791.82163427976
25664,8149.600031744392
25665,9015.068189569982
25666,8623.828710714484
25667,8036.943484305613
25668,8752.957911036014
25669,8058.760392492452
25670,8076.523257325367
25671,8127.8664457100895
25672,8465.179897057533
25673,8165.1902969902185
25674,7645.585396928873
25675,7701.366237590306
25676,7708.314210413699
25677,8855.493923371314
25678,8756.859450048052
25679,9208.4659373334
25680,8167.838371514928
25681,8362.173645994251
25682,7587.872870550969
25683,8843.824086722205
25684,8306.130507678874
25685,8906.738376734771
25686,8350.621716384117
25687,8570.255495682284
25688,8284.658250568307
25689,8275.48943422558
25690,7922.084474694263
25691,8341.064888074052
25692,8917.00164585443
25693,8304.309232582886
25694,7879.9120185063775
25695,8751.863222101745
25696,7786.344547217823
25697,8362.963110407189
25698,8433.343198415541
25699,8856.84510058495
25700,8237.503663430118
25701,8923.72499113017
25702,8237.962405838436
25703,8877.089423444813
25704,7859.272191618897
25705,8964.604929158775
25706,8146.82082447834
25707,8804.764880800747
25708,8452.485394191843
25709,8170.825079408066
25710,8276.284011394531
25711,8349.770795559985
25712,8788.581813999119
25713,7817.935250294166
25714,8435.483441528399
25715,7720.429676856371
25716,8746.931386183607
25717,8434.826445268869
25718,8791.224193389444
25719,8295.989481200591
25720,8211.901237650914
25721,8837.512544068317
25722,8715.739362339096
25723,8310.944202940484
25724,8333.200404900112
25725,8556.141583359245
25726,8393.090808750625
25727,8304.73568183044
25728,8156.839324486071
25729,7800.9435231427515
25730,9424.019607224212
25731,8770.47253587496
25732,8383.12192383362
25733,8907.40559850633
25734,7722.9578307001875
25735,7657.172338677496
25736,8891.218674035896
25737,8803.929375136715
25738,8710.620509669301
25739,8886.359413165414
25740,8255.53272885605
25741,8385.32840102318
25742,8357.273714827139
25743,7915.41328031439
25744,7764.438756423649
25745,8389.05680158518
25746,8846.961725101377
25747,8312.218913433233
25748,7843.982907453545
25749,8732.560123596557
25750,7825.620730839497
25751,8275.9172834704
25752,7661.437376879901
25753,8847.628946872937
25754,8065.417450833233
25755,8240.291923157309
25756,8296.030151497222
25757,8309.155200549236
25758,8058.866942460468
25759,8289.852972745937
25760,8358.139638828809
25761,8887.918122718715
25762,8845.449030352207
25763,8705.751023286792
25764,8330.905370994722
25765,8359.973278449463
25766,8737.69214197831
25767,8408.340720585122
25768,8348.84919808415
25769,8879.422259143008
25770,9013.364404800188
25771,7744.5541079273
25772,8634.422442043266
25773,8450.52951192981
25774,7703.972057956463
25775,7662.367650936021
25776,8234.898692954439
25777,7748.413016219693
25778,8154.655374019865
25779,8800.323217216092
25780,8336.022211163814
25781,7684.033353426986
25782,8221.410547820564
25783,7847.955793298299
25784,7860.11211390226
25785,8240.460733137097
25786,8314.656119411204
25787,8398.958455536724
25788,8298.500568104835
25789,8835.710289338673
25790,8275.672798187647
25791,8316.551334722386
25792,8884.79070985157
25793,7747.496196409365
25794,8813.808405508116
25795,8394.741084409216
25796,7625.308918230312
25797,8836.627109149
25798,7821.752704004163
25799,8865.430589461346
25800,8284.790418460932
25801,8424.853444484608
25802,8761.040486481332
25803,8990.204537015245
25804,8329.928698174457
25805,7717.055894684222
25806,7790.620401013153
25807,8810.224536077127
25808,8328.974543348344
25809,8172.301478417606
25810,7792.59350556548
25811,8389.48465083
25812,8258.183146477506
25813,7712.693355788132
25814,8380.377574047408
25815,8382.577941592195
25816,9334.380193554196
25817,8334.485687722343
25818,7757.744127260983
25819,8268.010610042995
25820,8346.516362385955
25821,8915.229127554463
25822,8203.556024049993
25823,8818.65744086657
25824,8173.227268652756
25825,8370.414798775175
25826,7760.333383211005
25827,7833.964123616637
25828,8444.336065714657
25829,8802.768070043632
25830,8158.048096458238
25831,9335.969347892098
25832,8451.257855022057
25833,8166.688037265041
25834,8342.008722923047
25835,7654.133872902438
25836,8941.256584655752
25837,7734.906913804572
25838,8692.775850689648
25839,8363.630332178747
25840,8249.908783066938
25841,8053.431019019599
25842,8809.316104313251
25843,8293.81657870609
25844,7695.799685072744
25845,8276.467375356597
25846,8276.222890073841
25847,8386.367463474884
25848,8672.920408322298
25849,8484.808347324051
25850,8363.823921652842
25851,8818.606545057908
25852,8198.653749786135
25853,8803.195919288453
25854,8391.13492648859
25855,8243.453493567804
25856,8241.931218673253
25857,8860.47464972956
25858,8309.412839817003
25859,8394.06874988164
25860,8378.910662350883
25861,7884.231432217173
25862,8275.42831290489
25863,9333.585616385244
25864,9332.54655393354
25865,7685.71276670528
25866,8128.834277725201
25867,8183.154393552005
25868,8928.981424709385
25869,8430.665082706033
25870,8590.299576109377
25871,8752.547843936864
25872,8791.224193389444
25873,7756.538439112521
25874,9335.235892043835
25875,8125.41828163538
25876,8660.56864387714
25877,8185.4770037381695
25878,8414.788687414606
25879,8644.189368588215
25880,7681.5735838380315
25881,9070.346650098883
25882,8434.092989420606
25883,8418.61421521681
25884,7735.280345478792
25885,8497.63871191263
25886,8467.205406965752
25887,9354.789601908155
25888,7664.554564235017
25889,8885.1574377757
25890,7992.14902354034
25891,8292.706467154501
25892,8309.238946736348
25893,8969.601539187192
25894,8375.80474898295
25895,8130.422498162621
25896,8858.702131429593
25897,7844.716363301806
25898,7850.645131408595
25899,8390.890441205836
25900,7877.467165678836
25901,8158.884854681653
25902,8276.435771336272
25903,8415.93995717611
25904,8422.052089244964
25905,8171.59839884465
25906,7853.970208046056
25907,8355.878149963331
25908,8284.35597924571
25909,8665.192030129672
25910,8700.285876815398
25911,8980.791853629209
25912,8173.9093399627145
25913,7612.417432321044
25914,8393.70202195751
25915,8431.09770961636
25916,7880.884846881379
25917,7664.0790479153
25918,7794.342420508388
25919,8266.040483258465
25920,9333.157767140425
25921,8407.922838653882
25922,7750.329344353186
25923,8753.914623989362
25924,8332.76917798705
25925,7744.256766412873
25926,8703.535986693758
25927,9300.345843442708
25928,8263.956006943437
25929,8793.668245029694
25930,7799.750929010143
25931,8386.489706116263
25932,7802.536584444271
25933,8722.133013159426
25934,8690.872119323481
25935,9003.462750848645
25936,8266.841718090753
25937,8225.39108051489
25938,8804.785073626354
25939,8343.418845793552
25940,8369.411803028503
25941,8266.145342267886
25942,8887.602290603243
25943,8769.100447856275
25944,8293.509097279397
25945,7702.853323613866
25946,8746.835497599008
25947,8192.29340794883
25948,8887.541169282555
25949,8266.859246632766
25950,7691.912106754028
25951,7709.17312833765
25952,7626.700909254488
25953,8351.11173542478
25954,8423.869985211208
25955,8874.293180961184
25956,8859.736081125282
25957,8180.031413714421
25958,8334.429679157667
25959,8910.278300578691
25960,9335.235892043835
25961,8196.790026918348
25962,7862.328257653324
25963,8885.16766328773
25964,8453.090481322351
25965,8954.637041130529
25966,7721.838395705192
25967,8396.166545547763
25968,8261.663789464183
25969,8256.101894191583
25970,8727.065056505977
25971,8906.066042207196
25972,8365.097243875272
25973,7770.663077404177
25974,9335.174770723148
25975,8341.942488846344
25976,8401.586337235824
25977,8242.967650384808
25978,8391.807261016165
25979,8878.25584129391
25980,8151.760340109256
25981,8392.662959505804
25982,8978.897092687865
25983,8339.304046544708
25984,8472.70632582772
25985,8741.8662128854
25986,8237.754011394845
25987,7790.215341184479
25988,8375.24338310957
25989,8271.4017758471
25990,7810.374697129831
25991,8301.086286677673
25992,7673.921464568406
25993,7867.52356991185
25994,8642.314465381973
25995,8121.413126974181
25996,8885.27968041708
25997,8359.150256589432
25998,9296.984170804837
25999,8209.166616944563
26000,8948.28042377892
26001,8926.409216484451
26002,8675.228773985964
26003,7840.260693753438
26004,8741.17649472587
26005,8367.941356346495
26006,8919.385377361285
26007,8382.388467985356
26008,8928.064604899057
26009,8804.418345702223
26010,8691.096081864822
26011,7688.928481297863
26012,8257.049752075469
26013,8804.798239338314
26014,8909.361480768363
26015,8836.680177513745
26016,8682.071740151738
26017,7761.1075093558975
26018,8800.38433853678
26019,7906.74811952585
26020,8390.156985357575
26021,8274.328129132497
26022,8804.479467022913
26023,8170.336108842557
26024,8892.074372525534
26025,8877.038527636154
26026,8689.510771972184
26027,7641.972252570197
26028,7798.321687419909
26029,8232.708695831738
26030,8473.321978976315
26031,8854.484760302083
26032,9336.458318457606
26033,8276.66969601649
26034,8384.900551778359
26035,8093.516379879253
26036,8379.00044129071
26037,8380.194210085341
26038,8923.954138144882
26039,8989.348838525606
26040,8865.888883490768
26041,8869.153877267332
26042,9337.008410343802
26043,7844.664195974336
26044,8888.401980528208
26045,8805.640772115994
26046,8769.40605445972
26047,8236.014064348812
26048,8358.975289402897
26049,8920.954080675128
26050,8304.082130932087
26051,7811.435326773683
26052,8340.97582170251
26053,8972.851194695713
26054,8308.348412494754
26055,8295.464024715002
26056,7919.3513988952345
26057,8287.787547457701
26058,7814.329092373541
26059,8927.147785088728
26060,8252.804470256913
26061,8659.34621746337
26062,8160.747660080564
26063,8891.402037997961
26064,8335.955049387885
26065,9332.302068650784
26066,8128.589792442446
26067,7677.577872931042
26068,8377.219993808594
26069,8382.205104023291
26070,7818.790948783805
26071,8886.502106830849
26072,8357.345061659857
26073,8392.806699859826
26074,8335.044270032795
26075,8207.683866523406
26076,8771.965801628261
26077,8799.526467491056
26078,8342.214083632854
26079,8213.982930403017
26080,8347.811184107599
26081,7702.841006651173
26082,8161.37435646555
26083,8651.561975616129
26084,8954.881526413283
26085,8253.09792975821
26086,8822.33494561991
26087,8825.991999349193
26088,8912.356425482101
26089,8912.60602352087
26090,8900.621131909902
26091,7834.039311686558
26092,8437.327306661084
26093,8292.57146490754
26094,8148.1421023095
26095,8889.10693239647
26096,8289.833765082141
26097,8814.655808783671
26098,9333.34113110249
26099,7635.574371633002
26100,8309.808012432215
26101,8314.335029629661
26102,8245.44502620282
26103,9003.218265565889
26104,8922.747049999154
26105,9354.850723228843
26106,8887.918122718715
26107,7821.7247721768545
26108,7705.565086394777
26109,8929.653759236959
26110,7846.2323164398895
26111,8804.418345702223
26112,8476.49584771041
26113,8318.217190907162
26114,8929.59263791627
26115,8216.086085787952
26116,8254.755680229113
26117,9336.336075816229
26118,7836.447601376898
26119,7736.239002523998
26120,8221.024153158141
26121,8733.476943406884
26122,7774.263931571977
26123,8376.242052677577
26124,7765.282810189511
26125,8378.727298388818
26126,8189.973271865812
26127,8357.800329868212
26128,8381.523540872447
26129,8206.080018467746
26130,9425.486518920738
26131,8272.096157567386
26132,8805.212922871175
26133,7832.082207200527
26134,9388.151617492069
26135,9282.259045274914
26136,8657.440569211743
26137,8912.274853137355
26138,8707.502376216838
26139,8293.671648679934
26140,8303.654281687268
26141,8407.938176921925
26142,8806.290483063425
26143,8079.523310200326
26144,8166.282243942012
26145,8188.364416429812
26146,7766.734074158213
26147,7776.137286662837
26148,8211.605106633542
26149,8410.06208487798
26150,7838.273311815406
26151,8908.96624886423
26152,7719.932190235879
26153,8270.56960176456
26154,8783.642209424135
26155,8335.33915066762
26156,8876.41708891724
26157,7885.121397514135
26158,8356.64742155066
26159,8805.763014757373
26160,8922.166397452613
26161,7806.262346353405
26162,8859.007738033035
26163,7839.07690870399
26164,8984.09240494639
26165,8923.663869809481
26166,8193.440468519417
26167,8354.1330506269
26168,8474.35660148631
26169,7775.1266236318215
26170,8102.22861913714
26171,8297.320289202084
26172,8272.091044811372
26173,8286.699040455933
26174,8887.846775885997
26175,8682.678871359878
26176,8822.375552928264
26177,8194.902841109219
26178,7649.605404446396
26179,8276.834103280728
26180,8766.47223106667
26181,8945.163236423805
26182,7796.323615584526
26183,8804.723952305667
26184,8362.462901009289
26185,8584.859778568098
26186,8211.177257388721
26187,8786.92787166853
26188,8776.27748356984
26189,8467.271641042455
26190,7779.825971754634
26191,8923.908355092237
26192,8399.0806981781
26193,8924.63158542847
26194,8074.012904025343
26195,8260.003717032796
26196,8883.761872911893
26197,7721.220257437397
26198,7864.467503877423
26199,8462.96981665919
26200,8169.049934182176
26201,7720.267880086452
26202,7732.771070879442
26203,8627.001766618516
26204,7884.265699024496
26205,7838.796565619839
26206,8239.593868212658
26207,8643.615396748388
26208,8720.238252218081
26209,8172.746016632922
26210,8920.057711888858
26211,8260.16727452109
26212,8805.335165512552
26213,8360.610332849354
26214,8787.859580551643
26215,8256.236234640293
26216,8716.042286941058
26217,8112.763083142863
26218,9334.685800157638
26219,7835.557135623347
26220,8129.628854894151
26221,8737.587720437201
26222,7825.9555211493935
26223,7789.115140980482
26224,8823.29972103897
26225,7717.108029148485
26226,7665.127007599125
26227,8919.263134719906
26228,7718.596037235715
26229,7697.325224347147
26230,7811.6077869938645
26231,8679.018295868655
26232,8152.780630658686
26233,7880.239956948068
26234,8788.459571357742
26235,8416.739647101074
26236,8358.367772523157
26237,8272.460412204731
26238,8266.441622899976
26239,8805.640772115994
26240,8191.552805707588
26241,8900.926738513344
26242,8847.623834116923
26243,8464.460060290781
26244,7677.940133465807
26245,8899.943684626314
26246,7655.337370776931
26247,8721.352298330412
26248,9012.846825599008
26249,8242.90652906412
26250,8284.731481423274
26251,8261.01458496428
26252,8846.910829292718
26253,8325.024247540287
26254,8437.872285791267
26255,8864.25394610022
26256,8910.217179258003
26257,7760.944596417889
26258,8434.464639920301
26259,7820.27123832536
26260,7724.589227114311
26261,7799.668240497307
26262,8748.446554219563
26263,8291.381655834455
26264,8697.418241412299
26265,8790.048725695644
26266,8915.901462082038
26267,8833.93265828269
26268,8153.899586333355
26269,8272.25747433674
26270,8811.302431359887
26271,8118.126887192197
26272,8259.383200277101
26273,8876.967180803436
26274,8857.041630258973
26275,8885.228784608418
26276,8548.7886257077
26277,9390.229742395479
26278,8243.781647820548
26279,8925.680873392204
26280,8804.723952305667
26281,9297.7176266531
26282,8192.299415540863
26283,8213.023006543657
26284,8176.128975161709
26285,8274.619668986708
26286,8196.379990044716
26287,8092.045594082317
26288,8751.380042522107
26289,8877.27278740688
26290,8792.33971542988
26291,8422.780432337211
26292,7618.952300878704
26293,8389.05680158518
26294,8237.603218686714
26295,8821.733957925053
26296,7792.228487098393
26297,8920.485561133677
26298,8393.274172712689
26299,8163.748275259177
26300,8718.876199530978
26301,7737.912275027148
26302,8234.287479747552
26303,7543.745177467698
26304,8272.089297996652
26305,8435.493667040428
26306,8274.04181431739
26307,8806.698113035673
26308,8767.755778801129
26309,8360.401127694284
26310,8362.303200394692
26311,9334.502436195573
26312,8237.725461328091
26313,9279.386343202554
26314,8379.812402091617
26315,8745.81888544852
26316,8766.541405343301
26317,8298.230519042008
26318,8292.217496588994
26319,8906.055816695167
26320,8805.274044191863
26321,8818.898985949392
26322,7846.069986350172
26323,8262.44186611025
26324,7641.7940013641455
26325,8901.278128169433
26326,8363.396072408023
26327,8858.2845076968
26328,7730.004627813767
26329,7644.038251507724
26330,8378.503541543054
26331,8756.147505535813
26332,8692.88070969907
26333,8906.427657375312
26334,7854.454511026386
26335,8408.614198577521
26336,8211.556094847132
26337,8319.806345245064
26338,7856.032761622404
26339,8476.373605069033
26340,7740.110313378847
26341,7748.7203322801815
26342,8272.559564352821
26343,8989.649332373034
26344,8690.531745456128
26345,8348.827295801495
26346,8735.002803868014
26347,7817.297182573913
26348,8920.85228905781
26349,7671.237901012376
26350,8767.998091527797
26351,8253.882453197459
26352,8872.077475148353
26353,8268.322139318821
26354,8386.000735550753
26355,7675.56416979944
26356,8758.575182629735
26357,7715.581419171912
26358,8909.05587416492
26359,8296.21024016885
26360,8859.28995341249
26361,8403.904169756483
26362,8890.841720599736
26363,8713.800990901189
26364,8807.48757744861
26365,7727.353453033748
26366,7830.950556615341
26367,7736.249873402674
26368,8755.169564404796
26369,8115.28644092305
26370,8733.415822086197
26371,8911.62296963384
26372,9300.590328725462
26373,8348.7159404704
26374,7888.097162722628
26375,8971.139797716434
26376,8292.645345833815
26377,8856.746249167558
26378,8691.658283285298
26379,8823.23859971828
26380,8805.39628683324
26381,9335.785983930033
26382,7835.660433293842
26383,8398.157752291396
26384,8836.19925990418
26385,8953.725334076214
26386,8804.23498174016
26387,8361.459712790584
26388,8857.619484928291
26389,8734.027035293082
26390,8450.58040773847
26391,7861.044709918864
26392,8342.871733171749
26393,8464.09333236665
26394,7730.086107326147
26395,8184.62130524853
26396,8331.09000326754
26397,8803.012555326386
26398,8350.320887446182
26399,8871.843215377628
26400,8805.518529474617
26401,8202.436113548898
26402,7663.870120173163
26403,8261.44425824094
26404,8818.224478865735
26405,8891.612906544698
26406,7731.494536354851
26407,8352.699841287527
26408,8397.43042251951
26409,7729.069350265602
26410,8267.535293919089
26411,8826.847697838833
26412,8395.413418936789
26413,8932.078161040443
26414,7660.49341273609
26415,8228.713963670318
26416,8662.564149747217
26417,8282.542790649111
26418,8786.014718530201
26419,8844.954947030685
26420,8235.823159614338
26421,8364.963633923051
26422,7710.328675308071
26423,7770.842356629358
26424,8879.35091231029
26425,8804.357224381536
26426,8129.078763007955
26427,9336.641682419671
26428,8890.512722772306
26429,8317.849321184214
26430,8605.370171831066
26431,8153.31454940998
26432,8744.349529303996
26433,8329.307912734908
26434,8235.95666751382
26435,8380.071967443964
26436,8121.293358435951
26437,8342.920429977361
26438,8187.162046660672
26439,8113.391679981705
26440,8724.213612165982
26441,8120.974907307275
26442,8734.393763217213
26443,7866.479411135734
26444,8399.447426102233
26445,8390.462591961017
26446,7701.802274115395
26447,8343.435241735875
26448,8090.27694988276
26449,8411.95199126176
26450,8210.254089374837
26451,8670.903404739576
26452,8366.014063685601
26453,8875.754979901694
26454,9301.446027215101
26455,8147.589536320157
26456,8299.173641647783
26457,8671.110648655273
26458,8365.562882505714
26459,8311.302093622906
26460,8756.025262894436
26461,8126.723680391162
26462,8768.726371631768
26463,8274.45099001332
26464,8787.859580551643
26465,8927.697876974926
26466,9031.8790522128
26467,8730.176392089703
26468,8303.330850985689
26469,8807.035340091043
26470,8225.024352590757
26471,8838.024846568893
26472,8316.86115454117
26473,9336.397197136917
26474,8246.41497736617
26475,8741.808965665121
26476,7813.249299656047
26477,7830.908057582211
26478,7804.589738856566
26479,8212.216319840427
26480,8682.810308756016
26481,7854.13800068106
26482,8342.931703964543
26483,8161.51307147126
26484,8178.167381386855
26485,8114.9023293669625
26486,8325.933480491454
26487,8395.168933654035
26488,8327.632161423955
26489,8357.284988814321
26490,8845.876879597026
26491,8770.987860497244
26492,8438.488611754166
26493,8336.018498405063
26494,8887.418926641178
26495,8222.097025519382
26496,8898.787492289246
26497,9334.746921478327
26498,7832.466318756613
26499,8385.145037061113
26500,8863.520490251958
26501,8231.149196001734
26502,9281.342225464585
26503,8306.990233908062
26504,8211.176607317417
26505,8394.181170119497
26506,8646.898564433614
26507,7746.104960015807
26508,8786.259203812955
26509,7745.812091881688
26510,7843.799543491479
26511,8191.236973592117
26512,8158.994987788751
26513,8105.95314559873
26514,8852.111254307258
26515,7856.054536242965
26516,8409.399975862436
26517,8875.92811835173
26518,8257.021841384423
26519,7915.352158993702
26520,8273.130556458334
26521,9138.598714283924
26522,8747.359235428426
26523,8160.4740090195555
26524,8876.488435749958
26525,8182.290917206395
26526,8200.05378203931
26527,8251.396970424032
26528,8588.710421771473
26529,8288.720821704163
26530,7769.115921642815
26531,7824.896762304249
26532,7831.844735127641
26533,8979.024448085256
26534,8880.389974761994
26535,9331.996462047344
26536,8291.36889622887
26537,8485.704170708195
26538,7711.403395264912
26539,8967.354611436147
26540,8429.661032392818
26541,9030.268901448713
26542,8474.15224109806
26543,8693.786020396226
26544,8408.18877528225
26545,8399.019958939523
26546,8045.614999408206
26547,8464.595412787994
26548,9040.532170568375
26549,8427.839757296828
26550,8003.442543220321
26551,8875.393746815687
26552,7909.875071931766
26553,8486.49363512113
26554,8556.873723129485
26555,8980.375625298891
26556,8361.03418814406
26557,9047.255515844114
26558,8361.49293055238
26559,9000.619948158757
26560,7982.802716332841
26561,9088.135453872717
26562,8270.351349192282
26563,8928.29540551469
26564,8576.015918905785
26565,8294.355604122009
26566,8399.814536108473
26567,8473.301320273928
26568,8912.112338713061
26569,7941.465775008108
26570,8559.013966242343
26571,7843.960201570314
26572,8870.46191089755
26573,8558.356969982811
26574,8914.754718103386
26575,8419.520005914534
26576,8335.431762364859
26577,8961.043068782259
26578,8839.269887053038
26579,8434.474727654428
26580,8456.730929614054
26581,8679.672108073188
26582,8516.621333464567
26583,8428.266206544384
26584,8280.369849200013
26585,7924.474047856695
26586,9547.550131938155
26587,8894.003060588902
26588,8506.652448547562
26589,9030.936123220274
26590,7846.488355414131
26591,7780.702863391439
26592,9014.749198749838
26593,8927.459899850659
26594,8834.151034383245
26595,9009.889937879358
26596,8379.063253569993
26597,8508.858925737122
26598,8480.804239541083
26599,8038.943805028333
26600,7887.969281137592
26601,8512.587326299123
26602,8970.492249815321
26603,8435.749438147177
26604,7967.513432167487
26605,8856.0906483105
26606,7949.151255553439
26607,8399.447808184343
26608,7784.967901593844
26609,8971.159471586881
26610,8188.947975547176
26611,8363.822447871251
26612,8419.560676211164
26613,8432.685725263178
26614,8182.397467174411
26615,8413.38349745988
26616,8481.67016354275
26617,9011.448647432657
26618,8968.979555066151
26619,8829.281548000734
26620,8454.435895708666
26621,8483.503803163407
26622,8861.222666692254
26623,8531.871245299064
26624,8472.379722798092
26625,9002.95278385695
26626,9136.89492951413
26627,7868.084632641243
26628,8757.952966757208
26629,8574.060036643752
26630,7827.502582670406
26631,7785.898175649964
26632,8358.429217668381
26633,7871.9435409336365
26634,8278.18589873381
26635,8923.853741930034
26636,8459.552735877756
26637,7807.563878140929
26638,8344.941072534508
26639,7971.486318012243
26640,7983.642638616202
26641,8363.99125785104
26642,8438.186644125148
26643,8522.488980250668
26644,8422.03109281878
26645,8959.240814052615
26646,8399.203322901589
26647,8440.08185943633
26648,9008.321234565512
26649,7871.026721123309
26650,8937.33893022206
26651,8518.271609123158
26652,7748.839442944254
26653,8960.157633862942
26654,7945.283228718106
26655,8988.961114175288
26656,8408.320943174876
26657,8548.38396919855
26658,8884.571011195276
26659,9113.735061729189
26660,8453.4592228884
26661,7840.586419398165
26662,7914.1509257270955
26663,8933.75506079107
26664,8452.505068062288
26665,8295.832003131549
26666,7916.124030279423
26667,8513.015175543944
26668,8381.713671191448
26669,7836.223880502075
26670,8503.90809876135
26671,8506.108466306137
26672,9457.91071826814
26673,8458.016212436285
26674,7881.274651974925
26675,8391.541134756939
26676,8470.0468870999
26677,9038.759652268407
26678,8327.086548763935
26679,8942.187965580513
26680,8296.757793366698
26681,8493.945323489119
26682,7883.863907924948
26683,7957.494648330581
26684,8567.8665904286
26685,8926.298594757576
26686,8281.578621172182
26687,9459.49987260604
26688,8574.788379736001
26689,8290.218561978985
26690,8465.53924763699
26691,7777.664397616381
26692,9064.787109369696
26693,7858.437438518515
26694,8816.30637540359
26695,8487.160856892691
26696,8373.439307780882
26697,8176.961543733542
26698,8932.846629027194
26699,8417.347103420034
26700,7819.330209786687
26701,8399.997900070539
26702,8399.753414787785
26703,8509.897988188828
26704,8796.450933036242
26705,8608.338872037995
26706,8487.354446366786
26707,8942.137069771852
26708,8322.184274500078
26709,8926.726444002396
26710,8514.665451202534
26711,8366.984018281748
26712,8365.461743387195
26713,8984.005174443502
26714,8432.943364530945
26715,8517.599274595585
26716,8502.441187064825
26717,8007.761956931117
26718,8398.958837618833
26719,9457.116141099188
26720,9456.077078647482
26721,7809.243291419223
26722,8252.364802439144
26723,8306.684918265948
26724,9052.511949423328
26725,8554.195607419977
26726,8713.83010082332
26727,8876.078368650808
26728,8914.754718103386
26729,7880.068963826464
26730,9458.766416757779
26731,8248.948806349323
26732,8784.099168591085
26733,8309.007528452112
26734,8538.31921212855
26735,8767.719893302157
26736,7805.104108551975
26737,9193.877174812826
26738,8557.62351413455
26739,8542.144739930754
26740,7858.810870192734
26741,8621.169236626574
26742,8590.735931679694
26743,9478.320126622097
26744,7788.085088948959
26745,9008.687962489645
26746,8115.679548254282
26747,8416.236991868445
26748,8432.769471450292
26749,9093.132063901136
26750,8499.335273696892
26751,8253.953022876565
26752,8982.232656143535
26753,7968.24688801575
26754,7974.175656122538
26755,8514.42096591978
26756,8000.997690392779
26757,8282.415379395596
26758,8399.966296050216
26759,8539.470481890054
26760,8545.582613958906
26761,8295.128923558594
26762,7977.500732759998
26763,8479.408674677274
26764,8407.886503959653
26765,8788.722554843614
26766,8823.81640152934
26767,9104.322378343153
26768,8297.439864676657
26769,7735.947957034987
26770,8517.232546671454
26771,8554.628234330303
26772,8004.415371595323
26773,7787.609572629243
26774,7917.8729452223315
26775,8389.571007972407
26776,9456.688291854367
26777,8531.453363367826
26778,7873.859869067128
26779,8877.445148703304
26780,8456.299702700991
26781,7867.787291126816
26782,8827.0665114077
26783,9423.87636815665
26784,8387.48653165738
26785,8917.198769743638
26786,7923.2814537240865
26787,8510.020230830205
26788,7926.067109158214
26789,8845.66353787337
26790,8814.402644037425
26791,9126.993275562587
26792,8390.372242804697
26793,8348.921605228832
26794,8928.315598340298
26795,8466.949370507496
26796,8492.942327742447
26797,8389.675866981828
26798,9011.132815317185
26799,8892.63097257022
26800,8417.03962199334
26801,7826.383848327809
26802,8870.366022312952
26803,8315.823932662774
26804,9011.071693996497
26805,8390.389771346709
26806,7815.442631467971
26807,7832.703653051593
26808,7750.231433968431
26809,8474.642260138724
26810,8547.40050992515
26811,8997.823705675128
26812,8983.266605839226
26813,8303.561938428364
26814,8457.960203871611
26815,9033.808825292635
26816,9458.766416757779
26817,8320.32055163229
26818,7985.858782367268
26819,9008.698188001672
26820,8576.621006036294
26821,9078.167565844471
26822,7845.368920419134
26823,8519.697070261707
26824,8385.194314178125
26825,8379.632418905527
26826,8850.59558121992
26827,9029.59656692114
26828,8488.627768589216
26829,7894.19360211812
26830,9458.70529543709
26831,8465.473013560288
26832,8525.116861949768
26833,8366.49817509875
26834,8515.337785730107
26835,9001.786366007855
26836,8275.290864823199
26837,8516.193484219748
26838,9102.427617401809
26839,8462.834571258652
26840,8596.236850541663
26841,8865.396737599342
26842,8361.284536108788
26843,7913.7458658984215
26844,8498.773907823514
26845,8394.932300561044
26846,7933.905221843774
26847,8424.616811391617
26848,7797.451989282349
26849,7991.054094625793
26850,8765.844990095915
26851,8244.943651688125
26852,9008.810205131022
26853,8482.680781303376
26854,9420.514695518781
26855,8332.697141658507
26856,9071.810948492863
26857,9049.939741198395
26858,8798.759298699908
26859,7963.791218467381
26860,8864.707019439813
26861,8491.471881060439
26862,9042.915902075227
26863,8505.918992699299
26864,9051.595129613
26865,8927.948870416167
26866,8814.626606578764
26867,7812.459006011806
26868,8380.580276789413
26869,8928.328764052258
26870,9032.892005482307
26871,8960.210702227687
26872,8805.602264865682
26873,7884.638034069841
26874,8923.914863250724
26875,8030.278644239794
26876,8513.687510071517
26877,8397.85865384644
26878,8928.009991736855
26879,8293.8666335565
26880,9015.604897239478
26881,9000.569052350096
26882,8813.041296686126
26883,7765.50277728414
26884,7921.852212133852
26885,8356.239220545682
26886,8596.852503690257
26887,8978.015285016027
26888,9459.988843171548
26889,8400.200220730434
26890,8508.431076492303
26891,8217.046904593197
26892,8502.530966004653
26893,8503.724734799285
26894,9047.484662858824
26895,9112.879363239548
26896,8989.41940820471
26897,8992.684401981274
26898,9460.538935057746
26899,7968.19472068828
26900,9011.932505242152
26901,8929.171296829936
26902,8892.936579173662
26903,8359.544589062756
26904,8482.50581411684
26905,9044.484605389072
26906,8427.61265564603
26907,7934.965851487626
26908,8464.506346416452
26909,9096.381719409657
26910,8431.878937208698
26911,8418.994549428946
26912,8042.881923609178
26913,8411.318072171645
26914,7937.859617087484
26915,9050.678309802672
26916,8376.334994970857
26917,8782.876742177312
26918,8284.278184794506
26919,9014.932562711903
26920,8459.485574101827
26921,9455.832593364728
26922,8252.12031715639
26923,7801.108397644985
26924,8500.750518522536
26925,8505.735628737235
26926,7942.321473497748
26927,9010.032631544793
26928,8480.8755863738
26929,8516.33722457377
26930,8458.574794746739
26931,8331.214391237349
26932,8895.496326342203
26933,8923.056992204998
26934,8465.744608346797
26935,8337.51345511696
26936,8471.341708821541
26937,7826.371531365116
26938,8284.904881179493
26939,8775.09250033007
26940,9078.412051127227
26941,8376.628454472155
26942,8945.865470333854
26943,8949.522524063137
26944,9035.886950196045
26945,9036.136548234814
26946,9024.151656623846
26947,7957.569836400502
26948,8560.857831375028
26949,8416.101989621482
26950,8271.672627023443
26951,9012.637457110412
26952,8413.364289796084
26953,8938.186333497615
26954,9456.871655816434
26955,7759.104896346946
26956,8433.338537146159
26957,8437.865554343603
26958,8368.975550916763
26959,9126.748790279833
26960,9046.277574713096
26961,9478.381247942787
26962,9011.448647432657
26963,7945.255296890798
26964,7829.09561110872
26965,9053.1842839509
26966,7969.762841153832
26967,8927.948870416167
26968,8600.026372424352
26969,8441.747715621106
26970,9053.123162630214
26971,8339.616610501897
26972,8378.286204943055
26973,9459.866600530171
26974,7959.978126090841
26975,7859.769527237941
26976,8344.554677872084
26977,8857.007468120828
26978,7897.794456285919
26979,8499.772577391519
26980,7888.813334903454
26981,8502.25782310276
26982,8313.503796579756
26983,8481.330854582155
26984,8505.05406558639
26985,8329.61054318169
26986,9549.017043634682
26987,8395.626682281329
26988,8928.743447585119
26989,7955.612731914469
26990,9511.682142206013
26991,9405.789569988858
26992,8780.971093925687
26993,9035.805377851299
26994,8831.03290093078
26995,8417.202173393876
26996,8427.184806401212
26997,8531.46870163587
26998,8929.82100777737
26999,8203.05383491427
27000,8289.812768655956
27001,8311.894941143755
27002,7890.264598872156
27003,7899.66781137678
27004,8335.135631347484
27005,8533.592609591924
27006,7961.803836529349
27007,9032.496773578172
27008,7843.462714949821
27009,8394.100126478503
27010,8907.172734138077
27011,8458.869675381564
27012,8999.947613631182
27013,8008.651922228079
27014,8480.177946264603
27015,8929.293539471315
27016,9045.696922166557
27017,7929.792871067348
27018,8982.538262746977
27019,7962.607433417933
27020,9107.622929660334
27021,9047.194394523425
27022,8316.970993233359
27023,8477.663575340843
27024,8597.887126200254
27025,7898.657148345765
27026,8225.759143851083
27027,8420.850813916026
27028,8395.621569525314
27029,8410.229565169875
27030,9011.37730059994
27031,8806.20939607382
27032,8945.906077642207
27033,8318.43336582316
27034,7773.1359291603385
27035,8400.36462799467
27036,8890.002755780612
27037,9068.693761137749
27038,7919.854140298468
27039,8928.25447701961
27040,8485.99342572323
27041,8708.39030328204
27042,8334.707782102665
27043,8910.458396382473
27044,8899.808008283782
27045,8590.802165756399
27046,7903.3564964685775
27047,9047.43887980618
27048,8522.611222892045
27049,9048.162110142413
27050,8197.543428739285
27051,8383.53424174674
27052,9007.292397625837
27053,7844.75078215134
27054,7987.998028591366
27055,8586.500341373134
27056,8292.580458896118
27057,7843.798404800395
27058,7856.301595593384
27059,8750.53229133246
27060,8007.796223738439
27061,7962.327090333783
27062,8363.124392926602
27063,8767.14592146233
27064,8843.768776932026
27065,8296.276541346866
27066,9043.588236602802
27067,8383.697799235035
27068,8928.865690226496
27069,8484.140857563296
27070,8911.390105265586
27071,8379.766759354236
27072,8839.572811655
27073,8236.293607856805
27074,9458.21632487158
27075,7959.087660337291
27076,8253.159379608094
27077,8861.118245151145
27078,7949.4860458633375
27079,7912.645665694425
27080,8946.830245752912
27081,7840.638553862427
27082,7788.657532313068
27083,9042.79365943385
27084,7842.126561949657
27085,7820.85574906109
27086,7935.138311707808
27087,8802.548820582597
27088,8276.31115537263
27089,8003.770481662012
27090,8911.990096071684
27091,8540.270171815018
27092,8481.8982972371
27093,8395.990936918675
27094,8389.972147613918
27095,8929.171296829936
27096,8315.08333042153
27097,9024.457263227288
27098,8971.154358830867
27099,8587.990585004725
27100,7801.470658179749
27101,9023.474209340256
27102,7778.867895490874
27103,8844.882823044356
27104,9136.377350312952
27105,8366.437053778063
27106,8408.262006137218
27107,8384.545109678224
27108,8970.44135400666
27109,8448.554772254229
27110,8561.40281050521
27111,8987.784470814164
27112,9033.747703971945
27113,7884.475121131833
27114,8557.995164634245
27115,7943.801763039302
27116,7848.119751828254
27117,7923.19876521125
27118,8871.977078933505
27119,8414.9121805484
27120,8820.948766126243
27121,8913.579250409588
27122,9039.43198679598
27123,8957.463182996633
27124,8277.430111047299
27125,8395.787999050683
27126,8934.83295607383
27127,8241.657411906139
27128,8382.913724991045
27129,9000.49770551738
27130,8980.572154972915
27131,9008.759309322362
27132,8672.319150421645
27133,9513.760267109421
27134,8367.312172534492
27135,9049.211398106147
27136,8928.25447701961
27137,9421.248151367043
27138,8315.829940254805
27139,8336.5535312576
27140,8299.659499875652
27141,8398.15019370065
27142,8319.91051475866
27143,8215.57611879626
27144,8874.91056723605
27145,9000.803312120823
27146,8915.870240143822
27147,8546.310957051155
27148,7742.482825592646
27149,8512.587326299123
27150,8361.133743400656
27151,8945.264482638997
27152,7915.759011812336
27153,9044.016085847621
27154,8516.804697426633
27155,8287.27879997312
27156,8842.40672424492
27157,7861.442799741091
27158,8357.818004461496
27159,7667.2757021816415
27160,8395.619822710596
27161,8559.024191754372
27162,8397.572339031332
27163,8930.228637749617
27164,8891.286303515071
27165,8483.931652408228
27166,8485.833725108634
27167,9458.032960909517
27168,8361.255986042033
27169,9402.916867916496
27170,8503.342926805559
27171,8869.349410162464
27172,8890.071930057245
27173,8421.761043755952
27174,8415.748021302938
27175,9029.58634140911
27176,8928.804568905805
27177,8942.429510663336
27178,7969.600511064115
27179,8385.972390824192
27180,7765.324526078089
27181,9024.808652883376
27182,8486.926597121965
27183,8981.815032410745
27184,7853.535152527709
27185,7767.568776221668
27186,8502.034066256996
27187,8879.678030249757
27188,8816.411234413012
27189,9029.958182089256
27190,7977.98503574033
27191,8532.144723291465
27192,8335.086619561076
27193,8443.336869959006
27194,7979.563286336348
27195,8599.904129782975
27196,7863.640838092791
27197,7872.250856994124
27198,8396.090089066765
27199,9113.179857086976
27200,8814.06227017007
27201,8472.357820515439
27202,8858.533328581958
27203,7940.827707287855
27204,9044.382813771752
27205,7794.768425726319
27206,8891.52861624174
27207,8377.412977911403
27208,8995.607999862297
27209,8391.852664032765
27210,8509.531260264695
27211,7799.094694513383
27212,8882.105707343677
27213,7839.111943885855
27214,9032.586398878864
27215,8419.740764882794
27216,8982.820478126432
27217,8527.434694470425
27218,9014.37224531368
27219,8837.331515615133
27220,8931.018102162552
27221,7850.8839777476915
27222,7954.481081329284
27223,7859.780398116617
27224,8878.700089118738
27225,8238.816965636994
27226,8856.94634680014
27227,9035.153494347782
27228,9424.120853439405
27229,8472.246465184342
27230,8011.62768743657
27231,9094.670322430378
27232,8416.175870547757
27233,8980.276773881502
27234,8815.188807999242
27235,8946.769124432223
27236,8928.926811547182
27237,9459.316508643977
27238,7959.1909580077845
27239,8521.68827700534
27240,8959.729784618125
27241,9077.255858790159
27242,8927.765506454101
27243,8484.990237504528
27244,8981.150009642233
27245,8857.557560007026
27246,8574.110932452411
27247,7984.575234632808
27248,8466.402257885693
27249,8587.623857080594
27250,7853.61663204009
27251,8308.151829962473
27252,8454.620527981482
27253,8926.54308004033
27254,8473.851412160126
27255,8995.37374009157
27256,8929.04905418856
27257,8325.96663826284
27258,7787.400644887106
27259,8384.974782954883
27260,8941.755003579678
27261,9015.143431258643
27262,7855.0250610687945
27263,8476.23036600147
27264,8520.960947233454
27265,7852.599874979545
27266,8391.065818633033
27267,8950.378222552776
27268,8518.943943650731
27269,9055.608685754385
27270,7784.023937450033
27271,8352.244488384262
27272,8786.094674461161
27273,8406.073315363054
27274,8909.545243244143
27275,8968.485471744627
27276,8359.353684328282
27277,8488.494158636993
27278,7833.859200022014
27279,7894.372881343301
27280,9002.881437024233
27281,8927.887749095478
27282,8252.609287721898
27283,9460.172207133615
27284,9014.043247486248
27285,8441.379845898158
27286,8728.900696545008
27287,8276.845074123923
27288,8867.88005401794
27289,8452.838437448852
27290,8359.487192227762
27291,8503.602492157908
27292,8244.823883149893
27293,8466.450954691303
27294,8310.692571374615
27295,8236.92220469565
27296,8847.744136879926
27297,8244.505432021218
27298,8857.924287931157
27299,7990.009935849677
27300,8522.977950816176
27301,8513.99311667496
27302,7825.332798829339
27303,8466.965766449817
27304,8213.807474596702
27305,8535.482515975702
27306,8333.78461408878
27307,8794.43392945352
27308,8489.544588399543
27309,8999.285504615638
27310,9424.976551929045
27311,8271.1200610341
27312,8422.704166361726
27313,8794.641173369215
27314,8489.093407219658
27315,8434.832618336848
27316,8879.555787608379
27317,8250.254205105104
27318,8892.256896345712
27319,8397.981514727264
27320,8911.390105265586
27321,9051.228401688868
27322,9155.409576926744
27323,8853.706916803647
27324,8426.861375699631
27325,8930.565864804987
27326,8348.554877304701
27327,8961.555371282835
27328,8440.391679255112
27329,9459.927721850861
27330,8369.945502080112
27331,8865.339490379065
27332,7936.77982436999
27333,7954.438582296154
27334,7928.120263570509
27335,8335.74684455437
27336,8806.340833469958
27337,7977.668525395003
27338,8466.462228678487
27339,8285.043596185204
27340,8301.697906100799
27341,8238.432854080906
27342,8449.464005205398
27343,8518.699458367977
27344,8451.162686137897
27345,8480.815513528265
27346,8969.40740431097
27347,8894.518385211188
27348,8562.01913646811
27349,8459.549023119007
27350,9010.94945135512
27351,8345.627550233326
27352,9022.318017003188
27353,9458.27744619227
27354,7955.996843470556
27355,8508.675561775057
27356,8987.051014965902
27357,8354.679720715676
27358,9404.872750178529
27359,8430.520758622004
27360,8334.707132031359
27361,8517.711694833439
27362,8770.429089147556
27363,7869.63548472975
27364,8909.789728526897
27365,7869.34261659563
27366,7967.330068205421
27367,8314.767498306059
27368,8282.525512502694
27369,8229.483670312673
27370,8975.641779021202
27371,7979.585060956908
27372,8532.930500576378
27373,8999.458643065675
27374,8380.552366098367
27375,8038.882683707645
27376,8396.661081172279
27377,9262.129238997866
27378,8870.88976014237
27379,8284.0045337335
27380,9000.0189604639
27381,8305.821441920338
27382,8323.584306753251
27383,8374.927495137974
27384,8712.240946485417
27385,8412.251346418105
27386,7892.646446356758
27387,7948.427287018192
27388,7955.375259841584
27389,9102.5549727992
27390,9003.920499475938
27391,9455.526986761286
27392,8414.899420942813
27393,136.01224366126826
27394,0.0
27395,617.6626843892218
27396,79.96910534589097
27397,680.5769744017871
27398,124.46031405113445
27399,344.09409334930115
27400,58.49684823532425
27401,49.32803189259721
27402,0.0
27403,114.90348574106793
27404,690.8402435214475
27405,78.14783024990265
27406,0.0
27407,525.701819768763
27408,0.0
27409,136.80170807420473
27410,207.18179608255923
27411,630.6836982519653
27412,11.342261097133814
27413,697.5635887971866
27414,11.801003505453082
27415,650.9280211118303
27416,0.0
27417,738.4435268257921
27418,0.0
27419,578.6034784677631
27420,226.3239918588597
27421,0.0
27422,50.122609061548246
27423,123.60939322700233
27424,562.4204116661349
27425,0.0
27426,209.32203919541644
27427,0.0
27428,520.7699838506251
27429,208.66504293588514
27430,565.0627910564608
27431,69.82807886760747
27432,0.0
27433,611.3511417353338
27434,489.57796000611324
27435,84.78280060750058
27436,107.03900256712859
27437,329.9801810262634
27438,166.92940641764108
27439,78.57427949745852
27440,0.0
27441,0.0
27442,1197.8582048912303
27443,544.3111335419762
27444,156.96052150063588
27445,681.2441961733466
27446,0.0
27447,0.0
27448,665.0572717029127
27449,577.7679728037319
27450,484.4591073363181
27451,660.1980108324315
27452,29.371326523066273
27453,159.16699869019612
27454,131.11231249415596
27455,0.0
27456,0.0
27457,162.89539925219742
27458,620.8003227683948
27459,86.05751110024994
27460,0.0
27461,506.39872126357477
27462,0.0
27463,49.75588113741651
27464,0.0
27465,621.4675445399535
27466,0.0
27467,14.130520824325686
27468,69.86874916423858
27469,82.9937982162528
27470,0.0
27471,63.691570412954206
27472,131.9782364958246
27473,661.7567203857316
27474,619.2876280192249
27475,479.58962095380866
27476,104.74396866174084
27477,133.81187611648147
27478,511.53073964532723
27479,182.17931825213873
27480,122.68779575116696
27481,653.260856810025
27482,787.2030024672049
27483,0.0
27484,6057.265646622506
27485,224.3681095968259
27486,0.0
27487,0.0
27488,8.73729062145685
27489,0.0
27490,0.0
27491,574.1618148831076
27492,109.86080883083014
27493,0.0
27494,0.0
27495,0.0
27496,0.0
27497,14.299330804113197
27498,88.49471707822158
27499,172.7970532037407
27500,72.3391657718521
27501,609.5488870056888
27502,49.511395854662624
27503,90.38993238940384
27504,658.6293075185868
27505,0.0
27506,587.6470031751332
27507,168.57968207623162
27508,0.0
27509,610.4657068160168
27510,0.0
27511,639.2691871283623
27512,58.62901612795031
27513,198.69204215162426
27514,534.8790841483496
27515,764.0431346822616
27516,103.76729584147506
27517,0.0
27518,0.0
27519,584.0631337441446
27520,102.81314101536191
27521,0.0
27522,0.0
27523,163.32324849701672
27524,32.02174414452111
27525,0.0
27526,154.2161717144245
27527,156.41653925921128
27528,1108.218791221212
27529,108.32428538935983
27530,0.0
27531,41.849207710012706
27532,120.35496005297318
27533,689.06772522148
27534,0.0
27535,592.4960385335853
27536,0.0
27537,144.25339644219184
27538,0.0
27539,0.0
27540,218.1746633816747
27541,576.6066677106492
27542,0.0
27543,1109.8079455591142
27544,225.09645268907389
27545,0.0
27546,115.84732059006456
27547,0.0
27548,715.0951823227697
27549,0.0
27550,466.614448356665
27551,137.46892984576425
27552,5672.75198764618
27553,0.0
27554,583.1547019802683
27555,67.65517637310677
27556,0.0
27557,50.30597302361366
27558,50.061487740859775
27559,160.20606114190105
27560,446.7590059893155
27561,258.6469449910692
27562,137.6625193198597
27563,592.4451427249269
27564,0.0
27565,577.0345169554694
27566,164.97352415560727
27567,17.292091234821783
27568,15.769816340270154
27569,634.313247396577
27570,83.25143748402115
27571,167.90734754865753
27572,152.74926001789936
27573,0.0
27574,49.26691057190874
27575,1107.424214052261
27576,1106.3851516005561
27577,0.0
27578,0.0
27579,0.0
27580,702.8200223764015
27581,204.50368037305088
27582,364.13817377639316
27583,526.3864416038814
27584,565.0627910564608
27585,0.0
27586,1109.0744897108516
27587,0.0
27588,434.40724154415784
27589,0.0
27590,188.6272850816249
27591,418.02796625523115
27592,0.0
27593,6493.189854678123
27594,5856.936193999848
27595,192.4528128838274
27596,0.0
27597,271.4773095796472
27598,241.04400463276943
27599,1128.6281995751706
27600,0.0
27601,658.9960354427176
27602,5414.992228119581
27603,66.54506482151828
27604,83.07754440336612
27605,743.4401368542094
27606,149.6433466499666
27607,0.0
27608,632.5407290966095
27609,0.0
27610,0.0
27611,164.72903887285338
27612,0.0
27613,0.0
27614,50.274369003288484
27615,189.77855484312659
27616,195.89068691198008
27617,0.0
27618,0.0
27619,129.71674763034935
27620,58.194576912726916
27621,6088.035234708914
27622,474.1244744824153
27623,754.630451296226
27624,0.0
27625,0.0
27626,167.5406196245258
27627,204.93630728337757
27628,0.0
27629,0.0
27630,0.0
27631,5688.883687837706
27632,1106.9963648074418
27633,181.7614363208986
27634,0.0
27635,527.7532216563786
27636,106.60777565406624
27637,0.0
27638,477.37458436077395
27639,1074.1844411097245
27640,37.79460461045346
27641,567.5068426967109
27642,0.0
27643,160.328303783278
27644,0.0
27645,495.9716108264429
27646,464.71071699049935
27647,777.3013485156607
27648,40.68031575776968
27649,5648.234285094131
27650,578.6236712933714
27651,117.25744346057036
27652,143.25040069552142
27653,39.98393993490208
27654,661.4408882702592
27655,542.9390455232933
27656,67.34769494641387
27657,0.0
27658,520.6740952660248
27659,0.0
27660,661.3797669495707
27661,40.697844299783355
27662,0.0
27663,0.0
27664,0.0
27665,124.95033309179598
27666,5846.713189790448
27667,648.1317786282007
27668,633.5746787922999
27669,0.0
27670,108.26827682468502
27671,684.1168982457084
27672,1109.0744897108516
27673,0.0
27674,0.0
27675,659.0062609547476
27676,226.92907898936846
27677,728.4756387975458
27678,0.0
27679,170.00514321478113
27680,35.50238713119961
27681,29.94049185859967
27682,500.9036541729947
27683,679.904639874213
27684,138.93584154228938
27685,0.0
27686,1109.0133683901631
27687,115.78108651336152
27688,175.42493490284141
27689,16.806248051824696
27690,165.64585868318136
27691,652.0944389609276
27692,0.0
27693,166.50155717282087
27694,752.7356903548816
27695,113.14264421172538
27696,246.5449234947382
27697,515.7048105524163
27698,11.592609061862277
27699,0.0
27700,149.08198077658653
27701,45.24037351411698
27702,0.0
27703,74.92488434469033
27704,0.0
27705,0.0
27706,416.15306304898877
27707,0.0
27708,659.1182780840945
27709,132.98885425644949
27710,1070.822768471855
27711,0.0
27712,722.1190214459375
27713,700.2478141514684
27714,449.0673716529809
27715,0.0
27716,515.0150923928868
27717,141.779954013512
27718,693.2239750283006
27719,156.2270656523733
27720,701.9032025660736
27721,578.2569433692397
27722,464.9346795318397
27723,0.0
27724,30.888349742485843
27725,578.6368370053306
27726,683.2000784353795
27727,610.5187751807607
27728,6104.91494473098
27729,0.0
27730,574.222936203796
27731,0.0
27732,163.99558302459081
27733,48.166726799514436
27734,578.3180646899282
27735,0.0
27736,665.9129701925522
27737,650.8771253031709
27738,463.34936963920154
27739,0.0
27740,0.0
27741,6.547293498755607
27742,5896.165183555557
27743,628.3233579690996
27744,1110.2969161246228
27745,50.50829368350787
27746,158.73914944537592
27747,0.0
27748,152.8390389577262
27749,154.03280775235817
27750,697.7927358118986
27751,763.187436192622
27752,639.7274811577854
27753,642.99247493435
27754,1110.847008010819
27755,0.0
27756,662.2405781952248
27757,579.479369783011
27758,543.2446521267357
27759,9.852662015829083
27760,132.8138870699131
27761,694.7926783421453
27762,77.92072859910422
27763,0.0
27764,114.81441936952797
27765,746.6897923627312
27766,82.18701016177056
27767,69.30262238201976
27768,0.0
27769,61.62614512471828
27770,0.0
27771,700.9863827557447
27772,26.643067923930175
27773,433.1848151303866
27774,0.0
27775,665.2406356649781
27776,109.79364705490116
27777,1106.1406663178013
27778,0.0
27779,0.0
27780,151.05859147561114
27781,156.0437016903079
27782,0.0
27783,660.3407044978658
27784,131.18365932687357
27785,5815.6499044390675
27786,108.88286769981369
27787,0.0
27788,545.8043992952789
27789,573.3650651580729
27790,116.05268129987053
27791,0.0
27792,121.6497817746149
27793,0.0
27794,0.0
27795,6074.40518019537
27796,728.7201240802997
27797,26.936527425228633
27798,596.1735432869273
27799,6248.8352039284355
27800,686.1950231491182
27801,686.4446211878876
27802,674.4597295769181
27803,0.0
27804,211.16590432810153
27805,66.41006257455683
27806,0.0
27807,662.9455300634863
27808,63.67236274915649
27809,588.494406450689
27810,1107.1797287695072
27811,0.0
27812,83.64661009923202
27813,88.1736272966773
27814,19.283623869837356
27815,777.0568632329068
27816,696.5856476661702
27817,1128.689320895859
27818,661.7567203857316
27819,0.0
27820,0.0
27821,703.4923569039756
27822,0.0
27823,578.2569433692397
27824,250.33444537742707
27825,92.05578857417822
27826,6352.435842495512
27827,0.0
27828,28.594277896128915
27829,1110.174673483246
27830,0.0
27831,0.0
27832,0.0
27833,507.31554107390275
27834,0.0
27835,150.08065034459378
27836,0.0
27837,152.56589605583395
27838,0.0
27839,131.6389275352285
27840,5804.366745451688
27841,0.0
27842,1199.3251165877546
27843,45.93475523440247
27844,579.0515205381907
27845,0.0
27846,1161.990215159085
27847,1056.0976429419306
27848,431.2791668787613
27849,686.1134508043724
27850,481.3409738838536
27851,67.51024634695023
27852,77.49287935428401
27853,181.77677458894232
27854,580.1290807304431
27855,0.0
27856,0.0
27857,0.0
27858,0.0
27859,0.0
27860,0.0
27861,183.90068254499784
27862,0.0
27863,682.8048465312468
27864,0.0
27865,44.408199431577486
27866,557.4808070911513
27867,109.17774833463773
27868,650.2556865842562
27869,0.0
27870,130.48601921767568
27871,579.6016124243879
27872,696.0049951196288
27873,0.0
27874,632.8463357000519
27875,0.0
27876,757.9310026134071
27877,697.5024674764982
27878,0.0
27879,127.97164829391659
27880,248.19519915332876
27881,0.0
27882,0.0
27883,71.15888686910057
27884,45.929642478388814
27885,60.53763812294983
27886,661.685373553014
27887,456.5174690268941
27888,596.2141505952814
27889,0.0
27890,0.0
27891,50.67270094774449
27892,540.3108287336854
27893,719.0018340908218
27894,0.0
27895,578.562549972683
27896,136.30149867630644
27897,358.69837623511285
27898,0.0
27899,560.7664693355473
27900,550.1160812368571
27901,241.11023870947156
27902,0.0
27903,697.746952759252
27904,172.91929584511763
27905,698.4701830954864
27906,0.0
27907,33.84231469981387
27908,657.600470578911
27909,0.0
27910,0.0
27911,236.80841432620764
27912,0.0
27913,0.0
27914,0.0
27915,6049.844971197757
27916,0.0
27917,0.0
27918,13.432465879675874
27919,417.45399441540394
27920,494.07684988509845
27921,0.0
27922,693.8963095558747
27923,34.0058721881087
27924,579.1737631795677
27925,134.44893051637155
27926,561.6981782186604
27927,30.074832307310317
27928,489.88088460807376
27929,0.0
27930,1108.5243978246544
27931,0.0
27932,0.0
27933,511.4263181042179
27934,0.0
27935,0.0
27936,597.1383187059855
27937,0.0
27938,0.0
27939,693.1017323869237
27940,0.0
27941,0.0
27942,0.0
27943,452.8568935356707
27944,0.0
27945,0.0
27946,562.298169024758
27947,190.5782447680922
27948,132.2063701901734
27949,46.29900987174824
27950,40.280220566991375
27951,579.479369783011
27952,0.0
27953,674.7653361803614
27954,621.4624317839398
27955,238.29865795779915
27956,0.0
27957,673.7822822933304
27958,0.0
27959,6144.195502909654
27960,6435.69003017825
27961,16.745126731135315
27962,58.570079090291074
27963,34.85318263129648
27964,620.7494269597346
27965,98.86284520730442
27966,211.7108834582832
27967,638.0925437672367
27968,684.055776925019
27969,0.0
27970,208.30323758731993
27971,0.0
27972,0.0
27973,0.0
27974,522.28515188658
27975,65.22025350147305
27976,471.2568390793167
27977,563.88732336266
27978,689.7400597490532
27979,607.7712559497068
27980,0.0
27981,46.09607200375649
27982,585.1410290269032
27983,0.0
27984,33.22179794411932
27985,650.8057784704533
27986,630.880227925989
27987,659.0673822754361
27988,5971.631830286943
27989,1164.0683400624957
27990,17.620245487565626
27991,699.5194710592205
27992,578.562549972683
27993,1071.5562243201175
27994,0.0
27995,0.0
27996,0.0
27997,48.45826665372533
27998,0.0
27999,0.0
28000,525.2186401891231
28001,651.1113850738957
28002,566.178313096897
28003,196.619030004229
28004,0.0
28005,162.89539925219742
28006,11.441816353731156
28007,595.5725555920708
28008,0.0
28009,694.324158800694
28010,167.1127703797065
28011,0.0
28012,492.7147971979948
28013,0.0
28014,8.126077414571228
28015,0.0
28016,45.927895663669915
28017,209.33226470744557
28018,47.88041198440715
28019,580.5367107026896
28020,541.5943764681451
28021,134.23972536130077
28022,136.14179806170887
28023,1108.341033862589
28024,11.564058995108098
28025,1053.2249408695689
28026,153.65099975863268
28027,519.6574831155385
28028,540.3800030103184
28029,72.06911670902537
28030,66.0560942560096
28031,679.8944143621848
28032,579.1126418588792
28033,592.7375836164101
28034,0.0
28035,36.28046377726696
28036,0.0
28037,675.1167258364503
28038,137.2346700750395
28039,632.1231053638185
28040,0.0
28041,0.0
28042,152.34213921006994
28043,529.9861032028293
28044,466.71930736608647
28045,680.2662550423302
28046,0.0
28047,182.45279624453815
28048,0.0
28049,93.6449429120803
28050,0.0
28051,250.21220273605013
28052,0.0
28053,0.0
28054,46.39816201983831
28055,763.4879300400507
28056,464.37034312314427
28057,122.66589346851288
28058,6157.846008447256
28059,0.0
28060,694.6908867248258
28061,0.0
28062,6190.841296107039
28063,27.72105086447573
28064,645.9160728153702
28065,42.16073698583932
28066,159.83933321777022
28067,0.0
28068,532.4137802967507
28069,0.0
28070,682.8944718319372
28071,70.04883783586774
28072,633.1285510795069
28073,177.74276742349866
28074,664.6803182667518
28075,487.6395885682059
28076,581.326175115626
28077,0.0
28078,0.0
28079,0.0
28080,529.0081620718129
28081,0.0
28082,507.2544197532143
28083,685.4615673008557
28084,1074.4289263924784
28085,122.55453813741588
28086,0.0
28087,744.9783953834522
28088,66.48394350082981
28089,630.5848468345757
28090,465.4968809523152
28091,597.0771973852961
28092,579.2348845002562
28093,1109.6245815970487
28094,0.0
28095,171.9963499584137
28096,610.0378575711966
28097,727.5639317432315
28098,578.0735794071743
28099,135.29831045760147
28100,631.4580825953071
28101,507.865632960099
28102,224.41900540548613
28103,0.0
28104,116.71033083876773
28105,237.9319300336674
28106,0.0
28107,0.0
28108,104.92860093455783
28109,576.851152993403
28110,124.15948511319857
28111,645.6818130446454
28112,579.357127141634
28113,5625.279318128139
28114,0.0
28115,35.28285590795713
28116,592.0630765327523
28117,665.4515042117164
28118,0.0
28119,126.5384389545452
28120,171.2690201865271
28121,0.0
28122,41.373891586105856
28123,600.6862955058505
28124,169.2520166038048
28125,705.9167587074598
28126,0.0
28127,2.5525613373356464
28128,6085.407354326459
28129,56.38138831612923
28130,559.8533161972164
28131,618.7935446977017
28132,9.661757281353857
28133,138.8022315900671
28134,0.0
28135,0.0
28136,653.1895099773064
28137,578.1958220485512
28138,0.0
28139,1110.4802800866883
28140,664.3513204393221
28141,91.6879188512321
28142,379.2087694980819
28143,0.0
28144,518.1881269710138
28145,103.1465104019253
28146,9.795265180835486
28147,153.91056511098122
28148,0.0
28149,116.75902764437797
28150,0.0
28151,0.0
28152,498.05220983300023
28153,0.0
28154,508.23236088423073
28155,0.0
28156,173.28602376924846
28157,164.30118962803317
28158,0.0
28159,117.2738394028911
28160,0.0
28161,185.79058892877674
28162,0.0
28163,444.7420024065932
28164,139.85266135261736
28165,649.5935775687121
28166,1075.284624882118
28167,0.0
28168,73.01223931480126
28169,444.9492463222896
28170,139.40148017273168
28171,85.14069128992196
28172,529.8638605614524
28173,0.0
28174,542.5649692987863
28175,48.28958768033772
28176,561.6981782186604
28177,701.5364746419418
28178,805.717649879818
28179,504.01498975672166
28180,77.1694486527067
28181,580.8739377580605
28182,0.0
28183,611.8634442359089
28184,90.6997522081856
28185,1110.2357948039344
28186,20.25357503318719
28187,515.6475633321388
28188,0.0
28189,0.0
28190,0.0
28191,0.0
28192,6105.653513335257
28193,0.0
28194,116.77030163156178
28195,0.0
28196,0.0
28197,0.0
28198,99.77207815847123
28199,169.00753132105092
28200,101.47075909097111
28201,131.12358648133886
28202,619.7154772640442
28203,544.8264581642616
28204,212.3272094211834
28205,109.85709607208082
28206,661.2575243081938
28207,0.0
28208,672.6260899562621
28209,1108.5855191453438
28210,0.0
28211,158.9836347281307
28212,637.3590879189742
28213,4.987793668750783
28214,1055.1808231316027
28215,80.82883157507877
28216,0.0
28217,168.0197677865126
28218,420.7371621006296
28219,0.0
28220,560.0978014799712
28221,0.0
28222,0.0
28223,0.0
28224,0.0
28225,0.0
28226,625.9498519742756
28227,0.0
28228,183.23857352945197
28229,649.7667160187484
28230,30.860439051439243
28231,0.0
28232,46.96915412535145
28233,6561.4419188631655
28234,6170.202440007669
28235,0.0
28236,650.3270334169747
28237,0.0
28238,0.0
28239,25.235568091048663
28240,362.5490194384911
28241,62.55941937117859
28242,0.0
28243,0.0
28244,0.0
28245,752.8630457522731
28246,654.2285724290114
28247,1105.835059714359
28248,65.20749389588764
28249,5908.547375287436
28250,5134.246599844155
28251,6390.197816015389
28252,5852.504236972059
28253,6453.112106027955
28254,5896.995445677302
28255,6116.629224975469
28256,5831.031979861491
28257,0.0
28258,5468.458203987448
28259,5887.438617367236
28260,6463.375375147615
28261,5850.68296187607
28262,0.0
28263,6298.23695139493
28264,0.0
28265,5909.336839700372
28266,5979.716927708727
28267,6403.218829878133
28268,5783.877392723301
28269,6470.098720423355
28270,5784.336135131621
28271,6423.463152737999
28272,0.0
28273,6510.97865845196
28274,5693.194553771525
28275,360.66142230440164
28276,5998.859123485027
28277,5717.1988087012505
28278,5822.657740687715
28279,0.0
28280,6334.955543292303
28281,5364.308979587349
28282,5981.857170821584
28283,0.0
28284,6293.305115476792
28285,5981.200174562053
28286,6337.5979226826275
28287,5842.363210493775
28288,0.0
28289,393.40908557197235
28290,6262.11309163228
28291,5857.317932233668
28292,5538.101553315991
28293,6102.515312652431
28294,5939.464538043809
28295,5851.109411123625
28296,5703.213053779255
28297,5347.317252435935
28298,6970.393336517397
28299,6316.846265168144
28300,5929.4956531268035
28301,6453.779327799514
28302,5269.331559993372
28303,4862.073487093375
28304,6437.59240332908
28305,6350.3031044299
28306,6256.994238962486
28307,6091.2605615812945
28308,5801.906458149234
28309,5931.702130316364
28310,5903.647444120324
28311,0.0
28312,5310.812485716834
28313,5935.430530878365
28314,6393.3354543945625
28315,5858.5926427264185
28316,0.0
28317,6278.9338528897415
28318,5371.994460132681
28319,5822.291012763584
28320,5207.811106173085
28321,6394.002676166122
28322,5611.791180126417
28323,0.0
28324,0.0
28325,5855.52892984242
28326,5605.240671753652
28327,5836.226702039121
28328,5904.513368121992
28329,443.8146642223701
28330,6391.822759645392
28331,6252.124752579976
28332,5877.279100287908
28333,5906.347007742648
28334,293.58868348196575
28335,0.0
28336,5895.222927377334
28337,6425.795988436192
28338,6559.738134093372
28339,5290.927837220484
28340,6180.796171336449
28341,5996.9032412229935
28342,5250.345787249647
28343,4867.268799351901
28344,5781.272422247624
28345,0.0
28346,5701.02910331305
28347,6346.696946509276
28348,0.0
28349,5230.40708272017
28350,0.0
28351,0.0
28352,0.0
28353,5786.834462430281
28354,5861.029848704389
28355,5945.332184829908
28356,5844.87429739802
28357,391.6068308423273
28358,0.0
28359,5862.925064015572
28360,6431.164439144754
28361,0.0
28362,6360.182134801302
28363,5941.114813702399
28364,5171.682647523496
28365,6383.000838442184
28366,5026.653852420042
28367,6411.80431875453
28368,5831.164147754117
28369,5629.754592900487
28370,6307.414215774517
28371,6536.578266308429
28372,5876.302427467642
28373,4921.957043100101
28374,0.0
28375,6356.598265370312
28376,5875.34827264153
28377,5718.67520771079
28378,5338.967234858665
28379,5935.858380123185
28380,0.0
28381,0.0
28382,5926.751303340592
28383,5928.95167088538
28384,6880.75392284738
28385,5880.8594170155275
28386,4962.645275676863
28387,5814.38433933618
28388,0.0
28389,6461.602856847648
28390,0.0
28391,6365.031170159754
28392,5719.60099794594
28393,5916.78852806836
28394,0.0
28395,0.0
28396,0.23260721831320552
28397,6349.141799336818
28398,5704.421825751423
28399,6882.343077185282
28400,5997.6315843152415
28401,5713.061766558226
28402,5888.382452216232
28403,5200.507602195622
28404,6487.630313948937
28405,0.0
28406,6239.149579982833
28407,5910.004061471932
28408,5796.282512360123
28409,5599.804748312784
28410,6355.689833606436
28411,5840.190307999275
28412,5242.173414365929
28413,0.0
28414,5822.5966193670265
28415,5932.74119276807
28416,228.816949825954
28417,6031.182076617236
28418,5910.197650946026
28419,6364.980274351094
28420,5745.027479079319
28421,6349.569648581637
28422,5937.508655781776
28423,5789.827222860989
28424,5788.304947966438
28425,6406.848379022744
28426,0.0
28427,5940.442479174825
28428,5925.284391644067
28429,5430.605161510359
28430,5821.8020421980755
28431,6879.95934567843
28432,6878.920283226724
28433,5232.086495998465
28434,5333.73542614108
28435,5729.5281228451895
28436,6475.355154002569
28437,5977.038811999218
28438,6136.673305402561
28439,6298.921573230049
28440,6337.5979226826275
28441,5302.912168405705
28442,6881.60962133702
28443,5671.792010928564
28444,6206.9423731703255
28445,5731.850733031354
28446,5961.162416707792
28447,6190.5630978814
28448,0.0
28449,6616.720379392066
28450,5980.466718713791
28451,0.0
28452,5281.654074771976
28453,6044.012441205816
28454,6013.579136258936
28455,6901.163331201338
28456,5210.928293528201
28457,6431.531167068886
28458,5538.5227528335245
28459,0.0
28460,0.0
28461,6515.975268480377
28462,5580.70589739883
28463,5676.796227455806
28464,6405.075860722776
28465,0.0
28466,0.0
28467,5937.264170499021
28468,0.0
28469,0.0
28470,5822.809500629457
28471,5962.313686469294
28472,5968.425818538148
28473,5717.972128137834
28474,5400.343937339239
28475,5902.251879256516
28476,0.0
28477,6211.565759422857
28478,6246.659606108583
28479,6527.165582922395
28480,5720.283069255899
28481,5158.791161614228
28482,5940.075751250694
28483,5977.471438909545
28484,0.0
28485,5210.452777208485
28486,5340.716149801573
28487,5812.414212551649
28488,6879.531496433609
28489,5954.296567947066
28490,5296.70307364637
28491,6300.288353282546
28492,5879.142907280234
28493,0.0
28494,6249.909715986942
28495,6846.719572735892
28496,5810.329736236621
28497,6340.041974322879
28498,5346.124658303327
28499,5932.8634354094465
28500,5348.910313737457
28501,6268.5067424526105
28502,6237.245848616666
28503,6549.836480141828
28504,5813.215447383937
28505,5771.764809808074
28506,6351.158802919539
28507,5889.792575086738
28508,5915.785532321688
28509,5812.519071561071
28510,6433.976019896428
28511,6315.47417714946
28512,0.0
28513,5249.227052907051
28514,6293.209226892192
28515,0.0
28516,6433.914898575738
28517,5813.232975925951
28518,0.0
28519,5255.546857630836
28520,5173.074638547672
28521,5897.4854647179645
28522,5970.243714504391
28523,6420.666910254369
28524,6406.1098104184675
28525,5726.405143007606
28526,5880.803408450853
28527,6456.652029871876
28528,6881.60962133702
28529,5743.163756211532
28530,0.0
28531,6431.541392580914
28532,5999.464210615536
28533,6501.010770423713
28534,5268.212124998376
28535,5942.540274840949
28536,5808.037518757367
28537,5802.475623484767
28538,6273.438785799161
28539,6452.4397715003815
28540,5911.470973168457
28541,5317.0368066973615
28542,6881.548500016332
28543,0.0
28544,5947.960066529009
28545,5789.341379677992
28546,5938.180990309349
28547,6424.629570587095
28548,5698.13406940244
28549,5939.036688798989
28550,6525.270821981049
28551,5885.677775837893
28552,6019.080055120905
28553,6288.239942178584
28554,5784.127740688029
28555,0.0
28556,5921.617112402755
28557,5817.775505140285
28558,5356.748426423015
28559,5847.460015970858
28560,0.0
28561,5413.897299205035
28562,6188.688194675156
28563,5667.786856267366
28564,6431.653409710263
28565,0.0
28566,852.8807123084935
28567,5755.540346237748
28568,6494.654153072105
28569,6472.782945777636
28570,6221.6025032791495
28571,5386.634423046624
28572,297.0730362295253
28573,5914.31508563968
28574,6465.759106654468
28575,5928.762197278541
28576,6474.438334192241
28577,6350.792074995408
28578,5895.997230280702
28579,0.0
28580,0.0
28581,360.6947808419691
28582,6455.735210061548
28583,6383.053906806928
28584,6228.445469444923
28585,0.0
28586,6346.758067829965
28587,5453.121848819034
28588,5936.5307146507585
28589,5820.701858425682
28590,6350.853196316097
28591,5716.709838135742
28592,6438.44810181872
28593,6423.412256929339
28594,6235.884501265368
28595,5188.345981863382
28596,5344.695416713093
28597,5779.082425124923
28598,6019.6957082695
28599,6400.858489595267
28600,6882.8320477507905
28601,0.0
28602,5931.2742810715445
28603,5639.890109172437
28604,5925.374170583895
28605,5926.567939378527
28606,6470.327867438065
28607,6535.72256781879
28608,6412.262612783952
28609,6415.527606560517
28610,6883.382139636988
28611,0.0
28612,6434.775709821393
28613,6352.014501409179
28614,6315.779783752903
28615,0.0
28616,5905.349018696081
28617,6467.327809968313
28618,0.0
28619,5357.809056066867
28620,5887.349550995696
28621,6519.224923988899
28622,0.0
28623,5841.837754008187
28624,5124.2525473111145
28625,5834.161276750886
28626,5360.702821666726
28627,6473.521514381913
28628,0.0
28629,6205.719946756554
28630,0.0
28631,447.2985795016166
28632,5882.328778681069
28633,6878.67579794397
28634,5674.963521735631
28635,5223.951602224227
28636,5923.593723101778
28637,5928.5788333164755
28638,5365.16467807699
28639,6432.875836124033
28640,5903.718790953041
28641,5597.707848275705
28642,0.0
28643,5754.057595816591
28644,6318.339530921446
28645,6345.9001967842405
28646,5547.115232048734
28647,5760.356659696202
28648,5894.1849134007825
28649,5249.214735944358
28650,5366.27550488143
28651,6197.935704909312
28652,6501.255255706467
28653,5799.471659051395
28654,6368.708674913095
28655,6372.365728642379
28656,6458.730154775287
28657,6458.979752814055
28658,6446.994861203087
28659,5038.940460102438
28660,5983.701035954269
28661,5838.9451942007245
28662,5694.515831602685
28663,6435.480661689653
28664,0.0
28665,370.5523502873275
28666,6879.714860395676
28667,0.0
28668,5856.1817417254
28669,5860.708758922846
28670,0.0
28671,6549.5919948590745
28672,6469.120779292338
28673,6901.224452522027
28674,6434.291852011898
28675,5368.098501470039
28676,5251.938815687961
28677,6476.027488530143
28678,0.0
28679,6350.792074995408
28680,6022.869577003595
28681,5864.590920200347
28682,6475.966367209455
28683,5762.459815081138
28684,5801.129409522297
28685,6882.7098051094135
28686,5382.821330670083
28687,5282.612731817183
28688,5767.397882451325
28689,6279.85067270007
28690,0.0
28691,5922.615781970761
28692,0.0
28693,5925.101027682002
28694,5394.874420281692
28695,5904.174059161396
28696,5927.897270165631
28697,5752.453747760932
28698,6971.860248213922
28699,5818.46988686057
28700,6351.586652164359
28701,5378.45593649371
28702,6934.525346785253
28703,6828.632774568098
28704,213.33711071539983
28705,6458.64858243054
28706,6253.876105510021
28707,5840.045377973118
28708,5850.028010980452
28709,5954.31190621511
28710,6352.664212356611
28711,5625.897039493511
28712,0.0
28713,5734.738145722998
28714,5313.107803451398
28715,5322.511015956022
28716,5757.978835926726
28717,0.0
28718,5384.64704110859
28719,6455.339978157414
28720,0.0
28721,5475.47075018044
28722,6330.015938717319
28723,5881.712879960805
28724,6422.790818210425
28725,0.0
28726,0.0
28727,6352.136744050556
28728,6468.540126745797
28729,5352.636075646589
28730,6405.381467326219
28731,5385.450637997175
28732,6530.466134239576
28733,6470.037599102667
28734,0.0
28735,5900.506779920084
28736,6020.7303307794955
28737,0.0
28738,5307.12976755302
28739,0.0
28740,0.0
28741,5833.0727697491175
28742,6434.220505179182
28743,6229.052600653062
28744,6368.749282221449
28745,5741.276570402402
28746,0.0
28747,5823.207832573912
28748,322.3687725703239
28749,6491.5369657169895
28750,0.0
28751,6351.097681598851
28752,5908.836630302473
28753,6131.2335078612805
28754,5757.550986681907
28755,6333.301600961715
28756,6322.651212863024
28757,6013.645370335639
28758,0.0
28759,6470.282084385421
28760,5945.454427471286
28761,6471.005314721654
28762,5620.386633318527
28763,5806.3774463259815
28764,6430.135602205079
28765,0.0
28766,0.0
28767,18.866358162846154
28768,5715.423663475361
28769,5266.641609379637
28770,5279.144800172627
28771,6173.3754959117
28772,0.0
28773,5385.170294913025
28774,5785.9675975058435
28775,6189.989126041572
28776,276.13479372173697
28777,5719.119745926107
28778,6466.431441182042
28779,5806.541003814276
28780,6351.708894805736
28781,5906.984062142538
28782,6334.233309844828
28783,5802.609963933478
28784,271.93882844471227
28785,5659.136812436049
28786,6881.059529450823
28787,5381.930864916532
28788,5676.002584187336
28789,6283.9614497303855
28790,0.0
28791,0.0
28792,6369.673450332153
28793,5263.48175844167
28794,0.0
28795,6465.636864013091
28796,0.0
28797,4902.226372763027
28798,0.0
28799,6225.392025161838
28800,5699.154359951871
28801,0.0
28802,6334.8333006509265
28803,5963.11337639426
28804,0.0
28805,5818.834141497916
28806,5812.81535219316
28807,6352.014501409179
28808,5737.926535000773
28809,6447.300467806529
28810,6393.997563410107
28811,6010.833789583967
28812,5224.3138627589915
28813,6446.317413919498
28814,5201.711100070114
28815,6267.7260276235975
28816,6559.220554892193
28817,5789.280258357304
28818,0.0
28819,5807.388314257464
28820,6393.284558585902
28821,0.0
28822,5984.246015084452
28823,6410.627675393405
28824,6456.590908551188
28825,0.0
28826,5980.838369213488
28827,5366.644967618545
28828,5270.962956407496
28829,0.0
28830,6294.820283512749
28831,5837.75538512764
28832,6243.791970705484
28833,6336.422454988829
28834,6462.275191375222
28835,6380.306387575874
28836,5700.2733156265385
28837,5818.631203629924
28838,6357.676160653071
28839,5664.50061648538
28840,5805.756929570287
28841,432.86372230709185
28842,6403.415359552157
28843,6431.602513901603
28844,6095.162355000886
28845,6936.603471688663
28846,0.0
28847,6472.054602685388
28848,6351.097681598851
28849,6844.091355946284
28850,0.0
28851,5759.396735836842
28852,5722.502704454893
28853,0.0
28854,5742.753719337902
28855,5638.419323375501
28856,6297.753771815291
28857,6423.646516700064
28858,6338.713444723065
28859,5969.154161630397
28860,5165.326030171887
28861,5935.430530878365
28862,5783.976947979899
28863,6368.107687218238
28864,0.0
28865,6466.859290426863
28866,5939.647902005874
28867,5710.122004552361
28868,6265.249928824162
28869,5284.286004320333
28870,0.0
28871,0.0
28872,0.0
28873,5981.867396333613
28874,5820.415543610575
28875,6353.071842328857
28876,6314.129508094313
28877,5906.774856987468
28878,0.0
28879,6880.876165488758
28880,5784.099190621276
28881,6825.760072495737
28882,0.0
28883,6292.192614741705
28884,6312.915134636486
28885,5844.604248335194
28886,0.0
28887,6452.429545988352
28888,6351.647773485048
28889,6365.272715242578
28890,5392.443715643357
28891,5808.815595403434
28892,5188.16773065733
28893,6447.651857462617
28894,5909.769801701207
28895,414.181049200457
28896,5276.378357106952
28897,5190.411980800909
28898,5924.877270836238
28899,6302.521234828997
28900,6239.254438992254
28901,6452.801386668498
28902,5400.828240319571
28903,0.0
28904,5757.929824140317
28905,5866.180074538249
28906,5402.4064909155895
28907,6022.747334362218
28908,5286.484042672032
28909,0.0
28910,0.0
28911,6536.023061666218
28912,6236.905474749312
28913,5895.2010250946805
28914,6281.376533161199
28915,5363.670911867098
28916,6467.226018350993
28917,5217.6116303055605
28918,6314.371820820982
28919,5800.256182490643
28920,6418.451204441538
28921,5814.695868612007
28922,5932.374464843938
28923,5221.937899092624
28924,6304.948911922918
28925,0.0
28926,6455.429603458105
28927,5842.5839694620345
28928,6405.663682705675
28929,5950.277899049666
28930,446.7382621033903
28931,6260.1747201943745
28932,6353.861306741794
28933,5273.727182326933
28934,5377.324285908526
28935,0.0
28936,6301.5432936979805
28937,0.0
28938,6279.789551379381
28939,6457.996698927023
28940,6846.964058018646
28941,5895.0896697635835
28942,0.0
28943,6517.513527009619
28944,0.0
28945,412.64279067121424
28946,247.55482478895374
28947,6369.612329011465
28948,6351.770016126425
28949,6882.159713223216
28950,5382.034162587027
28951,0.0
28952,6382.572989197365
28953,6500.0990633694
28954,6350.608711033343
28955,5907.833442083768
28956,413.51602643194565
28957,6280.400764586267
28958,5996.954137031654
28959,0.0
28960,0.0
28961,6010.467061659835
28962,5276.459836619331
28963,5730.995034541715
28964,5877.463732560725
28965,6349.386284619572
28966,5896.694616739366
28967,6418.216944670812
28968,6351.892258767802
28969,5748.809842842082
28970,4868.771268589043
28971,5807.817987534125
28972,6364.598208158919
28973,6437.986635837884
28974,5277.868265648036
28975,5899.073570580712
28976,5943.804151812695
28977,0.0
28978,5813.909023212274
28979,6373.221427132018
28980,5941.787148229973
28981,6478.4518903336275
28982,5206.867142029274
28983,5775.087692963503
28984,6208.937879040403
28985,5828.916519942296
28986,6332.388447823385
28987,400.8514885343402
28988,5782.196888907522
28989,5911.337363216235
28990,5256.702404601256
28991,5317.216085922542
28992,6425.724641603474
28993,6350.73095367472
28994,5675.4524923011395
28995,6883.015411712857
28996,6436.88645206549
28997,5864.223050477399
28998,6151.7439011242495
28999,5699.688278703165
29000,6290.7232585971815
29001,0.0
29002,5782.330396807003
29003,5926.44569673715
29004,5326.194506851831
29005,5889.294159270546
29006,5733.535775953856
29007,5659.765409274889
29008,6270.587341459167
29009,5667.34863660046
29010,6280.767492510398
29011,0.0
29012,5945.821155395417
29013,5936.836321254202
29014,5248.17600340858
29015,5889.808971029059
29016,5636.650679175945
29017,0.0
29018,5756.627818668021
29019,226.79994624323172
29020,5912.387792978785
29021,6422.12870919488
29022,6847.8197565082855
29023,0.0
29024,5845.547370940968
29025,6217.484377948457
29026,0.0
29027,5857.67582291609
29028,6302.39899218762
29029,5673.0974096843465
29030,6315.100100924953
29031,5479.3521384292
29032,6334.233309844828
29033,6474.0716062681095
29034,6578.252781505986
29035,6276.550121382888
29036,5849.704580278874
29037,6011.9364885069235
29038,5771.398081883943
29039,6384.3985758620765
29040,5863.234883834353
29041,6882.770926430102
29042,0.0
29043,6288.1826949583065
29044,5359.623028949231
29045,0.0
29046,5350.963468149751
29047,5758.5900491336115
29048,6229.1840380492
29049,5400.511729974244
29050,5889.3054332577285
29051,0.0
29052,5724.54111068004
29053,5661.276058660147
29054,5872.307209784639
29055,5941.5426629472195
29056,5874.005890717139
29057,5562.186137230202
29058,6392.250608890212
29059,6317.361589790429
29060,5984.862341047351
29061,5882.3922276982485
29062,6433.792655934361
29063,5768.470754812568
29064,6445.16122158243
29065,6881.1206507715115
29066,0.0
29067,5931.518766354298
29068,419.4170317556127
29069,5777.5229252949175
29070,6827.71595475777
29071,5853.3639632012455
29072,5757.550336610601
29073,5940.55489941268
29074,6193.272293726797
29075,5292.478689308991
29076,6332.632933106139
29077,5292.185821174872
29078,0.0
29079,5737.610702885301
29080,5705.368717081936
29081,5652.3268748919145
29082,6398.484983600443
29083,5402.428265536149
29084,5955.7737051556205
29085,6422.301847644916
29086,0.0
29087,0.0
29088,5819.504285751519
29089,6684.972443577109
29090,6293.732964721612
29091,5706.84773831274
29092,6422.862165043141
29093,0.0
29094,5746.427511332494
29095,0.0
29096,6135.084151064659
29097,5835.094550997346
29098,4974.017070058695
29099,0.0
29100,5378.2184644208255
29101,6525.398177378441
29102,6426.76370405518
29103,6878.3701913405275
29104,5837.742625522055
29105,5965.9709909757175
29106,5191.670215532436
29107,6447.621431703671
29108,5909.92785266034
29109,6510.535721716236
29110,5954.419061365584
29111,6174.05284066375
29112,5888.455595549773
29113,5879.286779207046
29114,5525.881819675729
29115,5944.862233055517
29116,6520.798990835897
29117,5908.106577564352
29118,5483.709363487844
29119,6355.660567083211
29120,5390.141892199289
29121,5966.760455388654
29122,6037.1405433970085
29123,6460.642445566415
29124,5841.301008411583
29125,6527.522336111637
29126,5841.759750819902
29127,6480.8867684262805
29128,5463.069536600363
29129,6568.402274140241
29130,5750.618169459806
29131,6408.562225782212
29132,6056.282739173308
29133,5774.622424389532
29134,5880.081356375997
29135,5953.568140541451
29136,6392.379158980584
29137,5421.732595275631
29138,6039.280786509866
29139,5324.227021837837
29140,6350.728731165073
29141,6038.623790250334
29142,6395.021538370909
29143,5899.786826182057
29144,5815.698582632382
29145,6441.309889049783
29146,6319.536707320562
29147,5914.74154792195
29148,5936.997749881577
29149,6159.938928340712
29150,5996.88815373209
29151,5908.533026811907
29152,5760.636669467536
29153,5404.740868124217
29154,7027.816952205679
29155,6374.2698808564255
29156,5986.919268815085
29157,6511.202943487796
29158,5326.755175681654
29159,5260.969683658961
29160,6495.016019017361
29161,6407.726720118181
29162,6314.417854650767
29163,6490.156758146881
29164,5859.330073837516
29165,5989.125746004645
29166,5961.071059808605
29167,5519.2106252958565
29168,5368.236101405115
29169,5992.854146566647
29170,6450.759070082844
29171,5916.016258414699
29172,5447.78025243501
29173,6336.357468578023
29174,5429.418075820962
29175,5879.714628451866
29176,5265.234721861367
29177,6451.426291854404
29178,5669.214795814699
29179,5844.089268138774
29180,5899.827496478688
29181,5912.952545530702
29182,5662.664287441934
29183,5893.650317727403
29184,5961.936983810274
29185,6491.71546770018
29186,6449.246375333673
29187,6309.548368268258
29188,5934.702715976189
29189,5963.77062343093
29190,6341.4894869597765
29191,6012.138065566588
29192,5952.646543065615
29193,6483.219604124473
29194,6617.161749781653
29195,5348.351452908766
29196,6238.219787024731
29197,6054.326856911275
29198,5307.769402937929
29199,5266.164995917487
29200,5838.696037935905
29201,5352.21036120116
29202,5758.452719001331
29203,6404.120562197557
29204,5939.8195561452785
29205,5287.830698408452
29206,5825.20789280203
29207,5451.753138279765
29208,5463.909458883726
29209,5844.2580781185625
29210,5918.453464392671
29211,6002.75580051819
29212,5902.297913086301
29213,6439.507634320138
29214,5879.470143169112
29215,5920.348679703853
29216,6488.588054833036
29217,5351.293541390832
29218,6417.605750489583
29219,5998.538429390681
29220,5229.106263211777
29221,6440.424454130466
29222,5425.550048985629
29223,6469.227934442812
29224,5888.587763442399
29225,6028.650789466074
29226,6364.837831462799
29227,6594.001881996711
29228,5933.726043155923
29229,5320.853239665688
29230,5394.417745994619
29231,6414.021881058594
29232,5932.771888329811
29233,5776.098823399072
29234,5396.390850546946
29235,5993.281995811466
29236,5861.980491458971
29237,5316.490700769598
29238,5984.174919028874
29239,5986.3752865736615
29240,6938.177538535661
29241,5938.283032703808
29242,5361.541472242449
29243,5871.807955024462
29244,5950.3137073674225
29245,6519.026472535929
29246,5807.353369031459
29247,6422.4547858480355
29248,5777.024613634222
29249,5974.212143756642
29250,5364.13072819247
29251,5437.761468598104
29252,6048.133410696124
29253,6406.565415025099
29254,5761.845441439705
29255,6939.766692873563
29256,6055.055200003523
29257,5770.4853822465075
29258,5945.806067904514
29259,5257.931217883904
29260,6545.053929637219
29261,5338.704258786038
29262,6296.573195671114
29263,5967.4276771602135
29264,5853.706128048405
29265,5657.2283640010655
29266,6413.113449294717
29267,5897.613923687556
29268,5299.59703005421
29269,5880.264720338062
29270,5880.020235055308
29271,5990.164808456351
29272,6276.717753303764
29273,6088.605692305518
29274,5967.621266634308
29275,6422.403890039375
29276,5802.451094767601
29277,6406.993264269919
29278,5994.9322714700575
29279,5847.250838549271
29280,5845.7285636547185
29281,6464.271994711025
29282,5913.2101847984695
29283,5997.866094863107
29284,5982.708007332349
29285,5488.0287771986405
29286,5879.225657886357
29287,6937.382961366711
29288,6936.343898915005
29289,5289.510111686746
29290,5732.631622706666
29291,5786.951738533471
29292,6532.778769690851
29293,6034.462427687499
29294,6194.096921090842
29295,6356.345188918331
29296,6395.021538370909
29297,5360.335784093986
29298,6939.033237025302
29299,5729.215626616846
29300,6264.365988858606
29301,5789.274348719636
29302,6018.586032396073
29303,6247.986713569681
29304,5285.370928819498
29305,6674.143995080348
29306,6037.890334402072
29307,6022.411560198277
29308,5339.077690460258
29309,6101.4360568940965
29310,6071.002751947218
29311,6958.58694688962
29312,5268.351909216482
29313,6488.954782757168
29314,5595.946368521806
29315,5896.503812135968
29316,5913.0362917178145
29317,6573.398884168659
29318,5979.602093964416
29319,5734.2198431440875
29320,6462.499476411058
29321,5448.5137082832725
29322,5454.4424763900615
29323,5994.687786187303
29324,5481.264510660302
29325,5762.68219966312
29326,5880.233116317739
29327,6019.737302157576
29328,6025.849434226429
29329,5775.395743826116
29330,5457.767553027521
29331,5959.675494944798
29332,5888.153324227176
29333,6268.9893751111385
29334,6304.083221796865
29335,6584.589198610676
29336,5777.706684944181
29337,5216.21477730251
29338,5997.499366938976
29339,6034.895054597827
29340,5484.682191862846
29341,5267.876392896766
29342,5398.139765489855
29343,5869.83782823993
29344,6936.955112121891
29345,6011.720183635348
29346,5354.126689334651
29347,6357.711968970828
29348,5936.5665229685155
29349,5348.054111394339
29350,6307.333331675223
29351,6904.143188424174
29352,5867.753351924903
29353,6397.46559001116
29354,5403.548273991609
29355,5990.287051097728
29356,5406.3339294257385
29357,6325.930358140892
29358,6294.669464304948
29359,6607.26009583011
29360,5870.639063072219
29361,5829.188425496355
29362,6408.582418607821
29363,5947.21619077502
29364,5973.20914800997
29365,5869.942687249352
29366,6491.399635584708
29367,6372.897792837742
29368,5897.306442260863
29369,5306.650668595333
29370,6350.632842580474
29371,5796.090752930297
29372,6491.33851426402
29373,5870.656591614232
29374,5295.709451735494
29375,5312.9704733191165
29376,5230.498254235954
29377,5954.909080406245
29378,6027.667330192673
29379,6478.09052594265
29380,6463.533426106749
29381,5783.828758695888
29382,5938.227024139134
29383,6514.075645560158
29384,6939.033237025302
29385,5800.587371899814
29386,5466.12560263479
29387,6488.965008269196
29388,6056.887826303817
29389,6558.434386111995
29390,5325.635740686657
29391,5999.96389052923
29392,5865.461134445648
29393,5859.899239173049
29394,6330.862401487443
29395,6509.863387188662
29396,5968.894588856739
29397,5374.460422385643
29398,6938.972115704613
29399,5945.739833827811
29400,6005.383682217291
29401,5846.764995366274
29402,5995.604605997631
29403,6482.053186275377
29404,5755.557685090722
29405,5996.46030448727
29406,6582.694437669331
29407,5943.101391526175
29408,6076.503670809187
29409,6345.663557866865
29410,5841.551356376311
29411,5394.0126861659455
29412,5979.040728091037
29413,5875.199120828566
29414,5414.172042111297
29415,5904.88363165914
29416,5277.718809549872
29417,5471.3209148933165
29418,6246.111810363438
29419,5725.210471955647
29420,6489.077025398545
29421,5962.947601570898
29422,6900.781515786304
29423,5812.96396192603
29424,6552.077768760387
29425,6530.206561465918
29426,6279.026118967431
29427,5444.0580387349055
29428,6344.973839707336
29429,5971.738701327961
29430,6523.18272234275
29431,5986.185812966823
29432,6531.861949880523
29433,6408.21569068369
29434,6294.893426846289
29435,5292.725826279329
29436,5860.847097056935
29437,6408.59558431978
29438,6513.15882574983
29439,6440.47752249521
29440,6285.869085133205
29441,5364.904854337364
29442,6404.181683518246
29443,5510.545464507316
29444,5993.95433033904
29445,5878.125474113964
29446,6408.276812004378
29447,5774.1334538240235
29448,6495.871717507001
29449,6480.83587261762
29450,6293.30811695365
29451,5245.7695975516635
29452,5402.119032401375
29453,5836.506040813205
29454,6077.1193239577815
29455,6458.282105283549
29456,6940.255663439072
29457,5880.467040997956
29458,5988.697896759826
29459,5697.313724860719
29460,5982.797786272176
29461,5983.991555066808
29462,6527.751483126347
29463,6593.146183507071
29464,6469.686228472234
29465,6472.951222248798
29466,6940.805755325269
29467,5448.461540955802
29468,6492.199325509674
29469,6409.43811709746
29470,6373.203399441185
29471,5839.811409330278
29472,5962.772634384362
29473,6524.751425656595
29474,5907.8794759135535
29475,5415.232671755149
29476,5944.773166683977
29477,6576.6485396771795
29478,5912.14575747622
29479,5899.261369696469
29480,5523.148743876701
29481,5891.584892439168
29482,5418.1264373550075
29483,6530.945130070195
29484,5856.6018152383795
29485,6263.143562444836
29486,5764.545005062029
29487,6495.199382979427
29488,5939.75239436935
29489,6936.0994136322515
29490,5732.3871374239125
29491,5281.375217912509
29492,5981.0173387900595
29493,5986.002449004757
29494,5422.5882937652705
29495,6490.299451812315
29496,5961.142406641323
29497,5996.604044841291
29498,5938.841615014262
29499,5811.481211504872
29500,6375.763146609727
29501,6403.323812472522
29502,5946.01142861432
29503,5817.7802753844835
29504,5951.608529089064
29505,5306.63835163264
29506,5765.171701447016
29507,6255.359320597594
29508,6558.678871394749
29509,5856.895274739677
29510,6426.132290601377
29511,6429.78934433066
29512,6516.1537704635675
29513,6516.403368502337
29514,6504.418476891368
29515,5437.836656668025
29516,6041.124651642551
29517,5896.368809889006
29518,5751.939447290966
29519,6492.904277377935
29520,5893.631110063607
29521,6418.453153765137
29522,6937.138476083956
29523,5239.371716614468
29524,5913.605357413681
29525,5918.132374611127
29526,5849.242371184287
29527,6607.015610547356
29528,6526.5443949806195
29529,6958.648068210308
29530,6491.71546770018
29531,5425.522117158321
29532,5309.362431376242
29533,6533.451104218425
29534,5450.029661421355
29535,6408.21569068369
29536,6080.293192691876
29537,5922.014535888628
29538,6533.389982897736
29539,5819.88343076942
29540,5858.553025210578
29541,6940.133420797695
29542,5440.244946358364
29543,5340.036347505464
29544,5824.821498139607
29545,6337.274288388351
29546,5378.061276553443
29547,5980.039397659043
29548,5369.080155170977
29549,5982.524643370283
29550,5793.770616847279
29551,5961.597674849678
29552,5985.320885853913
29553,5809.877363449214
29554,7029.283863902204
29555,5875.893502548852
29556,6409.010267852641
29557,5435.879552181992
29558,6991.948962473534
29559,6886.05639025638
29560,6261.237914193211
29561,6516.072198118822
29562,6311.299721198303
29563,5897.4689936613995
29564,5907.451626668733
29565,6011.735521903392
29566,6410.087828044892
29567,5683.320655181793
29568,5770.079588923478
29569,5792.161761411279
29570,5370.531419139679
29571,5379.934631644303
29572,5815.4024516150075
29573,6013.859429859447
29574,5442.070656796872
29575,6512.763593845696
29576,5323.729535217345
29577,5874.366946746026
29578,6387.439554405601
29579,5939.136495649087
29580,6480.2144338987055
29581,5488.918742495602
29582,5960.444766532126
29583,6409.560359738837
29584,6525.963742434078
29585,5410.059691334871
29586,6462.8050830145
29587,5442.874253685457
29588,6587.889749927857
29589,6527.461214790948
29590,5797.237813500881
29591,5957.930395608366
29592,6078.153946467777
29593,5378.923968613288
29594,5706.025964118607
29595,5901.117634183549
29596,5875.888389792837
29597,5890.496385437399
29598,6491.644120867463
29599,6286.476216341343
29600,6426.17289790973
29601,5798.700186090684
29602,5253.402749427862
29603,5880.631448262194
29604,6370.269576048135
29605,6548.960581405271
29606,5400.1209605659915
29607,6408.521297287132
29608,5966.260245990755
29609,6188.657123549562
29610,5814.974602370188
29611,6390.725216649997
29612,6380.0748285513055
29613,6071.068986023921
29614,5383.623316736101
29615,6527.705700073702
29616,6002.878043159567
29617,6528.428930409936
29618,5677.810249006809
29619,5863.801062014263
29620,6487.559217893359
29621,5325.017602418863
29622,5468.264848858889
29623,6066.767161640657
29624,5772.847279163642
29625,5324.065225067919
29626,5336.568415860908
29627,6230.799111599982
29628,5488.063044005962
29629,5442.593910601307
29630,5843.391213194125
29631,6247.412741729853
29632,6324.035597199548
29633,5776.543361614388
29634,6523.855056870324
29635,5863.964619502558
29636,6409.132510494018
29637,5964.40767783082
29638,6391.65692553311
29639,5860.03357962176
29640,6319.839631922523
29641,5716.5604281243295
29642,6938.483145139105
29643,5439.354480604814
29644,5733.426199875617
29645,6341.385065418667
29646,5429.752866130861
29647,5392.912485961948
29648,6427.097066020435
29649,5320.905374129951
29650,5268.924352580591
29651,6523.060479701373
29652,5322.393382217181
29653,5301.122569328613
29654,5415.405131975331
29655,6282.81564085012
29656,5756.5779756401525
29657,5484.037301929534
29658,6392.256916339207
29659,6020.5369920825415
29660,5962.165117504623
29661,5876.2577571861975
29662,5870.238967881442
29663,6409.43811709746
29664,5795.350150689053
29665,6504.724083494811
29666,6451.421179098389
29667,6068.257405272248
29668,5281.737478447273
29669,6503.74102960778
29670,5259.134715758396
29671,6325.149643311879
29672,6616.644170580475
29673,5846.7038740455855
29674,5888.52882640474
29675,5864.811929945746
29676,6450.708174274184
29677,5928.821592521753
29678,6041.669630772733
29679,6468.051291081687
29680,6514.014524239469
29681,5364.741941399356
29682,6038.261984901768
29683,5424.068583306826
29684,5328.386572095777
29685,5403.465585478773
29686,6352.243899201029
29687,5895.179000815921
29688,6301.215586393766
29689,6393.846070677109
29690,6519.698807063503
29691,6437.730003264156
29692,5757.69693131482
29693,5876.054819318206
29694,6415.0997763413525
29695,5721.924232173662
29696,5863.180545258568
29697,6480.764525784903
29698,6460.838975240438
29699,6489.0261295898845
29700,6152.585970689167
29701,6994.027087376944
29702,5847.578992802015
29703,6529.47821837367
29704,6408.521297287132
29705,6901.514971634566
29706,5796.096760522329
29707,5816.820351525123
29708,5779.926320143175
29709,5878.417013968174
29710,5800.177335026184
29711,5695.842939063783
29712,6355.177387503572
29713,6481.070132388346
29714,6396.137060411346
29715,6026.577777318678
29716,5222.749645860169
29717,5992.854146566647
29718,5841.40056366818
29719,6425.53130290652
29720,5396.025832079859
29721,6524.282906115144
29722,5997.071517694156
29723,5767.545620240643
29724,6322.673544512444
29725,5341.709620008614
29726,5838.08482472902
29727,5147.542522449165
29728,5875.886642978119
29729,6039.291012021894
29730,5877.839159298856
29731,6410.495458017139
29732,6371.553123782594
29733,5964.19847267575
29734,5966.100545376158
29735,6938.299781177038
29736,5841.522806309557
29737,6883.183688184018
29738,5983.609747073083
29739,6349.616230429987
29740,6370.338750324768
29741,5902.027864023476
29742,5896.01484157046
29743,6509.853161676634
29744,6409.071389173329
29745,6422.696330930859
29746,5449.8673313316385
29747,5866.239211091715
29748,5245.591346345612
29749,6505.075473150899
29750,5967.193417389488
29751,6462.081852678267
29752,5333.801972795233
29753,5247.835596489191
29754,5982.300886524519
29755,6359.944850517279
29756,6296.678054680536
29757,6510.225002356779
29758,5458.251856007852
29759,6012.411543558987
29760,5815.353439828598
29761,5923.6036902265305
29762,5459.83010660387
29763,6080.170950050499
29764,5343.907658360314
29765,5352.517677261648
29766,5876.3569093342885
29767,6593.446677354499
29768,6294.329090437594
29769,5952.624640782962
29770,6338.800148849481
29771,5421.094527555379
29772,6524.649634039275
29773,5275.035245993842
29774,6371.795436509264
29775,5857.679798178925
29776,6475.874820129819
29777,5872.119484300288
29778,5989.7980805322195
29779,5279.361514780906
29780,6362.3725276112
29781,5319.378764153378
29782,6512.853219146386
29783,5900.007585150316
29784,6463.087298393956
29785,6007.701514737948
29786,6494.639065581201
29787,6317.598335882656
29788,6411.284922430075
29789,5331.150798015215
29790,5434.7479015968065
29791,5340.04721838414
29792,6358.966909386262
29793,5719.083785904516
29794,6337.213167067663
29795,6515.420314615305
29796,6904.387673706928
29797,5952.513285451865
29798,5491.8945077040935
29799,6574.9371426979005
29800,5896.442690815279
29801,6460.543594149025
29802,6295.4556282667645
29803,6427.035944699745
29804,6409.193631814706
29805,6939.583328911498
29806,5439.457778275308
29807,6001.955097272862
29808,6439.996604885646
29809,6557.522679057681
29810,6408.0323267216245
29811,5965.25705777205
29812,6461.416829909756
29813,6337.824380274548
29814,6054.3777527199345
29815,5464.842054900331
29816,5946.669078153216
29817,6067.890677348117
29818,5333.883452307613
29819,5788.418650229996
29820,5934.887348249006
29821,6406.809900307853
29822,5954.118232427648
29823,6475.640560359094
29824,6409.315874456083
29825,5806.233458530363
29826,5267.667465154629
29827,5865.241603222406
29828,6422.021823847201
29829,6495.410251526165
29830,5335.291881336318
29831,5956.497186268994
29832,6001.227767500976
29833,5332.8666952470685
29834,5871.332638900555
29835,6430.6450428203
29836,5999.210763918255
29837,6535.875506021909
29838,5264.290757717556
29839,5832.511308651785
29840,6266.361494728684
29841,5886.340135630578
29842,6389.812063511667
29843,6448.752292012151
29844,5839.620504595804
29845,5968.760978904516
29846,5314.126020289537
29847,5374.639701610824
29848,6483.148257291756
29849,6408.154569363001
29850,5732.876107989421
29851,6940.439027401138
29852,6494.310067753771
29853,5921.6466661656805
29854,6209.167516812531
29855,5757.111894391446
29856,6348.146874285463
29857,5933.105257716375
29858,5839.754012495285
29859,5983.869312425431
29860,5725.090703417417
29861,5946.717774958827
29862,5790.959391642137
29863,5717.189024963171
29864,6328.010957147449
29865,5724.772252288741
29866,6338.19110819868
29867,5470.2767561172
29868,6003.244771083699
29869,5994.259936942483
29870,5305.599619096862
29871,5947.23258671734
29872,5694.074294864226
29873,6015.749336243226
29874,5814.051434356303
29875,6274.7007497210425
29876,5969.811408667067
29877,6479.5523248831605
29878,6905.243372196567
29879,5751.386881301623
29880,5902.97098662925
29881,6274.907993636739
29882,5969.360227487181
29883,5915.099438604371
29884,6359.822607875902
29885,5730.521025372627
29886,6372.523716613235
29887,5878.248334994786
29888,6391.65692553311
29889,6531.495221956391
29890,6635.676397194267
29891,6333.97373707117
29892,5907.128195967156
29893,6410.83268507251
29894,5828.821697572224
29895,6441.822191550358
29896,5920.658499522635
29897,6940.194542118384
29898,5850.2123223476365
29899,6345.606310646588
29900,5417.046644637513
29901,5434.705402563677
29902,5408.387083838033
29903,5816.013664821893
29904,6286.607653737481
29905,5457.935345662526
29906,5946.72904894601
29907,5765.310416452727
29908,5781.964726368321
29909,5718.699674348429
29910,5929.7308254729205
29911,5998.9662786355
29912,5931.42950640542
29913,5961.082333795788
29914,6449.6742245784935
29915,6374.785205478711
29916,6042.285956735633
29917,5939.815843386529
29918,6491.216271622643
29919,5825.89437050085
29920,6502.584837270711
29921,6938.544266459793
29922,5436.263663738079
29923,5988.94238204258
29924,6467.3178352334235
29925,5834.946540983199
29926,6885.139570446052
29927,5910.787578889527
29928,5814.973952298883
29929,5997.978515100962
29930,6250.695909415079
29931,5349.902304997273
29932,6390.05654879442
29933,5349.609436863154
29934,5447.596888472945
29935,5795.034318573582
29936,5762.792332770217
29937,5709.750490580196
29938,6455.908599288725
29939,5459.851881224431
29940,6013.197320843902
29941,6479.725463333198
29942,5860.8191863658885
29943,5519.149503975168
29944,5876.927901439801
29945,6742.39605926539
29946,6351.156580409894
29947,5764.271354001022
29948,6480.285780731423
29949,5786.088262187861
29950,5803.8511270207755
29951,5855.194315405498
29952,6192.50776675294
29953,5892.518166685628
29954,5372.913266624281
29955,5428.694107285715
29956,5435.642080109107
29957,6582.821793066722
29958,6484.187319743462
29959,6935.793807028809
29960,5895.166241210337
29961,6089.501515689661
29962,5315.200740246379
29963,6571.151956417614
29964,6033.458377374283
29965,6634.0662464301795
29966,6077.949586079526
29967,6297.583365377694
29968,6011.986120263716
29969,6002.817303920989
29970,5649.412344389672
29971,6068.39275776946
29972,6644.32951554984
29973,6031.637102278295
29974,5607.239888201786
29975,6479.1910917971545
29976,5513.672416913232
29977,6090.290980102597
29978,6160.671068110951
29979,6584.172970280357
29980,5964.831533125525
29981,6651.052860825579
29982,5965.2902755338455
29983,6604.417293140223
29984,5586.600061314306
29985,6691.9327988541845
29986,5874.1486941737485
29987,6532.092750496155
29988,6179.813263887251
29989,5898.152949103474
29990,6003.61188108994
29991,6077.098665255394
29992,6515.909683694527
29993,5545.263119989574
29994,6162.811311223808
29995,5447.75754655178
29996,6474.259255879017
29997,6162.154314964278
29998,6518.552063084852
29999,6023.317350896
30000,5939.229107346324
30001,6564.840413763726
30002,6443.067232034505
30003,6038.272072635893
30004,6060.52827459552
30005,6283.469453054655
30006,6120.4186784460335
30007,6032.06355152585
30008,5884.167194181479
30009,5528.27139283816
30010,7151.347476919622
30011,6497.800405570368
30012,6110.449793529028
30013,6634.733468201739
30014,5450.285700395597
30015,5384.500208372904
30016,6618.546543731304
30017,6531.257244832124
30018,6437.9483793647105
30019,6613.687282860823
30020,5982.860598551459
30021,6112.6562707185885
30022,6084.601584522548
30023,5642.7411500098
30024,5491.766626119058
30025,6116.38467128059
30026,6574.289594796786
30027,6039.546783128642
30028,5571.310777148953
30029,6459.887993291966
30030,5552.948600534905
30031,6003.245153165809
30032,5388.76524657531
30033,6574.956816568347
30034,5792.745320528641
30035,5967.619792852717
30036,6023.358021192631
30037,6036.483070244645
30038,5786.194812155877
30039,6017.180842441346
30040,6085.467508524217
30041,6615.245992414123
30042,6572.776900047616
30043,6433.078892982201
30044,6058.233240690132
30045,6087.301148144873
30046,6465.02001167372
30047,6135.668590280531
30048,6076.1770677795585
30049,6606.750128838416
30050,6740.692274495596
30051,5471.881977622709
30052,6361.750311738674
30053,6177.857381625218
30054,5431.299927651872
30055,5389.695520631431
30056,5962.226562649848
30057,5475.740885915103
30058,5881.983243715274
30059,6527.6510869115
30060,6063.350080859222
30061,5411.361223122395
30062,5948.738417515973
30063,5575.283662993708
30064,5587.439983597668
30065,5967.788602832506
30066,6041.983989106614
30067,6126.286325232133
30068,6025.8284378002445
30069,6563.038159034081
30070,6003.000667883054
30071,6043.879204417796
30072,6612.118579546979
30073,5474.824066104775
30074,6541.136275203526
30075,6122.068954104624
30076,5352.6367879257205
30077,6563.954978844409
30078,5549.080573699572
30079,6592.758459156755
30080,6012.118288156342
30081,6152.181314180017
30082,6488.368356176742
30083,6717.532406710654
30084,6057.256567869867
30085,5444.3837643796305
30086,5517.948270708562
30087,6537.552405772537
30088,6056.302413043754
30089,5899.629348113015
30090,5519.921375260889
30091,6116.812520525409
30092,5985.5110161729135
30093,5440.021225483541
30094,6107.705443742817
30095,6109.905811287605
30096,7061.7080632496045
30097,6061.813557417751
30098,5485.0719969563925
30099,5995.338479738404
30100,6073.844232081366
30101,6642.556997249872
30102,5930.883893745402
30103,6545.985310561979
30104,5900.555138348164
30105,6097.742668470584
30106,5487.661252906413
30107,5561.2919933120465
30108,6171.663935410067
30109,6530.095939739042
30110,5885.375966153648
30111,7063.297217587507
30112,6178.585724717466
30113,5894.015906960451
30114,6069.336592618456
30115,5381.461742597847
30116,6668.584454351162
30117,5462.23478349998
30118,6420.103720385057
30119,6090.958201874157
30120,5977.236652762347
30121,5780.758888715008
30122,6536.64397400866
30123,6021.144448401499
30124,5423.127554768153
30125,6003.795245052005
30126,6003.550759769251
30127,6113.695333170293
30128,6400.248278017707
30129,6212.136217019461
30130,6091.151791348251
30131,6545.934414753318
30132,5925.981619481544
30133,6530.523788983862
30134,6118.462796184
30135,5970.781363263213
30136,5969.259088368662
30137,6587.8025194249685
30138,6036.740709512412
30139,6121.39661957705
30140,6106.238532046292
30141,5611.559301912584
30142,6002.7561826003
30143,7060.9134860806535
30144,7059.8744236289485
30145,5413.0406364006885
30146,5856.1621474206095
30147,5910.482263247414
30148,6656.309294404794
30149,6157.992952401442
30150,6317.627445804786
30151,6479.875713632273
30152,6518.552063084852
30153,5483.866308807929
30154,7062.563761739244
30155,5852.746151330789
30156,6387.896513572549
30157,5912.804873433579
30158,6142.116557110016
30159,6371.517238283624
30160,5408.90145353344
30161,6797.674519794291
30162,6161.420859116015
30163,6145.94208491222
30164,5462.6082151742
30165,6224.96658160804
30166,6194.533276661161
30167,7082.117471603563
30168,5391.882433930426
30169,6612.48530747111
30170,5719.476893235749
30171,6020.034336849911
30172,6036.566816431758
30173,6696.929408882601
30174,6103.132618678359
30175,5857.750367858031
30176,6586.030001125001
30177,5572.044232997216
30178,5577.973001104004
30179,6118.218310901246
30180,5604.795035374244
30181,5886.212724377063
30182,6003.763641031681
30183,6143.267826871519
30184,6149.3799589403725
30185,5898.926268540059
30186,5581.298077741464
30187,6083.206019658741
30188,6011.683848941119
30189,6392.519899825082
30190,6427.613746510807
30191,6708.1197233246185
30192,5901.237209658124
30193,5339.745302016453
30194,6121.029891652918
30195,6158.42557931177
30196,5608.212716576789
30197,5391.40691761071
30198,5521.670290203798
30199,5993.368352953873
30200,7060.485636835834
30201,6135.250708349291
30202,5477.657214048594
30203,6481.242493684771
30204,6060.097047682458
30205,5471.584636108282
30206,6430.863856389166
30207,7027.673713138116
30208,5991.283876638845
30209,6520.996114725103
30210,5527.078798705552
30211,6113.81757581167
30212,5529.864454139681
30213,6449.460882854835
30214,6418.199989018891
30215,6730.790620544053
30216,5994.169587786161
30217,5952.718950210298
30218,6532.112943321764
30219,6070.746715488963
30220,6096.739672723913
30221,5993.4732119632945
30222,6614.930160298652
30223,6496.428317551685
30224,6020.836966974806
30225,5430.181193309275
30226,6474.163367294417
30227,5919.62127764424
30228,6614.869038977963
30229,5994.187116328175
30230,5419.239976449437
30231,5436.50099803306
30232,5354.028778949896
30233,6078.439605120188
30234,6151.197854906615
30235,6601.621050656593
30236,6587.063950820691
30237,5907.359283409831
30238,6061.757548853077
30239,6637.606170274101
30240,7062.563761739244
30241,5924.117896613757
30242,5589.656127348733
30243,6612.495532983139
30244,6180.41835101776
30245,6681.964910825938
30246,5449.1662654006
30247,6123.494415243173
30248,5988.991659159591
30249,5983.429763886992
30250,6454.392926201386
30251,6633.393911902605
30252,6092.425113570682
30253,5497.990947099586
30254,7062.5026404185555
30255,6069.270358541753
30256,6128.914206931234
30257,5970.295520080217
30258,6119.135130711574
30259,6605.58371098932
30260,5879.088209804664
30261,6119.990829201213
30262,6706.224962383274
30263,6066.631916240118
30264,6200.03419552313
30265,6469.194082580808
30266,5965.081881090254
30267,5517.543210879888
30268,6102.571252804979
30269,5998.729645542509
30270,5537.70256682524
30271,6028.414156373083
30272,5401.249334263815
30273,5594.851439607259
30274,6369.642335077381
30275,5848.7409966695905
30276,6612.607550112487
30277,6086.478126284841
30278,7024.312040500246
30279,5936.494486639973
30280,6675.60829347433
30281,6653.737086179861
30282,6402.556643681373
30283,5567.588563448848
30284,6468.504364421278
30285,6095.269226041904
30286,6646.713247056693
30287,6109.716337680766
30288,6655.392474594466
30289,6531.746215397632
30290,6418.423951560231
30291,5416.2563509932725
30292,5984.377621770878
30293,6532.126109033723
30294,6636.689350463772
30295,6564.008047209153
30296,6409.399609847147
30297,5488.435379051307
30298,6527.712208232189
30299,5634.075989221259
30300,6117.484855052983
30301,6001.655998827907
30302,6531.807336718321
30303,5897.663978537967
30304,6619.402242220944
30305,6604.366397331563
30306,6416.838641667593
30307,5369.300122265606
30308,5525.649557115318
30309,5960.036565527147
30310,6200.649848671724
30311,6581.812629997492
30312,7063.786188153015
30313,6003.997565711899
30314,6112.228421473768
30315,5820.844249574662
30316,6106.328310986119
30317,6107.5220797807515
30318,6651.28200784029
30319,6716.676708221014
30320,6593.216753186177
30321,6596.481746962741
30322,7064.336280039212
30323,5571.992065669745
30324,6615.729850223617
30325,6532.968641811403
30326,6496.733924155127
30327,5963.3419340442215
30328,6086.3031590983055
30329,6648.281950370538
30330,6031.410000627497
30331,5538.763196469092
30332,6068.3036913979195
30333,6700.179064391123
30334,6035.676282190163
30335,6022.791894410412
30336,5646.679268590644
30337,6015.115417153111
30338,5541.656962068951
30339,6654.475654784137
30340,5980.132339952323
30341,6386.674087158779
30342,5888.075529775972
30343,6618.7299076933705
30344,6063.282919083294
30345,7059.629938346194
30346,5855.917662137856
30347,5404.905742626452
30348,6104.547863504003
30349,6109.5329737187
30350,5546.118818479214
30351,6613.829976526258
30352,6084.672931355266
30353,6120.1345695552345
30354,6062.372139728205
30355,5935.011736218815
30356,6499.29367132367
30357,6526.854337186465
30358,6069.541953328263
30359,5941.310800098426
30360,6075.139053803007
30361,5430.168876346583
30362,5888.702226160959
30363,6378.889845311537
30364,6682.209396108692
30365,5980.42579945362
30366,6549.66281531532
30367,6553.3198690446025
30368,6639.684295177511
30369,6639.933893216279
30370,6627.949001605311
30371,5561.367181381967
30372,6164.655176356493
30373,6019.899334602949
30374,5875.469972004909
30375,6616.434802091878
30376,6017.161634777549
30377,6541.9836784790805
30378,7060.6690007979
30379,5362.902241328411
30380,6037.135882127624
30381,6041.66289932507
30382,5972.77289589823
30383,6730.546135261298
30384,6650.074919694563
30385,7082.1785929242515
30386,6615.245992414123
30387,5549.052641872264
30388,5432.892956090185
30389,6656.981628932368
30390,5573.560186135298
30391,6531.746215397632
30392,6203.8237174058195
30393,6045.545060602571
30394,6656.92050761168
30395,5943.413955483363
30396,5982.083549924521
30397,7063.663945511638
30398,5563.7754710723075
30399,5463.566872219407
30400,5948.352022853549
30401,6460.804813102294
30402,5501.591801267386
30403,6103.569922372986
30404,5492.61067988492
30405,6106.055168084226
30406,5917.301141561222
30407,6085.128199563621
30408,6108.851410567856
30409,5933.407888163157
30410,7152.814388616147
30411,5999.424027262795
30412,6532.540792566584
30413,5559.410076895935
30414,7115.479487187477
30415,7009.586914970323
30416,6384.768438907154
30417,6639.602722832765
30418,6434.830245912246
30419,6020.999518375343
30420,6030.982151382676
30421,6135.266046617334
30422,6533.6183527588355
30423,5806.851179895735
30424,5893.610113637421
30425,5915.6922861252215
30426,5494.061943853621
30427,5503.465156358246
30428,5938.932976328951
30429,6137.38995457339
30430,5565.601181510815
30431,6636.294118559639
30432,5447.260059931288
30433,5997.897471459969
30434,6510.970079119543
30435,6062.667020363029
30436,6603.744958612649
30437,5612.449267209545
30438,6083.975291246068
30439,6533.09088445278
30440,6649.494267148021
30441,5533.590216048814
30442,6586.335607728443
30443,5566.404778399399
30444,6711.4202746418
30445,6650.991739504891
30446,5920.768338214824
30447,6081.460920322308
30448,6201.68447118172
30449,5502.454493327231
30450,5829.556488832549
30451,6024.648158897492
30452,5999.41891450678
30453,6014.026910151341
30454,6615.174645581406
30455,6410.0067410552865
30456,6549.703422623673
30457,5922.230710804626
30458,5376.933274141805
30459,6004.161972976137
30460,6493.800100762078
30461,6672.491106119214
30462,5523.651485279935
30463,6532.051822001075
30464,6089.790770704698
30465,6312.187648263505
30466,5938.50512708413
30467,6514.25574136394
30468,6503.605353265249
30469,6194.599510737864
30470,5507.153841450043
30471,6651.2362247876445
30472,6126.40856787351
30473,6651.959455123879
30474,5801.340773720752
30475,5987.331586728205
30476,6611.0897426073025
30477,5448.548127132806
30478,5591.795373572832
30479,6190.297686354599
30480,5896.377803877585
30481,5447.595749781861
30482,5460.0989405748505
30483,6354.329636313925
30484,5611.593568719905
30485,5566.124435315249
30486,5966.921737908067
30487,6370.943266443795
30488,6447.566121913491
30489,5900.073886328331
30490,6647.385581584267
30491,5987.4951442165
30492,6532.663035207961
30493,6087.938202544763
30494,6515.187450247053
30495,5983.564104335703
30496,6443.370156636466
30497,5840.090952838273
30498,7062.013669853048
30499,5562.885005318756
30500,5856.9567245895605
30501,6464.91559013261
30502,5553.283390844803
30503,5516.44301067589
30504,6550.627590734377
30505,5444.435898843894
30506,5392.4548772945345
30507,6646.591004415316
30508,5445.923906931124
30509,5424.653094042556
30510,5538.935656689273
30511,6406.346165564063
30512,5880.108500354096
30513,5607.567826643477
30514,6515.78744105315
30515,6144.067516796484
30516,6085.695642218566
30517,5999.788281900141
30518,5993.769492595384
30519,6532.968641811403
30520,5918.8806754029965
30521,6628.254608208754
30522,6574.951703812332
30523,6191.787929986191
30524,5405.268003161215
30525,6627.271554321723
30526,5382.665240472339
30527,6448.680168025821
30528,6740.174695294418
30529,5970.234398759529
30530,6012.0593511186835
30531,5988.342454659689
30532,6574.238698988127
30533,6052.352117235696
30534,6165.200155486676
30535,6591.581815795629
30536,6637.545048953412
30537,5488.272466113299
30538,6161.792509615711
30539,5547.599108020769
30540,5451.9170968097205
30541,5526.9961101927165
30542,6475.774423914972
30543,6018.709525529865
30544,6424.746111107708
30545,6517.376595391052
30546,6643.229331777446
30547,6561.260527978099
30548,5881.227456028763
30549,5999.585344032149
30550,6538.630301055296
30551,5845.454756887605
30552,5986.711069972511
30553,6604.295050498846
30554,6584.369499954381
30555,6612.556654303828
30556,6276.11649540311
30557,7117.557612090888
30558,5971.109517515957
30559,6653.008743087613
30560,6532.051822001075
30561,7025.045496348509
30562,5919.627285236272
30563,5940.350876239067
30564,5903.456844857117
30565,6001.947538682117
30566,5923.707859740126
30567,5819.373463777726
30568,6478.7079122175155
30569,6604.600657102288
30570,6519.667585125289
30571,6150.1083020326205
30572,5346.280170574112
30573,6116.38467128059
30574,5964.931088382124
30575,6549.061827620462
30576,5519.5563567938025
30577,6647.813430829086
30578,6120.602042408099
30579,5891.076144954586
30580,6446.204069226387
30581,5465.2401447225575
30582,5961.615349442963
30583,5271.073047163107
30584,5999.417167692062
30585,6162.821536735837
30586,6001.3696840128
30587,6534.025982731082
30588,6495.083648496537
30589,6087.728997389693
30590,6089.631070090101
30591,7061.830305890982
30592,5965.0533310235005
30593,7006.714212897961
30594,6107.140271787025
30595,6473.14675514393
30596,6493.869275038711
30597,6025.558388737419
30598,6019.545366284402
30599,6633.383686390576
30600,6532.6019138872725
30601,6546.2268556448025
30602,5573.397856045582
30603,5989.7697358056585
30604,5369.121871059555
30605,6628.605997864842
30606,6090.723942103431
30607,6585.61237739221
30608,5457.332497509176
30609,5371.366121203133
30610,6105.831411238462
30611,6483.475375231222
30612,6420.208579394479
30613,6633.755527070723
30614,5581.782380721796
30615,6135.942068272931
30616,5938.883964542541
30617,6047.134214940473
30618,5583.360631317813
30619,6203.701474764442
30620,5467.438183074257
30621,5476.04820197559
30622,5999.887434048232
30623,6716.977202068443
30624,6417.859615151537
30625,6076.155165496905
30626,6462.330673563423
30627,5544.625052269322
30628,6648.180158753218
30629,5398.565770707785
30630,6495.325961223207
30631,5981.210322892868
30632,6599.405344843763
30633,5995.650009014231
30634,6113.328605246163
30635,5402.892039494849
30636,6485.903052325142
30637,5442.909288867321
30638,6636.38374386033
30639,6023.538109864259
30640,6586.617823107898
30641,6131.23203945189
30642,6618.169590295144
30643,6441.128860596598
30644,6534.815447144018
30645,5454.681322729157
30646,5558.27842631075
30647,5463.577743098083
30648,6482.497434100205
30649,5842.614310618458
30650,6460.743691781606
30651,6638.950839329248
30652,7027.91819842087
30653,6076.043810165808
30654,5615.425032418037
30655,6698.467667411844
30656,6019.973215529222
30657,6584.074118862967
30658,6418.986152980708
30659,6550.5664694136885
30660,6532.7241565286495
30661,7063.113853625441
30662,5562.988302989251
30663,6125.485621986805
30664,6563.527129599589
30665,6681.053203771624
30666,6531.562851435567
30667,6088.787582485993
30668,6584.9473546236995
30669,6461.354904988491
30670,6177.908277433878
30671,5588.3725796142735
30672,6070.199602867159
30673,6191.42120206206
30674,5457.413977021556
30675,5911.9491749439385
30676,6058.417872962948
30677,6530.340425021796
30678,6077.648757141591
30679,6599.171085073037
30680,6532.846399170026
30681,5929.7639832443065
30682,5391.197989868572
30683,5988.7721279363495
30684,6545.552348561144
30685,6618.940776240108
30686,5458.822406050261
30687,6080.027710982937
30688,6124.7582922149195
30689,5456.397219961011
30690,5994.863163614498
30691,6554.175567534243
30692,6122.741288632198
30693,6659.406030735852
30694,5387.821282431499
30695,5956.041833365727
30696,6389.892019442626
30697,6009.870660344521
30698,6513.342588225609
30699,6572.282816726094
30700,5963.151029309746
30701,6092.2915036184595
30702,5437.6565450034805
30703,5498.170226324767
30704,6606.678782005699
30705,6531.685094076944
30706,5856.406632703363
30707,7063.969552115081
30708,6617.8405924677145
30709,6045.177190879624
30710,6332.698041526473
30711,5880.642419105389
30712,6471.677398999406
30713,6056.635782430318
30714,5963.284537209228
30715,6107.399837139374
30716,5848.621228131359
30717,6070.24829967277
30718,5914.48991635608
30719,5840.719549677114
30720,6451.541481861392
30721,5848.302777002684
30722,6461.721632912622
30723,5593.8072808311435
30724,6126.775295797642
30725,6117.790461656426
30726,5429.130143810805
30727,6070.763111431283
30728,5817.60481957817
30729,6139.279860957169
30730,5937.581959070245
30731,6398.231274434986
30732,6093.34193338101
30733,6603.082849597104
30734,7028.77389691051
30735,5874.917406015566
30736,6026.501511343193
30737,6398.438518350682
30738,6092.890752201123
30739,6038.629963318314
30740,6483.353132589845
30741,5854.05155008657
30742,6496.054241327178
30743,6001.778859708729
30744,6515.187450247053
30745,6655.025746670334
30746,6759.20692190821
30747,6457.504261785113
30748,6030.658720681098
30749,6534.363209786453
30750,5952.3522222861675
30751,6565.352716264301
30752,6044.189024236578
30753,7063.725066832327
30754,5973.742847061579
30755,6469.13683536053
30756,5540.577169351456
30757,5558.23592727762
30758,5531.917608551975
30759,5939.544189535836
30760,6410.138178451424
30761,5581.465870376469
30762,6070.259573659953
30763,5888.84094116667
30764,5905.495251082264
30765,5842.230199062372
30766,6053.261350186864
30767,6122.496803349443
30768,6054.9600311193635
30769,6084.612858509731
30770,6573.204749292436
30771,6498.315730192654
30772,6165.816481449576
30773,6063.346368100472
30774,6614.746796336586
30775,5949.424895214793
30776,6626.115361984655
30777,7062.074791173736
30778,5559.794188452022
30779,6112.472906756523
30780,6590.848359947367
30781,5958.477065697142
30782,7008.670095159994
30783,6034.31810360347
30784,5938.504477012825
30785,6121.509039814905
30786,6374.226434129021
30787,5473.432829711216
30788,6513.587073508364
30789,5473.139961577096
30790,5571.127413186888
30791,5918.564843287525
30792,5886.3228574841605
30793,5833.281015294139
30794,6579.439124002667
30795,5583.382405938374
30796,6136.727845557844
30797,6603.255988047141
30798,5984.349711079832
30799,5642.680028689111
30800,6000.458426153744
30801,6865.926583979333
30802,6474.687105123836
30803,5887.801878714965
30804,6603.816305445366
30805,5909.618786901804
30806,5927.381651734718
30807,5978.724840119441
30808,6316.0382914668835
30809,6016.048691399571
30810,5496.443791338224
30811,5552.224631999658
30812,5559.17260482305
30813,6706.3523177806655
30814,6607.717844457404
30815,7059.324331742751
30816,6018.69676592428
30817,6213.032040403603
30818,5438.731264960322
30819,6694.682481131556
30820,6156.988902088226
30821,6757.596771144123
30822,6201.480110793469
30823,6421.113890091637
30824,6135.516644977658
30825,6126.347828634932
30826,5772.9428691036155
30827,6191.923282483403
30828,6767.860040263783
30829,6155.167626992237
30830,5730.770412915729
30831,6602.721616511097
30832,5637.202941627175
30833,6213.82150481654
30834,6284.201592824894
30835,6707.7034949943
30836,6088.362057839468
30837,6774.583385539522
30838,6088.820800247789
30839,6727.947817854166
30840,5710.130586028249
30841,6815.463323568127
30842,5997.679218887692
30843,6655.623275210098
30844,6303.343788601194
30845,6021.6834738174175
30846,6127.142405803883
30847,6200.629189969337
30848,6639.44020840847
30849,5668.793644703517
30850,6286.341835937751
30851,5571.2880712657225
30852,6597.78978059296
30853,6285.684839678221
30854,6642.082587798795
30855,6146.847875609943
30856,6062.759632060267
30857,6688.3709384776685
30858,6566.597756748448
30859,6161.802597349836
30860,6184.058799309463
30861,6406.999977768598
30862,6243.949203159976
30863,6155.594076239792
30864,6007.697718895422
30865,5651.801917552103
30866,7274.878001633565
30867,6621.330930284311
30868,6233.980318242971
30869,6758.263992915682
30870,5573.816225109539
30871,5508.030733086847
30872,6742.077068445247
30873,6654.787769546067
30874,6561.478904078653
30875,6737.217807574767
30876,6106.391123265402
30877,6236.186795432532
30878,6208.1321092364915
30879,5766.271674723743
30880,5615.297150833001
30881,6239.915195994532
30882,6697.8201195107295
30883,6163.0773078425855
30884,5694.841301862896
30885,6583.418518005909
30886,5676.4791252488485
30887,6126.775677879751
30888,5512.295771289253
30889,6698.487341282289
30890,5916.275845242584
30891,6091.15031756666
30892,6146.888545906573
30893,6160.013594958588
30894,5909.72533686982
30895,6140.711367155289
30896,6208.998033238159
30897,6738.776517128066
30898,6696.30742476156
30899,6556.609417696143
30900,6181.7637654040755
30901,6210.831672858816
30902,6588.550536387662
30903,6259.199114994473
30904,6199.707592493502
30905,6730.28065355236
30906,6864.2227992095395
30907,5595.412502336651
30908,6485.280836452616
30909,6301.387906339161
30910,5554.830452365815
30911,5513.226045345373
30912,6085.757087363791
30913,5599.271410629046
30914,6005.513768429217
30915,6651.181611625443
30916,6186.880605573165
30917,5534.891747836338
30918,6072.268942229915
30919,5698.814187707651
30920,5710.970508311611
30921,6091.319127546448
30922,6165.514513820556
30923,6249.816849946076
30924,6149.358962514187
30925,6686.568683748024
30926,6126.531192596997
30927,6167.409729131739
30928,6735.649104260922
30929,5598.354590818718
30930,6664.666799917469
30931,6245.599478818566
30932,5476.167312639664
30933,6687.485503558352
30934,5672.611098413515
30935,6716.288983870698
30936,6135.648812870284
30937,6275.71183889396
30938,6611.898880890685
30939,6841.062931424597
30940,6180.787092583809
30941,5567.914289093574
30942,5641.478795422505
30943,6661.08293048648
30944,6179.8329377576965
30945,6023.159872826957
30946,5643.451899974832
30947,6240.343045239352
30948,6109.041540886857
30949,5563.551750197484
30950,6231.235968456759
30951,6233.436336001547
30952,7185.238587963548
30953,6185.344082131694
30954,5608.602521670335
30955,6118.869004452347
30956,6197.374756795308
30957,6766.087521963815
30958,6054.414418459344
30959,6669.515835275921
30960,6024.085663062107
30961,6221.273193184527
30962,5611.191777620356
30963,5684.82251802599
30964,6295.194460124009
30965,6653.626464452985
30966,6008.90649086759
30967,7186.82774230145
30968,6302.1162494314085
30969,6017.546431674393
30970,6192.867117332399
30971,5504.99226731179
30972,6792.114979065105
30973,5585.765308213923
30974,6543.634245099
30975,6214.4887265881
30976,6100.76717747629
30977,5904.289413428951
30978,6660.174498722603
30979,6144.674973115442
30980,5546.658079482096
30981,6127.325769765948
30982,6127.081284483194
30983,6237.225857884237
30984,6523.77880273165
30985,6335.666741733403
30986,6214.682316062193
30987,6669.4649394672615
30988,6049.512144195486
30989,6654.054313697805
30990,6241.993320897943
30991,6094.311887977156
30992,6092.789613082605
30993,6711.333044138912
30994,6160.271234226355
30995,6244.927144290993
30996,6229.769056760235
30997,5735.089826626526
30998,6126.286707314243
30999,7184.444010794597
31000,7183.404948342892
31001,5536.571161114632
31002,5979.692672134553
31003,6034.0127879613565
31004,6779.839819118737
31005,6281.5234771153855
31006,6441.157970518729
31007,6603.406238346216
31008,6642.082587798795
31009,5607.396833521872
31010,7186.094286453187
31011,5976.276676044731
31012,6511.4270382864925
31013,6036.335398147521
31014,6265.647081823959
31015,6495.047762997567
31016,5532.431978247383
31017,6921.205044508233
31018,6284.951383829958
31019,6269.472609626163
31020,5586.138739888143
31021,6348.497106321983
31022,6318.063801375103
31023,7205.647996317506
31024,5515.412958644368
31025,6736.015832185053
31026,5843.007417949691
31027,6143.564861563854
31028,6160.097341145701
31029,6820.459933596544
31030,6226.663143392302
31031,5981.280892571974
31032,6709.560525838944
31033,5695.574757711159
31034,5701.503525817947
31035,6241.748835615189
31036,5728.325560088188
31037,6009.743249091005
31038,6127.294165745624
31039,6266.798351585461
31040,6272.910483654316
31041,6022.456793254002
31042,5704.828602455407
31043,6206.736544372684
31044,6135.214373655062
31045,6516.050424539024
31046,6551.14427122475
31047,6831.650248038562
31048,6024.767734372067
31049,5463.275826730395
31050,6244.560416366861
31051,6281.956104025712
31052,5731.743241290731
31053,5514.937442324653
31054,5645.20081491774
31055,6116.898877667816
31056,7184.016161549776
31057,6258.781233063234
31058,5601.187738762537
31059,6604.773018398713
31060,6183.627572396401
31061,5595.115160822225
31062,6554.3943811031095
31063,7151.204237852059
31064,6114.814401352788
31065,6644.5266394390455
31066,5650.609323419495
31067,6237.3481005256135
31068,5653.394978853624
31069,6572.9914075687775
31070,6541.730513732833
31071,6854.321145257996
31072,6117.700112500104
31073,6076.249474924241
31074,6655.643468035707
31075,6194.277240202905
31076,6220.270197437855
31077,6117.003736677238
31078,6738.460685012595
31079,6619.958842265628
31080,6144.367491688749
31081,5553.711718023218
31082,6597.693892008359
31083,6043.151802358183
31084,6738.399563691906
31085,6117.717641042118
31086,5542.77050116338
31087,5560.031522747003
31088,5477.559303663839
31089,6201.9701298341315
31090,6274.728379620558
31091,6725.151575370536
31092,6710.5944755346345
31093,6030.889808123774
31094,6185.288073567021
31095,6761.136694988043
31096,7186.094286453187
31097,6047.6484213277
31098,5713.186652062676
31099,6736.026057697082
31100,6303.948875731703
31101,6805.49543553988
31102,5572.696790114544
31103,6247.024939957116
31104,6112.522183873534
31105,6106.960288600935
31106,6577.923450915329
31107,6756.9244366165485
31108,6215.955638284624
31109,5621.521471813529
31110,7186.033165132499
31111,6192.800883255696
31112,6252.444731645176
31113,6093.826044794159
31114,6242.665655425517
31115,6729.114235703262
31116,6002.618734518607
31117,6243.521353915156
31118,6829.755487097217
31119,6190.16244095406
31120,6323.564720237073
31121,6592.724607294751
31122,6088.612405804197
31123,5641.073735593831
31124,6226.101777518922
31125,6122.2601702564525
31126,5661.233091539183
31127,6151.944681087025
31128,5524.779858977758
31129,5718.381964321202
31130,6493.172859791323
31131,5972.271521383534
31132,6736.13807482643
31133,6210.008650998784
31134,7147.84256521419
31135,6060.025011353915
31136,6799.138818188272
31137,6777.267610893804
31138,6526.087168395316
31139,5691.119088162791
31140,6592.034889135221
31141,6218.799750755847
31142,6770.243771770636
31143,6233.246862394709
31144,6778.922999308408
31145,6655.276740111575
31146,6541.954476274174
31147,5539.786875707216
31148,6107.9081464848205
31149,6655.656633747665
31150,6760.219875177715
31151,6687.538571923096
31152,6532.93013456109
31153,5611.965903765249
31154,6651.242732946132
31155,5757.606513935202
31156,6241.015379766926
31157,6125.186523541849
31158,6655.337861432264
31159,6021.194503251909
31160,6742.932766934887
31161,6727.896922045506
31162,6540.369166381535
31163,5492.830646979549
31164,5649.18008182926
31165,6083.56709024109
31166,6324.180373385667
31167,6705.343154711434
31168,7187.316712866958
31169,6127.5280904258425
31170,6235.758946187711
31171,5944.374774288604
31172,6229.858835700062
31173,6231.052604494694
31174,6774.812532554233
31175,6840.207232934958
31176,6716.74727790012
31177,6720.012271676685
31178,7187.866804753155
31179,5695.522590383688
31180,6739.26037493756
31181,6656.4991665253465
31182,6620.26444886907
31183,6086.872458758164
31184,6209.833683812249
31185,6771.81247508448
31186,6154.940525341439
31187,5662.293721183035
31188,6191.834216111863
31189,6823.709589105066
31190,6159.206806904105
31191,6146.322419124355
31192,5770.209793304586
31193,6138.645941867053
31194,5665.187486782893
31195,6778.006179498081
31196,6103.662864666265
31197,6510.204611872721
31198,6011.606054489916
31199,6742.260432407313
31200,6186.813443797237
31201,7183.160463060138
31202,5979.448186851799
31203,5528.436267340394
31204,6228.078388217946
31205,6233.063498432643
31206,5669.649343193157
31207,6737.360501240201
31208,6208.203456069208
31209,6243.665094269178
31210,6185.902664442148
31211,6058.542260932758
31212,6622.824196037613
31213,6650.3848619004075
31214,6193.072478042206
31215,6064.841324812369
31216,6198.66957851695
31217,5553.699401060525
31218,6012.232750874901
31219,6502.42037002548
31220,6805.739920822635
31221,6103.956324167563
31222,6673.193340029262
31223,6676.8503937585465
31224,6763.214819891454
31225,6763.464417930222
31226,6751.479526319254
31227,5684.8977060959105
31228,6288.185701070436
31229,6143.429859316891
31230,5999.0004967188515
31231,6739.965326805821
31232,6140.692159491492
31233,6665.514203193023
31234,7184.199525511843
31235,5486.432766042354
31236,6160.666406841567
31237,6165.193424039013
31238,6096.303420612172
31239,6854.0766599752415
31240,6773.605444408506
31241,7205.709117638195
31242,6738.776517128066
31243,5672.583166586207
31244,5556.423480804128
31245,6780.51215364631
31246,5697.09071084924
31247,6655.276740111575
31248,6327.354242119762
31249,6169.075585316514
31250,6780.451032325622
31251,6066.944480197305
31252,6105.614074638464
31253,7187.1944702255805
31254,5687.30599578625
31255,5587.09739693335
31256,6071.882547567492
31257,6584.335337816237
31258,5625.122325981329
31259,6227.100447086929
31260,5616.141204598863
31261,6229.585692798169
31262,6040.831666275164
31263,6208.658724277564
31264,6232.381935281799
31265,6056.9384128771
31266,7276.344913330089
31267,6122.954551976738
31268,6656.071317280526
31269,5682.940601609878
31270,7239.0100119014205
31271,7133.117439684265
31272,6508.298963621097
31273,6763.133247546708
31274,6558.360770626189
31275,6144.530043089286
31276,6154.5126760966195
31277,6258.796571331277
31278,6657.148877472779
31279,5930.381704609678
31280,6017.140638351364
31281,6039.222810839165
31282,5617.5924685675645
31283,5626.995681072189
31284,6062.463501042894
31285,6260.9204792873325
31286,5689.131706224758
31287,6759.824643273582
31288,5570.79058464523
31289,6121.427996173912
31290,6634.500603833486
31291,6186.197545076972
31292,6727.275483326592
31293,5735.979791923487
31294,6207.505815960011
31295,6656.621409166723
31296,6773.024791861964
31297,5657.120740762757
31298,6709.8661324423865
31299,5689.935303113342
31300,6834.950799355743
31301,6774.522264218834
31302,6044.298862928767
31303,6204.991445036251
31304,6325.214995895663
31305,5625.985018041173
31306,5953.087013546492
31307,6148.178683611435
31308,6122.949439220723
31309,6137.557434865284
31310,6738.705170295349
31311,6533.53726576923
31312,6673.233947337616
31313,6045.761235518569
31314,5500.463798855748
31315,6127.692497690079
31316,6617.33062547602
31317,6796.021630833156
31318,5647.182009993878
31319,6655.582346715018
31320,6213.32129541864
31321,6435.718172977448
31322,6062.035651798074
31323,6637.786266077883
31324,6627.135877979192
31325,6318.130035451806
31326,5630.684366163986
31327,6774.7667495015885
31328,6249.939092587453
31329,6775.489979837822
31330,5924.871298434695
31331,6110.8621114421485
31332,6734.620267321246
31333,5572.0786518467485
31334,5715.325898286775
31335,6313.828211068542
31336,6019.908328591528
31337,5571.126274495804
31338,5583.629465288794
31339,6477.860161027867
31340,5735.1240934338475
31341,5689.654960029192
31342,6090.4522626220105
31343,6494.473791157739
31344,6571.096646627433
31345,6023.604411042274
31346,6770.916106298209
31347,6111.025668930443
31348,6656.193559921903
31349,6211.468727258706
31350,6638.717974960995
31351,6107.094629049645
31352,6566.900681350409
31353,5963.621477552216
31354,7185.54419456699
31355,5686.415530032699
31356,5980.487249303504
31357,6588.446114846553
31358,5676.813915558746
31359,5639.973535389833
31360,6674.15811544832
31361,5567.966423557837
31362,5515.985402008477
31363,6770.121529129259
31364,5569.4544316450665
31365,5548.183618756499
31366,5662.466181403216
31367,6529.876690278006
31368,6003.639025068038
31369,5731.09835135742
31370,6639.3179657670935
31371,6267.598041510427
31372,6209.226166932508
31373,6123.318806614083
31374,6117.300017309327
31375,6656.4991665253465
31376,6042.41120011694
31377,6751.785132922697
31378,6698.482228526274
31379,6315.318454700134
31380,5528.7985278751585
31381,6750.802079035666
31382,5506.195765186282
31383,6572.210692739764
31384,6863.70522000836
31385,6093.764923473471
31386,6135.589875832627
31387,6111.872979373631
31388,6697.76922370207
31389,6175.882641949638
31390,6288.730680200619
31391,6715.112340509572
31392,6761.075573667355
31393,5611.802990827241
31394,6285.323034329655
31395,5671.129632734712
31396,5575.447621523663
31397,5650.52663490666
31398,6599.304948628916
31399,6142.240050243808
31400,6548.276635821651
31401,6640.907120104996
31402,6766.75985649139
31403,6684.791052692042
31404,6004.757980742706
31405,6123.115868746092
31406,6662.160825769239
31407,5968.985281601548
31408,6110.241594686454
31409,6727.825575212789
31410,6707.9000246683245
31411,6736.087179017771
31412,6399.647020117053
31413,7241.08813680483
31414,6094.6400422299
31415,6776.539267801556
31416,6655.582346715018
31417,7148.576021062452
31418,6043.157809950215
31419,6063.881400953009
31420,6026.98736957106
31421,6125.47806339606
31422,6047.238384454069
31423,5942.903988491668
31424,6602.238436931459
31425,6728.131181816231
31426,6643.198109839232
31427,6273.638826746564
31428,5469.810695288055
31429,6239.915195994532
31430,6088.461613096066
31431,6672.592352334405
31432,5643.086881507746
31433,6771.34395554303
31434,6244.132567122042
31435,6014.606669668528
31436,6569.734593940329
31437,5588.7706694365
31438,6085.145874156906
31439,5394.60357187705
31440,6122.947692406005
31441,6286.35206144978
31442,6124.900208726742
31443,6657.556507445024
31444,6618.61417321048
31445,6211.259522103635
31446,6213.1615948040435
31447,7185.360830604925
31448,6088.583855737443
31449,7130.244737611904
31450,6230.670796500968
31451,6596.677279857872
31452,6617.399799752653
31453,6149.088913451361
31454,6143.075890998345
31455,6756.914211104519
31456,6656.132438601215
31457,6669.757380358745
31458,5696.928380759524
31459,6113.300260519602
31460,5492.652395773498
31461,6752.136522578785
31462,6214.254466817374
31463,6709.142902106153
31464,5580.863022223119
31465,5494.896645917076
31466,6229.361935952405
31467,6607.005899945165
31468,6543.739104108421
31469,6757.286051784666
31470,5705.312905435739
31471,6259.472592986873
31472,6062.414489256485
31473,6170.664739654416
31474,5706.8911560317565
31475,6327.231999478385
31476,5590.968707788199
31477,5599.578726689533
31478,6123.417958762174
31479,6840.507726782385
31480,6541.39013986548
31481,6199.6856902108475
31482,6585.861198277366
31483,5668.155576983265
31484,6771.710683467161
31485,5522.0962954217275
31486,6618.856485937149
31487,6104.740847606811
31488,6722.935869557706
31489,6119.180533728174
31490,6236.859129960106
31491,5526.422564208792
31492,6609.433577039085
31493,5566.439813581264
31494,6759.914268574273
31495,6147.068634578202
31496,6710.1483478218415
31497,6254.762564165833
31498,6741.700115009087
31499,6564.659385310541
31500,6658.345971857962
31501,5578.2118474431
31502,5681.808951024693
31503,5587.1082678120265
31504,6606.0279588141475
31505,5966.144835332401
31506,6584.274216495549
31507,6762.481364043191
31508,7151.448723134814
31509,6199.5743348797505
31510,5738.955557131979
31511,6821.998192125787
31512,6143.503740243164
31513,6707.60464357691
31514,6542.516677694651
31515,6674.096994127632
31516,6656.254681242592
31517,7186.644378339384
31518,5686.518827703194
31519,6249.016146700748
31520,6687.057654313532
31521,6804.583728485567
31522,6655.09337614951
31523,6212.318107199935
31524,6708.477879337643
31525,6584.885429702434
31526,6301.438802147821
31527,5711.903104328217
31528,6193.730127581102
31529,6314.951726776002
31530,5580.944501735498
31531,6035.479699657882
31532,6181.948397676892
31533,6653.870949735739
31534,6201.179281855534
31535,6722.70160978698
31536,6656.376923883969
31537,6053.294507958249
31538,5514.728514582514
31539,6112.302652650293
31540,6669.082873275087
31541,6742.471300954051
31542,5582.352930764203
31543,6203.55823569688
31544,6248.288816928863
31545,5579.927744674954
31546,6118.393688328441
31547,6677.706092248185
31548,6246.27181334614
31549,6782.9365554497945
31550,5511.351807145442
31551,6079.57235807967
31552,6513.4225441565695
31553,6133.401185058464
31554,6636.873112939552
31555,6695.813341440036
31556,6086.681554023689
31557,6215.822028332403
31558,5561.187069717423
31559,5621.700751038709
31560,6730.209306719642
31561,6655.215618790887
31562,5979.9371574173065
31563,7187.500076829024
31564,6741.371117181657
31565,6168.707715593567
31566,6456.2285662404165
31567,6004.172943819332
31568,6595.207923713349
31569,6180.166307144261
31570,6086.815061923171
31571,6230.930361853317
31572,5972.151752845302
31573,6193.778824386713
31574,6038.0204410700235
31575,5964.250074391057
31576,6575.072006575335
31577,5971.833301716627
31578,6585.252157626565
31579,5717.337805545087
31580,6250.305820511584
31581,6241.320986370369
31582,5552.660668524748
31583,6194.293636145226
31584,5941.135344292112
31585,6262.810385671111
31586,6061.112483784188
31587,6521.761799148928
31588,6216.872458094953
31589,6726.613374311047
31590,7152.3044216244525
31591,5998.447930729509
31592,6150.032036057135
31593,6521.969043064625
31594,6216.421276915066
31595,6162.1604880322575
31596,6606.883657303787
31597,5977.5820748005135
31598,6619.58476604112
31599,6125.309384422672
31600,6638.717974960995
31601,6778.556271384277
31602,6882.737446622153
31603,6581.034786499056
31604,6154.189245395041
31605,6657.893734500395
31606,6075.88274700011
31607,6688.8832409782435
31608,6167.719548950521
31609,7187.255591546269
31610,6097.273371775522
31611,6592.667360074473
31612,5664.107694065398
31613,5681.7664519915625
31614,5655.448133265918
31615,6063.0747142497785
31616,6533.668703165367
31617,5704.996395090411
31618,6193.7900983738955
31619,6012.371465880613
31620,6029.025775796207
31621,5965.760723776315
31622,6176.791874900806
31623,6246.027328063386
31624,6178.490555833307
31625,6208.143383223674
31626,6696.735274006379
31627,6621.846254906596
31628,6289.347006163518
31629,6186.876892814415
31630,6738.277321050529
31631,6072.955419928736
31632,6749.645886698598
31633,7185.605315887678
31634,5683.324713165965
31635,6236.003431470465
31636,6714.37888466131
31637,6082.007590411085
31638,7132.200619873937
31639,6157.848628317413
31640,6062.035001726768
31641,6245.039564528847
31642,6497.756958842964
31643,5596.963354425159
31644,6637.117598222306
31645,5596.670486291039
31646,5694.657937900831
31647,6042.095368001468
31648,6009.853382198104
31649,5956.8115400080815
31650,6702.96964871661
31651,5706.912930652316
31652,6260.2583702717875
31653,6726.786512761084
31654,6107.880235793775
31655,5766.210553403054
31656,6123.988950867687
31657,6989.457108693276
31658,6598.217629837779
31659,6011.332403428907
31660,6727.346830159309
31661,6033.149311615747
31662,6050.912176448661
31663,6102.255364833384
31664,6439.568816180827
31665,6139.579216113514
31666,5619.9743160521675
31667,5675.755156713601
31668,5682.7031295369925
31669,6829.882842494609
31670,6731.248369171347
31671,7182.8548564566945
31672,6142.227290638222
31673,6336.562565117546
31674,5562.261789674265
31675,6818.2130058454995
31676,6280.519426802169
31677,6881.127295858066
31678,6325.010635507412
31679,6544.64441480558
31680,6259.047169691601
31681,6249.878353348875
31682,5896.473393817558
31683,6315.453807197346
31684,6891.390564977726
31685,6278.69815170618
31686,5854.300937629672
31687,6726.25214122504
31688,5760.733466341118
31689,6337.3520295304825
31690,6407.732117538837
31691,6831.234019708243
31692,6211.892582553412
31693,6898.113910253465
31694,6212.351324961732
31695,6851.478342568109
31696,5833.661110742192
31697,6938.993848282071
31698,6121.209743601635
31699,6779.153799924041
31700,6426.874313315137
31701,6145.213998531361
31702,6250.672930517826
31703,6324.15971468328
31704,6762.970733122414
31705,5792.32416941746
31706,6409.872360651694
31707,5694.818595979666
31708,6721.320305306903
31709,6409.215364392164
31710,6765.613112512739
31711,6270.378400323886
31712,6186.29015677421
31713,6811.9014631916125
31714,6690.128281462391
31715,6285.333122063779
31716,6307.589324023406
31717,6530.530502482541
31718,6367.479727873919
31719,6279.124600953735
31720,6131.228243609366
31721,5775.332442266046
31722,7398.408526347508
31723,6744.861454998254
31724,6357.510842956914
31725,6881.794517629625
31726,5697.346749823482
31727,5631.56125780079
31728,6865.60759315919
31729,6778.31829426001
31730,6685.009428792597
31731,6860.748332288709
31732,6229.921647979345
31733,6359.717320146474
31734,6331.662633950435
31735,5889.802199437686
31736,5738.827675546944
31737,6363.445720708475
31738,6821.350644224673
31739,6286.607832556529
31740,5818.371826576839
31741,6706.9490427198525
31742,5800.009649962792
31743,6250.306202593694
31744,5635.826296003195
31745,6822.017865996233
31746,6039.806369956527
31747,6214.680842280603
31748,6270.419070620516
31749,6283.544119672531
31750,6033.255861583762
31751,6264.241891869232
31752,6332.528557952102
31753,6862.307041842009
31754,6819.837949475503
31755,6680.139942410086
31756,6305.294290118019
31757,6334.362197572758
31758,6712.081061101606
31759,6382.7296397084165
31760,6323.238117207445
31761,6853.811178266302
31762,6987.753323923483
31763,5718.9430270505945
31764,6608.811361166559
31765,6424.918431053104
31766,5678.360977079758
31767,5636.756570059316
31768,6209.287612077734
31769,5722.801935342989
31770,6129.04429314316
31771,6774.712136339386
31772,6310.411130287108
31773,5658.422272550281
31774,6195.7994669438585
31775,5822.3447124215945
31776,5834.5010330255545
31777,6214.849652260391
31778,6289.045038534499
31779,6373.347374660019
31780,6272.88948722813
31781,6810.099208461967
31782,6250.06171731094
31783,6290.9402538456825
31784,6859.179628974865
31785,5721.885115532661
31786,6788.197324631412
31787,6369.130003532509
31788,5599.697837353607
31789,6811.016028272295
31790,5796.141623127458
31791,6839.819508584641
31792,6259.179337584227
31793,6399.242363607903
31794,6735.429405604628
31795,6964.59345613854
31796,6304.317617297753
31797,5691.444813807517
31798,5765.009320136448
31799,6784.613455200423
31800,6303.36346247164
31801,6146.6903975409
31802,5766.982424688775
31803,6363.873569953295
31804,6232.5720656008
31805,5687.082274911427
31806,6354.766493170702
31807,6356.96686071549
31808,7308.769112677491
31809,6308.874606845638
31810,5732.133046384278
31811,6242.39952916629
31812,6320.905281509251
31813,6889.618046677759
31814,6177.944943173288
31815,6793.046359989864
31816,6147.6161877760505
31817,6344.8037178984705
31818,5734.7223023342995
31819,5808.353042739933
31820,6418.724984837952
31821,6777.156989166928
31822,6132.437015581534
31823,7310.358267015393
31824,6425.6467741453525
31825,6141.076956388336
31826,6316.397642046342
31827,5628.522792025733
31828,6915.645503779047
31829,5709.295832927866
31830,6667.164769812943
31831,6338.019251302043
31832,6224.297702190233
31833,6027.819938142894
31834,6783.705023436546
31835,6268.205497829385
31836,5670.188604196039
31837,6250.856294479891
31838,6250.6118091971375
31839,6360.75638259818
31840,6647.309327445593
31841,6459.197266447347
31842,6338.2128407761365
31843,6792.995464181205
31844,6173.042668909429
31845,6777.584838411748
31846,6365.523845611886
31847,6217.8424126910995
31848,6216.320137796548
31849,6834.863568852855
31850,6283.801758940298
31851,6368.457669004936
31852,6353.299581474177
31853,5858.620351340469
31854,6249.8172320281865
31855,7307.97453550854
31856,7306.935473056835
31857,5660.101685828575
31858,6103.223196848496
31859,6157.5433126753
31860,6903.37034383268
31861,6405.054001829329
31862,6564.688495232672
31863,6726.936763060159
31864,6765.613112512739
31865,5730.9273582358155
31866,7309.62481116713
31867,6099.807200758674
31868,6634.957563000436
31869,6159.865922861464
31870,6389.177606537902
31871,6618.57828771151
31872,5655.962502961326
31873,7044.735569222177
31874,6408.481908543901
31875,6393.003134340106
31876,5709.6692646020865
31877,6472.027631035926
31878,6441.594326089047
31879,7329.178521031449
31880,5638.943483358311
31881,6859.546356898996
31882,5966.537942663635
31883,6267.095386277797
31884,6283.627865859644
31885,6943.990458310487
31886,6350.193668106245
31887,6104.811417285917
31888,6833.091050552887
31889,5819.105282425102
31890,5825.03405053189
31891,6365.279360329132
31892,5851.856084802131
31893,6133.273773804949
31894,6250.824690459567
31895,6390.328876299404
31896,6396.441008368259
31897,6145.987317967945
31898,5828.359127169349
31899,6330.267069086627
31900,6258.744898369006
31901,6639.580949252968
31902,6674.674795938693
31903,6955.180772752505
31904,6148.29825908601
31905,5586.806351444338
31906,6368.090941080804
31907,6405.486628739655
31908,5855.273766004674
31909,5638.467967038596
31910,5768.731339631683
31911,6240.429402381759
31912,7307.54668626372
31913,6382.311757777177
31914,5724.71826347648
31915,6728.303543112656
31916,6307.158097110344
31917,5718.6456855361685
31918,6677.924905817053
31919,7274.734762566002
31920,6238.344926066731
31921,6768.057164152989
31922,5774.139848133438
31923,6360.878625239557
31924,5776.925503567567
31925,6696.5219322827215
31926,6665.261038446777
31927,6977.8516699719385
31928,6241.230637214047
31929,6199.779999638185
31930,6779.173992749649
31931,6317.807764916848
31932,6343.800722151798
31933,6240.534261391181
31934,6861.991209726538
31935,6743.489366979571
31936,6267.8980164026925
31937,5677.242242737161
31938,6721.2244167223025
31939,6166.682327072126
31940,6861.930088405849
31941,6241.248165756061
31942,5666.301025877323
31943,5683.562047460946
31944,5601.089828377782
31945,6325.500654548075
31946,6398.2589043345015
31947,6848.682100084479
31948,6834.125000248578
31949,6154.420332837717
31950,6308.818598280963
31951,6884.667219701987
31952,7309.62481116713
31953,6171.178946041643
31954,5836.717176776619
31955,6859.556582411025
31956,6427.479400445646
31957,6929.0259602538235
31958,5696.227314828487
31959,6370.555464671059
31960,6236.052708587477
31961,6230.490813314878
31962,6701.4539756292725
31963,6880.454961330492
31964,6339.486162998568
31965,5745.0519965274725
31966,7309.563689846442
31967,6316.331407969639
31968,6375.975256359119
31969,6217.356569508102
31970,6366.19618013946
31971,6852.644760417205
31972,6126.14925923255
31973,6367.0518786290995
31974,6953.28601181116
31975,6313.692965668003
31976,6447.095244951015
31977,6716.255132008694
31978,6212.14293051814
31979,5764.604260307774
31980,6349.632302232865
31981,6245.790694970396
31982,5784.763616253126
31983,6275.475205800968
31984,5648.310383691701
31985,5841.912489035145
31986,6616.7033845052665
31987,6095.802046097477
31988,6859.668599540373
31989,6333.539175712727
31990,7271.373089928133
31991,6183.555536067858
31992,6922.669342902215
31993,6900.798135607747
31994,6649.61769310926
31995,5814.649612876734
31996,6715.5654138491645
31997,6342.330275469791
31998,6893.774296484579
31999,6356.777387108652
32000,6902.453524022352
32001,6778.807264825518
32002,6665.4850009881175
32003,5663.317400421159
32004,6231.438671198764
32005,6779.187158461608
32006,6883.750399891658
32007,6811.0690966370385
32008,6656.460659275033
32009,5735.496428479192
32010,6774.773257660075
32011,5881.137038649145
32012,6364.545904480869
32013,6248.717048255792
32014,6778.868386146207
32015,6144.725027965853
32016,6866.46329164883
32017,6851.42744675945
32018,6663.899691095479
32019,5616.361171693492
32020,5772.7106065432035
32021,6207.097614955033
32022,6447.71089809961
32023,6828.873679425378
32024,7310.8472375809015
32025,6251.058615139786
32026,6359.289470901655
32027,6067.9052990025475
32028,6353.389360414005
32029,6354.583129208637
32030,6898.343057268176
32031,6963.737757648901
32032,6840.277802614063
32033,6843.542796390628
32034,7311.397329467098
32035,5819.053115097631
32036,6862.790899651503
32037,6780.02969123929
32038,6743.794973583013
32039,6210.402983472107
32040,6333.364208526191
32041,6895.342999798424
32042,6278.471050055382
32043,5785.824245896978
32044,6315.364740825806
32045,6947.240113819009
32046,6282.737331618048
32047,6269.852943838298
32048,5893.740318018529
32049,6262.176466580996
32050,5788.718011496836
32051,6901.536704212023
32052,6227.193389380209
32053,6633.735136586664
32054,6135.136579203859
32055,6865.790957121257
32056,6310.343968511179
32057,7306.69098777408
32058,6102.978711565742
32059,5651.966792054337
32060,6351.608912931889
32061,6356.594023146587
32062,5793.1798679071
32063,6860.891025954144
32064,6331.733980783151
32065,6367.195618983121
32066,6309.433189156091
32067,6182.072785646701
32068,6746.354720751557
32069,6773.9153866143515
32070,6316.603002756149
32071,6188.371849526312
32072,6322.200103230894
32073,5677.229925774468
32074,6135.763275588844
32075,6625.950894739422
32076,6929.270445536578
32077,6227.486848881506
32078,6796.723864743206
32079,6800.380918472489
32080,6886.745344605397
32081,6886.994942644165
32082,6875.010051033198
32083,5808.428230809854
32084,6411.716225784379
32085,6266.960384030835
32086,6122.531021432795
32087,6863.495851519763
32088,6264.222684205435
32089,6789.044727906966
32090,7307.730050225786
32091,5609.963290756297
32092,6284.19693155551
32093,6288.723948752956
32094,6219.833945326115
32095,6977.607184689185
32096,6897.135969122449
32097,7329.239642352138
32098,6862.307041842009
32099,5796.11369130015
32100,5679.954005518071
32101,6904.042678360254
32102,5820.621235563183
32103,6778.807264825518
32104,6450.884766833705
32105,6292.606110030457
32106,6903.981557039566
32107,6190.475004911248
32108,6229.144599352408
32109,7310.724994939525
32110,5810.836520500193
32111,5710.627921647293
32112,6195.413072281435
32113,6707.8658625301805
32114,5748.652850695272
32115,6350.630971800872
32116,5739.671729312806
32117,6353.116217512112
32118,6164.362190989108
32119,6332.189248991507
32120,6355.912459995741
32121,6180.468937591043
32122,7399.875438044033
32123,6246.485076690681
32124,6779.601841994469
32125,5806.471126323821
32126,7362.540536615364
32127,7256.647964398208
32128,6631.82948833504
32129,6886.663772260651
32130,6681.891295340132
32131,6268.060567803229
32132,6278.043200810563
32133,6382.32709604522
32134,6780.679402186722
32135,6053.912229323621
32136,6140.671163065307
32137,6162.753335553108
32138,5741.122993281508
32139,5750.526205786132
32140,6185.994025756837
32141,6384.451004001276
32142,5812.662230938701
32143,6883.355167987525
32144,5694.3211093591735
32145,6244.958520887855
32146,6758.031128547429
32147,6309.7280697909155
32148,6850.806008040535
32149,5859.51031663743
32150,6331.036340673954
32151,6780.151933880667
32152,6896.555316575907
32153,5780.6512654767
32154,6833.39665715633
32155,5813.4658278272855
32156,6958.481324069686
32157,6898.052788932777
32158,6167.829387642711
32159,6328.521969750194
32160,6448.745520609606
32161,5749.515542755116
32162,6076.617538260435
32163,6271.709208325378
32164,6246.479963934667
32165,6261.087959579228
32166,6862.235695009293
32167,6657.067790483173
32168,6796.764472051559
32169,6169.291760232512
32170,5623.994323569691
32171,6251.223022404022
32172,6740.861150189963
32173,6919.5521555471005
32174,5770.712534707821
32175,6779.112871428961
32176,6336.851820132584
32177,6559.2486976913915
32178,6185.566176512017
32179,6761.316790791825
32180,6750.666402693135
32181,6441.66056016575
32182,5754.214890877929
32183,6898.297274215531
32184,6373.469617301396
32185,6899.020504551765
32186,6048.401823148638
32187,6234.392636156092
32188,6858.150792035189
32189,5695.609176560692
32190,5838.856423000718
32191,6437.358735782485
32192,6143.438853305471
32193,5694.656799209747
32194,5707.159990002737
32195,6601.3906857418115
32196,5858.654618147791
32197,5813.185484743135
32198,6213.982787335954
32199,6618.004315871682
32200,6694.627171341376
32201,6147.134935756217
32202,6894.446631012153
32203,6234.556193644386
32204,6779.724084635846
32205,6334.999251972649
32206,6762.248499674938
32207,6230.625153763588
32208,6690.4312060643515
32209,6087.152002266159
32210,7309.074719280934
32211,5809.946054746642
32212,6104.017774017447
32213,6711.976639560497
32214,5800.344440272689
32215,5763.504060103776
32216,6797.688640162263
32217,5691.49694827178
32218,5639.51592672242
32219,6893.652053843201
32220,5692.98495635901
32221,5671.714143470442
32222,5785.996706117159
32223,6653.407214991949
32224,6127.169549781981
32225,5854.628876071363
32226,6762.848490481037
32227,6391.12856622437
32228,6332.756691646451
32229,6246.849331328026
32230,6240.83054202327
32231,6780.02969123929
32232,6165.941724830883
32233,6875.31565763664
32234,6822.012753240218
32235,6438.848979414077
32236,5652.329052589102
32237,6874.332603749609
32238,5629.726289900225
32239,6695.741217453708
32240,6987.235744722304
32241,6217.295448187414
32242,6259.12040054657
32243,6235.403504087575
32244,6821.299748416013
32245,6299.413166663582
32246,6412.261204914562
32247,6838.642865223515
32248,6884.606098381298
32249,5735.333515541184
32250,6408.853559043598
32251,5794.660157448655
32252,5698.978146237607
32253,5774.057159620603
32254,6722.835473342859
32255,6265.770574957751
32256,6671.807160535594
32257,6764.437644818939
32258,6890.290381205332
32259,6808.321577405985
32260,6128.28850545665
32261,6246.646393460035
32262,6785.691350483182
32263,6092.515806315491
32264,6233.772119400397
32265,6851.356099926732
32266,6831.430549382268
32267,6859.617703731714
32268,6523.177544830996
32269,7364.6186615187735
32270,6218.170566943843
32271,6900.069792515498
32272,6779.112871428961
32273,7272.106545776395
32274,6166.688334664158
32275,6187.411925666953
32276,6150.517894285003
32277,6249.008588110003
32278,6170.768909168012
32279,6066.434513205611
32280,6725.768961645402
32281,6851.661706530174
32282,6766.728634553176
32283,6397.169351460507
32284,5593.341220001998
32285,6363.445720708475
32286,6211.992137810009
32287,6796.1228770483485
32288,5766.617406221689
32289,6894.874480256973
32290,6367.663091835984
32291,6138.1371943824715
32292,6693.265118654273
32293,5712.301194150443
32294,6208.676398870849
32295,5518.134096590993
32296,6246.478217119949
32297,6409.882586163723
32298,6248.430733440685
32299,6781.087032158968
32300,6742.144697924423
32301,6334.7900468175785
32302,6336.692119517987
32303,7308.891355318868
32304,6212.114380451386
32305,7253.7752623258475
32306,6354.201321214911
32307,6720.207804571815
32308,6740.930324466597
32309,6272.619438165304
32310,6266.606415712288
32311,6880.4447358184625
32312,6779.662963315158
32313,6793.287905072688
32314,5820.458905473467
32315,6236.830785233544
32316,5616.182920487441
32317,6875.667047292728
32318,6337.784991531317
32319,6832.673426820096
32320,5704.393546937062
32321,5618.427170631019
32322,6352.892460666348
32323,6730.536424659107
32324,6667.269628822364
32325,6880.816576498609
32326,5828.843430149682
32327,6383.003117700817
32328,6185.945013970428
32329,6294.195264368359
32330,5830.4216807457
32331,6450.762524192328
32332,5714.499232502142
32333,5723.109251403476
32334,6246.948483476117
32335,6964.0382514963285
32336,6664.920664579423
32337,6323.216214924791
32338,6709.3917229913095
32339,5791.686101697208
32340,6895.2412081811035
32341,5645.626820135671
32342,6742.387010651093
32343,6228.271372320754
32344,6846.466394271649
32345,6242.711058442117
32346,6360.389654674049
32347,5649.953088922735
32348,6732.964101753028
32349,5689.9703382952075
32350,6883.444793288216
32351,6270.5991592921455
32352,6833.678872535785
32353,6378.293088879776
32354,6865.23063972303
32355,6688.189910024485
32356,6781.876496571905
32357,5701.742372157043
32358,5805.339475738636
32359,5710.63879252597
32360,6729.558483528091
32361,6089.675360046344
32362,6707.804741209492
32363,6886.011888757134
32364,7274.979247848756
32365,6323.104859593694
32366,5862.486081845922
32367,6945.52871683973
32368,6267.0342649571085
32369,6831.1351682908535
32370,6666.047202408594
32371,6797.627518841575
32372,6779.785205956535
32373,7310.174903053327
32374,5810.049352417137
32375,6372.546671414691
32376,6810.588179027475
32377,6928.11425319951
32378,6778.623900863453
32379,6335.848631913879
32380,6832.008404051585
32381,6708.415954416378
32382,6424.969326861764
32383,5835.43362904216
32384,6317.2606522950455
32385,6438.482251489946
32386,5704.475026449441
32387,6159.010224371825
32388,6305.478922390835
32389,6777.401474449682
32390,6324.709806569477
32391,6846.232134500923
32392,6779.907448597912
32393,6176.825032672192
32394,5638.259039296458
32395,6235.833177364236
32396,6792.61339798903
32397,6866.001825667994
32398,5705.883455478146
32399,6327.088760410823
32400,6371.819341642806
32401,5703.458269388897
32402,6241.9242130423845
32403,6801.236616962129
32404,6369.8023380600835
32405,6906.4670801637385
32406,5634.882331859385
32407,6203.102882793613
32408,6636.953068870513
32409,6256.931709772407
32410,6760.403637653495
32411,6819.343866153979
32412,6210.2120787376325
32413,6339.352553046345
32414,5684.717594431366
32415,5745.231275752652
32416,6853.739831433585
32417,6778.74614350483
32418,6103.46768213125
32419,7311.030601542967
32420,6864.9016418956
32421,6292.23824030751
32422,6579.75909095436
32423,6127.703468533276
32424,6718.7384484272925
32425,6303.696831858204
32426,6210.345586637114
32427,6354.46088656726
32428,6095.682277559245
32429,6317.309349100656
32430,6161.550965783967
32431,6087.780599105
32432,6698.602531289278
32433,6095.36382643057
32434,6708.7826823405085
32435,5840.86833025903
32436,6373.836345225527
32437,6364.851511084312
32438,5676.19119323869
32439,6317.824160859169
32440,6064.665869006055
32441,6386.340910385055
32442,6184.643008498131
32443,6645.292323862871
32444,6340.402982808895
32445,6850.14389902499
32446,7275.834946338397
32447,6121.978455443452
32448,6273.562560771078
32449,6645.499567778568
32450,6339.951801629009
32451,6285.691012746201
32452,6730.41418201773
32453,6101.112599514457
32454,6743.115290755064
32455,6248.8399091366155
32456,6762.248499674938
32457,6902.0867960982205
32458,7006.267971336096
32459,6704.565311212999
32460,6277.719770108984
32461,6781.424259214338
32462,6199.413271714053
32463,6812.413765692187
32464,6291.250073664464
32465,7310.786116260213
32466,6220.803896489465
32467,6716.197884788417
32468,5787.6382187793415
32469,5805.296976705506
32470,5778.978657979861
32471,6186.605238963722
32472,6657.1992278793105
32473,5828.526919804355
32474,6317.320623087839
32475,6135.901990594556
32476,6152.55630051015
32477,6089.291248490257
32478,6300.322399614749
32479,6369.55785277733
32480,6302.02108054725
32481,6331.6739079376175
32482,6820.265798720322
32483,6745.376779620539
32484,6412.877530877462
32485,6310.407417528359
32486,6861.807845764472
32487,6196.485944642678
32488,6873.176411412541
32489,7309.1358406016225
32490,5806.855237879908
32491,6359.533956184408
32492,6837.909409375253
32493,6205.5381151250285
32494,7255.73114458788
32495,6281.3791530313565
32496,6185.565526440711
32497,6368.57008924279
32498,6621.287483556907
32499,5720.493879139102
32500,6760.648122936249
32501,5720.201011004982
32502,5818.188462614774
32503,6165.625892715411
32504,6133.383906912046
32505,6080.342064722025
32506,6826.500173430553
32507,5830.4434553662595
32508,6383.788894985731
32509,6850.317037475027
32510,6231.410760507718
32511,5889.741078116997
32512,6247.51947558163
32513,7112.98763340722
32514,6721.748154551722
32515,6134.86292814285
32516,6850.877354873252
32517,6156.67983632969
32518,6174.442701162604
32519,6225.785889547327
32520,6563.09934089477
32521,6263.109740827457
32522,5743.504840766111
32523,5799.285681427544
32524,5806.233654250936
32525,6953.413367208552
32526,6854.77889388529
32527,7306.385381170638
32528,6265.757815352165
32529,6460.093089831489
32530,5685.792314388208
32531,6941.743530559443
32532,6404.049951516112
32533,7004.657820572009
32534,6448.541160221355
32535,6668.174939519522
32536,6382.577694405544
32537,6373.408878062817
32538,6020.003918531501
32539,6438.984331911289
32540,7014.921089691668
32541,6402.2286764201235
32542,5977.831462343615
32543,6849.782665938983
32544,5884.263991055061
32545,6460.882554244426
32546,6531.26264225278
32547,6954.764544422186
32548,6335.423107267355
32549,7021.644434967408
32550,6335.881849675674
32551,6975.008867282052
32552,5957.191635456135
32553,7062.524372996013
32554,6244.740268315578
32555,6902.684324637983
32556,6550.404838029081
32557,6268.744523245304
32558,6374.203455231769
32559,6447.690239397223
32560,6886.501257836357
32561,5915.854694131403
32562,6533.402885365637
32563,5818.349120693609
32564,6844.850830020845
32565,6532.745889106106
32566,6889.143637226682
32567,6393.908925037828
32568,6309.820681488153
32569,6935.431987905555
32570,6813.658806176334
32571,6408.863646777721
32572,6431.1198487373495
32573,6654.061027196483
32574,6491.010252587862
32575,6402.6551256676785
32576,6254.758768323308
32577,5898.862966979988
32578,7521.93905106145
32579,6868.391979712197
32580,6481.041367670857
32581,7005.325042343568
32582,5820.877274537425
32583,5755.0917825147335
32584,6989.1381178731335
32585,6901.848818973953
32586,6808.539953506539
32587,6984.278857002652
32588,6353.452172693287
32589,6483.247844860417
32590,6455.193158664377
32591,6013.332724151628
32592,5862.358200260887
32593,6486.976245422418
32594,6944.881168938616
32595,6410.138357270472
32596,5941.9023512907825
32597,6830.479567433795
32598,5923.540174676735
32599,6373.836727307637
32600,5759.356820717138
32601,6945.548390710175
32602,6163.33689467047
32603,6338.211366994547
32604,6393.949595334459
32605,6407.074644386474
32606,6156.786386297706
32607,6387.772416583174
32608,6456.0590826660455
32609,6985.837566555952
32610,6943.368474189445
32611,6803.6704671240295
32612,6428.824814831962
32613,6457.892722286701
32614,6835.611585815548
32615,6506.26016442236
32616,6446.768641921388
32617,6977.341702980245
32618,7111.283848637426
32619,5842.473551764538
32620,6732.341885880503
32621,6548.448955767047
32622,5801.891501793701
32623,5760.287094773259
32624,6332.818136791677
32625,5846.332460056931
32626,6252.574817857103
32627,6898.242661053329
32628,6433.94165500105
32629,5781.952797264224
32630,6319.329991657802
32631,5945.875237135538
32632,5958.031557739498
32633,6338.380176974334
32634,6412.575563248442
32635,6496.877899373962
32636,6396.420011942073
32637,6933.62973317591
32638,6373.5922420248835
32639,6414.470778559626
32640,6982.710153688808
32641,5845.415640246603
32642,6911.727849345355
32643,6492.6605282464525
32644,5723.228362067549
32645,6934.546552986238
32646,5919.672147841401
32647,6963.350033298584
32648,6382.70986229817
32649,6522.772888321846
32650,6858.959930318571
32651,7088.123980852482
32652,6427.848142011695
32653,5814.97533852146
32654,5888.539844850391
32655,6908.143979914366
32656,6426.893987185583
32657,6270.220922254844
32658,5890.512949402718
32659,6487.404094667238
32660,6356.102590314743
32661,5810.61279962537
32662,6478.297017884645
32663,6480.497385429433
32664,7432.299637391434
32665,6432.405131559581
32666,5855.663571098221
32667,6365.930053880233
32668,6444.435806223194
32669,7013.148571391701
32670,6301.4754678872305
32671,6916.576884703807
32672,6271.146712489994
32673,6468.334242612414
32674,5858.252827048242
32675,5931.883567453876
32676,6542.255509551896
32677,6900.687513880871
32678,6255.967540295476
32679,7433.888791729336
32680,6549.177298859295
32681,6264.607481102279
32682,6439.928166760285
32683,5752.053316739675
32684,7039.176028492991
32685,5832.826357641809
32686,6790.695294526886
32687,6461.549776015985
32688,6347.8282269041765
32689,6151.350462856837
32690,6907.235548150489
32691,6391.736022543328
32692,5793.719128909982
32693,6374.3868191938345
32694,6374.142333911081
32695,6484.286907312122
32696,6770.839852159536
32697,6582.727791161289
32698,6461.74336549008
32699,6916.525988895148
32700,6296.573193623372
32701,6901.115363125691
32702,6489.054370325828
32703,6341.372937405042
32704,6339.850662510491
32705,6958.394093566798
32706,6407.332283654241
32707,6491.988193718878
32708,6476.83010618812
32709,5982.150876054412
32710,6373.347756742129
32711,7431.505060222483
32712,7430.465997770778
32713,5783.632210542518
32714,6226.753721562439
32715,6281.073837389243
32716,7026.900868546623
32717,6528.584526543271
32718,6688.219019946614
32719,6850.467287774101
32720,6889.143637226682
32721,5854.457882949759
32722,7433.155335881073
32723,6223.337725472617
32724,6758.488087714379
32725,6283.396447575407
32726,6512.708131251845
32727,6742.108812425453
32728,5779.493027675269
32729,7168.266093936119
32730,6532.012433257843
32731,6516.533659054048
32732,5833.19978931603
32733,6595.558155749868
32734,6565.124850802989
32735,7452.709045745391
32736,5762.474008072254
32737,6983.076881612939
32738,6090.068467377578
32739,6390.625910991739
32740,6407.158390573586
32741,7067.52098302443
32742,6473.724192820187
32743,6228.341941999859
32744,6956.62157526683
32745,5942.635807139045
32746,5948.564575245833
32747,6488.809885043074
32748,5975.386609516074
32749,6256.804298518891
32750,6374.35521517351
32751,6513.859401013347
32752,6519.971533082202
32753,6269.5178426818875
32754,5951.889651883293
32755,6453.797593800569
32756,6382.275423082949
32757,6763.11147396691
32758,6798.205320652636
32759,7078.711297466448
32760,6271.828783799952
32761,5710.3368761582815
32762,6491.621465794748
32763,6529.017153453598
32764,5978.804290718617
32765,5761.998491752538
32766,5892.261864345626
32767,6363.959927095702
32768,7431.077210977663
32769,6505.8422824911195
32770,5848.2487881904235
32771,6851.8340678265995
32772,6430.688621824287
32773,5842.176210250111
32774,6801.455430530996
32775,7398.265287279945
32776,6361.875450780674
32777,6891.587688866932
32778,5897.67037284738
32779,6484.4091499535
32780,5900.45602828151
32781,6820.052456996664
32782,6788.791563160719
32783,7101.382194685882
32784,6364.7611619279905
32785,6323.310524352128
32786,6902.704517463593
32787,6441.338289630791
32788,6467.331246865741
32789,6364.064786105124
32790,6985.521734440481
32791,6867.019891693513
32792,6391.428541116635
32793,5800.772767451104
32794,6844.754941436246
32795,6290.212851786069
32796,6985.4606131197925
32797,6364.778690470004
32798,5789.831550591266
32799,5807.092572174889
32800,5724.6203530917255
32801,6449.031179262018
32802,6521.789429048445
32803,6972.212624798422
32804,6957.655524962521
32805,6277.95085755166
32806,6432.349122994906
32807,7008.197744415929
32808,7433.155335881073
32809,6294.709470755586
32810,5960.247701490562
32811,6983.087107124968
32812,6551.009925159589
32813,7052.556484967767
32814,5819.75783954243
32815,6494.085989385002
32816,6359.5832333014205
32817,6354.0213380288205
32818,6824.984500343215
32819,7003.985486044435
32820,6463.01668771251
32821,5868.582521241415
32822,7433.094214560385
32823,6439.861932683582
32824,6499.505781073062
32825,6340.887094222046
32826,6489.726704853403
32827,6976.1752851311485
32828,6249.679783946493
32829,6490.582403343042
32830,7076.8165365251025
32831,6437.223490381946
32832,6570.625769664958
32833,6839.785656722637
32834,6335.673455232083
32835,5888.134785021717
32836,6473.162826946808
32837,6369.321219684338
32838,5908.294140967068
32839,6399.005730514911
32840,5771.840908405644
32841,5965.443013749088
32842,6740.23390921921
32843,6219.332570811419
32844,6983.199124254316
32845,6457.069700426669
32846,7394.903614642076
32847,6307.086060781801
32848,7046.199867616158
32849,7024.328660321689
32850,6773.148217823203
32851,5938.180137590677
32852,6839.095938563107
32853,6465.860800183733
32854,7017.304821198522
32855,6480.307911822594
32856,7025.984048736294
32857,6902.3377895394615
32858,6789.015525702061
32859,5786.847925135102
32860,6354.969195912707
32861,6902.717683175551
32862,7007.280924605601
32863,6934.5996213509825
32864,6779.991183988976
32865,5859.026953193135
32866,6898.303782374018
32867,6004.6675633630875
32868,6488.076429194812
32869,6372.247572969735
32870,6902.39891086015
32871,6268.255552679795
32872,6989.993816362773
32873,6974.957971473392
32874,6787.4302158094215
32875,5739.891696407435
32876,5896.241131257147
32877,6330.628139668976
32878,6571.241422813553
32879,6952.40420413932
32880,7434.377762294844
32881,6374.589139853729
32882,6482.819995615598
32883,6191.435823716491
32884,6476.919885127947
32885,6478.11365392258
32886,7021.8735819821195
32887,7087.268282362844
32888,6963.808327328006
32889,6967.07332110457
32890,7434.927854181041
32891,5942.583639811573
32892,6986.321424365447
32893,6903.560215953232
32894,6867.325498296956
32895,6333.93350818605
32896,6456.894733240135
32897,7018.873524512366
32898,6402.001574769325
32899,5909.35477061092
32900,6438.895265539748
32901,7070.770638532952
32902,6406.267856331991
32903,6393.383468552241
32904,6017.270842732472
32905,6385.706991294939
32906,5912.248536210779
32907,7025.067228925966
32908,6350.723914094151
32909,6757.2656613006075
32910,6258.667103917801
32911,6989.321481835199
32912,6433.874493225122
32913,7430.221512488023
32914,6226.509236279684
32915,5775.49731676828
32916,6475.139437645832
32917,6480.124547860529
32918,5916.710392621043
32919,6984.421550668088
32920,6455.264505497094
32921,6490.726143697064
32922,6432.963713870034
32923,6305.603310360644
32924,6869.885245465499
32925,6897.445911328294
32926,6440.133527470092
32927,6311.902374240255
32928,6445.730627944837
32929,5800.760450488411
32930,6259.2938003027875
32931,6749.4814194533665
32932,7052.800970250521
32933,6351.017373595449
32934,6920.254389457148
32935,6923.911443186432
32936,7010.27586931934
32937,7010.5254673581085
32938,6998.54057574714
32939,5931.958755523797
32940,6535.246750498322
32941,6390.490908744778
32942,6246.061546146738
32943,6987.026376233707
32944,6387.753208919378
32945,6912.575252620909
32946,7431.260574939728
32947,5733.49381547024
32948,6407.727456269453
32949,6412.254473466899
32950,6343.364470040058
32951,7101.137709403128
32952,7020.666493836392
32953,7452.770167066081
32954,6985.837566555952
32955,5919.644216014092
32956,5803.484530232015
32957,7027.5732030741965
32958,5944.151760277126
32959,6902.3377895394615
32960,6574.415291547648
32961,6416.1366347444
32962,7027.512081753508
32963,6314.005529625191
32964,6352.67512406635
32965,7434.255519653467
32966,5934.367045214136
32967,5834.158446361236
32968,6318.943596995378
32969,6831.396387244124
32970,5872.183375409215
32971,6474.161496514815
32972,5863.202254026749
32973,6476.646742226055
32974,6287.89271570305
32975,6455.71977370545
32976,6479.442984709684
32977,6303.999462304985
32978,7523.405962757975
32979,6370.015601404623
32980,6903.1323667084125
32981,5930.001651037764
32982,7486.071061329307
32983,7380.1784891121515
32984,6755.360013048983
32985,7010.194296974594
32986,6805.4218200540745
32987,6391.591092517171
32988,6401.573725524506
32989,6505.857620759163
32990,6904.209926900665
32991,6177.442754037565
32992,6264.201687779249
32993,6286.283860267051
32994,5864.653517995451
32995,5874.056730500075
32996,6309.524550470779
32997,6507.981528715219
32998,5936.192755652644
32999,7006.885692701468
33000,5817.851634073117
33001,6368.489045601798
33002,6881.561653261371
33003,6433.258594504859
33004,6974.336532754478
33005,5983.040841351373
33006,6454.566865387897
33007,6903.682458594609
33008,7020.085841289851
33009,5904.1817901906425
33010,6956.927181870273
33011,5936.996352541229
33012,7082.011848783629
33013,7021.58331364672
33014,6291.359912356653
33015,6452.052494464137
33016,6572.276045323549
33017,5873.046067469059
33018,6200.148062974378
33019,6395.239733039321
33020,6370.01048864861
33021,6384.618484293171
33022,6985.766219723235
33023,6780.598315197115
33024,6920.294996765502
33025,6292.8222849464555
33026,5747.524848283633
33027,6374.753547117965
33028,6864.391674903906
33029,7043.082680261043
33030,5894.243059421764
33031,6902.643396142904
33032,6460.382344846526
33033,6682.779222405335
33034,6309.09670122596
33035,6884.847315505768
33036,6874.196927407078
33037,6565.191084879692
33038,5877.745415591872
33039,7021.827798929474
33040,6497.0001420153385
33041,7022.551029265707
33042,6171.932347862581
33043,6357.923160870035
33044,6981.681316749132
33045,5819.139701274635
33046,5962.386947714661
33047,6560.8892604964285
33048,6266.969378019414
33049,5818.18732392369
33050,5830.69051471668
33051,6724.921210455754
33052,5982.185142861734
33053,5936.716009457078
33054,6337.513312049897
33055,6741.534840585625
33056,6818.157696055319
33057,6270.66546047016
33058,7017.977155726096
33059,6358.08671835833
33060,6903.2546093497895
33061,6458.5297766865915
33062,6885.779024388881
33063,6354.155678477531
33064,6813.961730778295
33065,6210.682526980102
33066,7432.605243994876
33067,5933.4765794605855
33068,6227.54829873139
33069,6835.507164274439
33070,5923.874964986632
33071,5887.034584817719
33072,6921.2191648762055
33073,5815.027472985723
33074,5763.046451436363
33075,7017.182578557145
33076,5816.515481072953
33077,5795.244668184385
33078,5909.527230831102
33079,6776.937739705892
33080,6250.700074495924
33081,5978.1594007853055
33082,6886.37901519498
33083,6514.659090938313
33084,6456.287216360394
33085,6370.379856041969
33086,6364.361066737213
33087,6903.560215953232
33088,6289.472249544826
33089,6998.846182350582
33090,6945.543277954161
33091,6562.37950412802
33092,5775.859577303045
33093,6997.863128463552
33094,5753.2568146141675
33095,6819.271742167651
33096,7110.766269436246
33097,6340.825972901357
33098,6382.650925260512
33099,6358.934028801517
33100,6944.830273129956
33101,6422.943691377524
33102,6535.791729628505
33103,6962.1733899374585
33104,7008.136623095241
33105,5858.864040255127
33106,6532.384083757541
33107,5918.190682162598
33108,5822.508670951549
33109,5897.587684334545
33110,6846.365998056801
33111,6389.301099671693
33112,6795.337685249537
33113,6887.968169532882
33114,7013.820905919275
33115,6931.852102119928
33116,6251.819030170593
33117,6370.176918173977
33118,6909.221875197125
33119,6216.046331029434
33120,6357.30264411434
33121,6974.886624640675
33122,6954.961074096211
33123,6983.148228445656
33124,6646.708069544939
33125,7488.149186232717
33126,6341.7010916577865
33127,7023.600317229441
33128,6902.643396142904
33129,7395.637070490338
33130,6290.218859378101
33131,6310.942450380895
33132,6274.0484189989465
33133,6372.539112823946
33134,6294.299433881955
33135,6189.965037919555
33136,6849.299486359345
33137,6975.1922312441175
33138,6890.259159267118
33139,6520.69987617445
33140,5716.871744715941
33141,6486.976245422418
33142,6335.522662523952
33143,6919.653401762292
33144,5890.147930935631
33145,7018.405004970916
33146,6491.193616549927
33147,6261.667719096415
33148,6816.795643368216
33149,5835.831718864386
33150,6332.206923584792
33151,5641.664621304936
33152,6370.008741833892
33153,6533.4131108776655
33154,6371.961258154628
33155,6904.61755687291
33156,6865.675222638365
33157,6458.320571531522
33158,6460.22264423193
33159,7432.421880032811
33160,6335.644905165329
33161,7377.305787039791
33162,6477.731845928854
33163,6843.7383292857585
33164,6864.460849180539
33165,6396.149962879247
33166,6390.136940426231
33167,7003.975260532406
33168,6903.193488029101
33169,6916.818429786631
33170,5943.98943018741
33171,6360.361309947487
33172,5739.713445201383
33173,6999.197572006671
33174,6461.31551624526
33175,6956.203951534038
33176,5827.924071651005
33177,5741.957695344962
33178,6476.422985380291
33179,6854.06694937305
33180,6790.800153536307
33181,7004.347101212552
33182,5952.373954863624
33183,6506.533642414759
33184,6309.47553868437
33185,6417.725789082302
33186,5953.952205459643
33187,6574.293048906271
33188,5838.029757216085
33189,5846.639776117419
33190,6370.47900819006
33191,7087.568776210272
33192,6788.451189293365
33193,6446.746739638734
33194,6832.922247705253
33195,5915.216626411151
33196,7018.771732895047
33197,5769.157344849614
33198,6865.917535365035
33199,6351.801897034697
33200,6969.996918985591
33201,6366.24158315606
33202,6483.920179387991
33203,5773.483613636678
33204,6856.494626466972
33205,5813.500863009151
33206,7006.975318002159
33207,6394.129684006088
33208,6957.209397249728
33209,6501.8236135937195
33210,6988.761164436974
33211,6811.720434738428
33212,6905.407021285848
33213,5825.272896870986
33214,5928.870000452579
33215,5834.169317239912
33216,6853.089008242034
33217,6213.2058847602875
33218,6831.335265923435
33219,7009.542413471077
33220,7398.509772562699
33221,6446.635384307637
33222,5986.016606559865
33223,7069.059241553672
33224,6390.564789671051
33225,6954.665693004797
33226,6789.577727122537
33227,6921.158043555517
33228,6903.315730670478
33229,7433.7054277672705
33230,5933.57987713108
33231,6496.077196128635
33232,6934.118703741418
33233,7051.644777913452
33234,6902.154425577395
33235,6459.379156627821
33236,6955.538928765528
33237,6831.94647913032
33238,6548.499851575707
33239,5958.964153756103
33240,6440.791177008989
33241,6562.012776203888
33242,5828.005551163385
33243,6282.540749085768
33244,6429.009447104778
33245,6900.931999163625
33246,6448.240331283419
33247,6969.762659214866
33248,6903.437973311855
33249,6300.355557386135
33250,5761.789564010401
33251,6359.363702078178
33252,6916.143922702973
33253,6989.532350381936
33254,5829.413980192089
33255,6450.619285124765
33256,6495.349866356748
33257,5826.98879410284
33258,6365.454737756327
33259,6924.767141676071
33260,6493.332862774027
33261,7029.997604877681
33262,5758.412856573328
33263,6326.6334075075565
33264,6760.483593584456
33265,6380.462234486349
33266,6883.934162367437
33267,6942.874390867923
33268,6333.742603451576
33269,6462.883077760289
33270,5808.248119145309
33271,5868.761800466596
33272,6977.270356147528
33273,6902.276668218772
33274,6226.998206845193
33275,7434.56112625691
33276,6988.432166609543
33277,6415.768765021452
33278,6703.289615668303
33279,6251.233993247219
33280,6842.268973141236
33281,6427.227356572146
33282,6333.876111351057
33283,6477.991411281203
33284,6219.212802273189
33285,6440.839873814599
33286,6285.081490497909
33287,6211.311123818943
33288,6822.13305600322
33289,6218.894351144513
33290,6832.313207054451
33291,5964.398854972972
33292,6497.36686993947
33293,6488.382035798255
33294,5799.721717952633
33295,6441.354685573112
33296,6188.196393719998
33297,6509.871435098998
33298,6308.173533212074
33299,6768.822848576814
33300,6463.933507522838
33301,6973.674423738933
33302,7399.365471052339
33303,6245.508980157395
33304,6397.093085485021
33305,6769.03009249251
33306,6463.482326342952
33307,6409.221537460144
33308,6853.944706731673
33309,6224.6431242284
33310,6866.645815469006
33311,6372.370433850558
33312,6885.779024388881
33313,7025.617320812164
33314,7129.798496050039
33315,6828.0958359269425
33316,6401.250294822928
33317,6904.954783928281
33318,6322.943796427996
33319,6935.94429040613
33320,6414.780598378407
33321,7434.316640974155
33322,6344.334421203408
33323,6839.72840950236
33324,5911.168743493285
33325,5928.827501419449
33326,5902.509182693804
33327,6310.135763677665
33328,6780.729752593254
33329,5952.057444518297
33330,6440.851147801782
33331,6259.432515308498
33332,6276.086825224093
33333,6212.8217732042
33334,6423.852924328692
33335,6493.088377491273
33336,6425.551605261193
33337,6455.204432651561
33338,6943.796323434265
33339,6868.907304334482
33340,6536.408055591404
33341,6433.937942242301
33342,6985.3383704784155
33343,6320.016469356621
33344,6996.706936126484
33345,7432.666365315565
33346,5930.385762593851
33347,6483.064480898352
33348,6961.439934089196
33349,6329.068639838971
33350,7379.2616693018235
33351,6404.9096777453
33352,6309.096051154655
33353,6492.1006139567335
33354,6744.81800827085
33355,5844.024403853045
33356,6884.178647650192
33357,5843.731535718925
33358,5941.718987328716
33359,6289.156417429354
33360,6256.914431625989
33361,6203.872589435968
33362,6950.0306981444965
33363,5953.973980080203
33364,6507.319419699674
33365,6973.84756218897
33366,6354.941285221661
33367,6013.27160283094
33368,6371.050000295572
33369,7236.518158121162
33370,6845.278679265665
33371,6258.393452856793
33372,6974.407879587196
33373,6280.210361043633
33374,6297.973225876547
33375,6349.3164142612695
33376,6686.629865608712
33377,6386.6402655413995
33378,5867.035365480053
33379,5922.816206141487
33380,5929.764178964879
33381,7076.943891922494
33382,6978.309418599233
33383,7429.915905884581
33384,6389.2883400661085
33385,136.01224366126826
33386,0.0
33387,617.6626843892218
33388,79.96910534589097
33389,680.5769744017871
33390,124.46031405113445
33391,344.09409334930115
33392,58.49684823532425
33393,49.32803189259721
33394,0.0
33395,114.90348574106793
33396,690.8402435214475
33397,78.14783024990265
33398,0.0
33399,525.701819768763
33400,0.0
33401,136.80170807420473
33402,207.18179608255923
33403,630.6836982519653
33404,11.342261097133814
33405,697.5635887971866
33406,11.801003505453082
33407,650.9280211118303
33408,0.0
33409,738.4435268257921
33410,0.0
33411,578.6034784677631
33412,226.3239918588597
33413,0.0
33414,50.122609061548246
33415,123.60939322700233
33416,562.4204116661349
33417,0.0
33418,209.32203919541644
33419,0.0
33420,520.7699838506251
33421,208.66504293588514
33422,565.0627910564608
33423,69.82807886760747
33424,0.0
33425,611.3511417353338
33426,489.57796000611324
33427,84.78280060750058
33428,107.03900256712859
33429,329.9801810262634
33430,166.92940641764108
33431,78.57427949745852
33432,0.0
33433,0.0
33434,1197.8582048912303
33435,544.3111335419762
33436,156.96052150063588
33437,681.2441961733466
33438,0.0
33439,0.0
33440,665.0572717029127
33441,577.7679728037319
33442,484.4591073363181
33443,660.1980108324315
33444,29.371326523066273
33445,159.16699869019612
33446,131.11231249415596
33447,0.0
33448,0.0
33449,162.89539925219742
33450,620.8003227683948
33451,86.05751110024994
33452,0.0
33453,506.39872126357477
33454,0.0
33455,49.75588113741651
33456,0.0
33457,621.4675445399535
33458,0.0
33459,14.130520824325686
33460,69.86874916423858
33461,82.9937982162528
33462,0.0
33463,63.691570412954206
33464,131.9782364958246
33465,661.7567203857316
33466,619.2876280192249
33467,479.58962095380866
33468,104.74396866174084
33469,133.81187611648147
33470,511.53073964532723
33471,182.17931825213873
33472,122.68779575116696
33473,653.260856810025
33474,787.2030024672049
33475,0.0
33476,6057.265646622506
33477,224.3681095968259
33478,0.0
33479,0.0
33480,8.73729062145685
33481,0.0
33482,0.0
33483,574.1618148831076
33484,109.86080883083014
33485,0.0
33486,0.0
33487,0.0
33488,0.0
33489,14.299330804113197
33490,88.49471707822158
33491,172.7970532037407
33492,72.3391657718521
33493,609.5488870056888
33494,49.511395854662624
33495,90.38993238940384
33496,658.6293075185868
33497,0.0
33498,587.6470031751332
33499,168.57968207623162
33500,0.0
33501,610.4657068160168
33502,0.0
33503,639.2691871283623
33504,58.62901612795031
33505,198.69204215162426
33506,534.8790841483496
33507,764.0431346822616
33508,103.76729584147506
33509,0.0
33510,0.0
33511,584.0631337441446
33512,102.81314101536191
33513,0.0
33514,0.0
33515,163.32324849701672
33516,32.02174414452111
33517,0.0
33518,154.2161717144245
33519,156.41653925921128
33520,1108.218791221212
33521,108.32428538935983
33522,0.0
33523,41.849207710012706
33524,120.35496005297318
33525,689.06772522148
33526,0.0
33527,592.4960385335853
33528,0.0
33529,144.25339644219184
33530,0.0
33531,0.0
33532,218.1746633816747
33533,576.6066677106492
33534,0.0
33535,1109.8079455591142
33536,225.09645268907389
33537,0.0
33538,115.84732059006456
33539,0.0
33540,715.0951823227697
33541,0.0
33542,466.614448356665
33543,137.46892984576425
33544,5672.75198764618
33545,0.0
33546,583.1547019802683
33547,67.65517637310677
33548,0.0
33549,50.30597302361366
33550,50.061487740859775
33551,160.20606114190105
33552,446.7590059893155
33553,258.6469449910692
33554,137.6625193198597
33555,592.4451427249269
33556,0.0
33557,577.0345169554694
33558,164.97352415560727
33559,17.292091234821783
33560,15.769816340270154
33561,634.313247396577
33562,83.25143748402115
33563,167.90734754865753
33564,152.74926001789936
33565,0.0
33566,49.26691057190874
33567,1107.424214052261
33568,1106.3851516005561
33569,0.0
33570,0.0
33571,0.0
33572,702.8200223764015
33573,204.50368037305088
33574,364.13817377639316
33575,526.3864416038814
33576,565.0627910564608
33577,0.0
33578,1109.0744897108516
33579,0.0
33580,434.40724154415784
33581,0.0
33582,188.6272850816249
33583,418.02796625523115
33584,0.0
33585,6493.189854678123
33586,5856.936193999848
33587,192.4528128838274
33588,0.0
33589,271.4773095796472
33590,241.04400463276943
33591,1128.6281995751706
33592,0.0
33593,658.9960354427176
33594,5414.992228119581
33595,66.54506482151828
33596,83.07754440336612
33597,743.4401368542094
33598,149.6433466499666
33599,0.0
33600,632.5407290966095
33601,0.0
33602,0.0
33603,164.72903887285338
33604,0.0
33605,0.0
33606,50.274369003288484
33607,189.77855484312659
33608,195.89068691198008
33609,0.0
33610,0.0
33611,129.71674763034935
33612,58.194576912726916
33613,6088.035234708914
33614,474.1244744824153
33615,754.630451296226
33616,0.0
33617,0.0
33618,167.5406196245258
33619,204.93630728337757
33620,0.0
33621,0.0
33622,0.0
33623,5688.883687837706
33624,1106.9963648074418
33625,181.7614363208986
33626,0.0
33627,527.7532216563786
33628,106.60777565406624
33629,0.0
33630,477.37458436077395
33631,1074.1844411097245
33632,37.79460461045346
33633,567.5068426967109
33634,0.0
33635,160.328303783278
33636,0.0
33637,495.9716108264429
33638,464.71071699049935
33639,777.3013485156607
33640,40.68031575776968
33641,5648.234285094131
33642,578.6236712933714
33643,117.25744346057036
33644,143.25040069552142
33645,39.98393993490208
33646,661.4408882702592
33647,542.9390455232933
33648,67.34769494641387
33649,0.0
33650,520.6740952660248
33651,0.0
33652,661.3797669495707
33653,40.697844299783355
33654,0.0
33655,0.0
33656,0.0
33657,124.95033309179598
33658,5846.713189790448
33659,648.1317786282007
33660,633.5746787922999
33661,0.0
33662,108.26827682468502
33663,684.1168982457084
33664,1109.0744897108516
33665,0.0
33666,0.0
33667,659.0062609547476
33668,226.92907898936846
33669,728.4756387975458
33670,0.0
33671,170.00514321478113
33672,35.50238713119961
33673,29.94049185859967
33674,500.9036541729947
33675,679.904639874213
33676,138.93584154228938
33677,0.0
33678,1109.0133683901631
33679,115.78108651336152
33680,175.42493490284141
33681,16.806248051824696
33682,165.64585868318136
33683,652.0944389609276
33684,0.0
33685,166.50155717282087
33686,752.7356903548816
33687,113.14264421172538
33688,246.5449234947382
33689,515.7048105524163
33690,11.592609061862277
33691,0.0
33692,149.08198077658653
33693,45.24037351411698
33694,0.0
33695,74.92488434469033
33696,0.0
33697,0.0
33698,416.15306304898877
33699,0.0
33700,659.1182780840945
33701,132.98885425644949
33702,1070.822768471855
33703,0.0
33704,722.1190214459375
33705,700.2478141514684
33706,449.0673716529809
33707,0.0
33708,515.0150923928868
33709,141.779954013512
33710,693.2239750283006
33711,156.2270656523733
33712,701.9032025660736
33713,578.2569433692397
33714,464.9346795318397
33715,0.0
33716,30.888349742485843
33717,578.6368370053306
33718,683.2000784353795
33719,610.5187751807607
33720,6104.91494473098
33721,0.0
33722,574.222936203796
33723,0.0
33724,163.99558302459081
33725,48.166726799514436
33726,578.3180646899282
33727,0.0
33728,665.9129701925522
33729,650.8771253031709
33730,463.34936963920154
33731,0.0
33732,0.0
33733,6.547293498755607
33734,5896.165183555557
33735,628.3233579690996
33736,1110.2969161246228
33737,50.50829368350787
33738,158.73914944537592
33739,0.0
33740,152.8390389577262
33741,154.03280775235817
33742,697.7927358118986
33743,763.187436192622
33744,639.7274811577854
33745,642.99247493435
33746,1110.847008010819
33747,0.0
33748,662.2405781952248
33749,579.479369783011
33750,543.2446521267357
33751,9.852662015829083
33752,132.8138870699131
33753,694.7926783421453
33754,77.92072859910422
33755,0.0
33756,114.81441936952797
33757,746.6897923627312
33758,82.18701016177056
33759,69.30262238201976
33760,0.0
33761,61.62614512471828
33762,0.0
33763,700.9863827557447
33764,26.643067923930175
33765,433.1848151303866
33766,0.0
33767,665.2406356649781
33768,109.79364705490116
33769,1106.1406663178013
33770,0.0
33771,0.0
33772,151.05859147561114
33773,156.0437016903079
33774,0.0
33775,660.3407044978658
33776,131.18365932687357
33777,5815.6499044390675
33778,108.88286769981369
33779,0.0
33780,545.8043992952789
33781,573.3650651580729
33782,116.05268129987053
33783,0.0
33784,121.6497817746149
33785,0.0
33786,0.0
33787,6074.40518019537
33788,728.7201240802997
33789,26.936527425228633
33790,596.1735432869273
33791,6248.8352039284355
33792,686.1950231491182
33793,686.4446211878876
33794,674.4597295769181
33795,0.0
33796,211.16590432810153
33797,66.41006257455683
33798,0.0
33799,662.9455300634863
33800,63.67236274915649
33801,588.494406450689
33802,1107.1797287695072
33803,0.0
33804,83.64661009923202
33805,88.1736272966773
33806,19.283623869837356
33807,777.0568632329068
33808,696.5856476661702
33809,1128.689320895859
33810,661.7567203857316
33811,0.0
33812,0.0
33813,703.4923569039756
33814,0.0
33815,578.2569433692397
33816,250.33444537742707
33817,92.05578857417822
33818,6352.435842495512
33819,0.0
33820,28.594277896128915
33821,1110.174673483246
33822,0.0
33823,0.0
33824,0.0
33825,507.31554107390275
33826,0.0
33827,150.08065034459378
33828,0.0
33829,152.56589605583395
33830,0.0
33831,131.6389275352285
33832,5804.366745451688
33833,0.0
33834,1199.3251165877546
33835,45.93475523440247
33836,579.0515205381907
33837,0.0
33838,1161.990215159085
33839,1056.0976429419306
33840,431.2791668787613
33841,686.1134508043724
33842,481.3409738838536
33843,67.51024634695023
33844,77.49287935428401
33845,181.77677458894232
33846,580.1290807304431
33847,0.0
33848,0.0
33849,0.0
33850,0.0
33851,0.0
33852,0.0
33853,183.90068254499784
33854,0.0
33855,682.8048465312468
33856,0.0
33857,44.408199431577486
33858,557.4808070911513
33859,109.17774833463773
33860,650.2556865842562
33861,0.0
33862,130.48601921767568
33863,579.6016124243879
33864,696.0049951196288
33865,0.0
33866,632.8463357000519
33867,0.0
33868,757.9310026134071
33869,697.5024674764982
33870,0.0
33871,127.97164829391659
33872,248.19519915332876
33873,0.0
33874,0.0
33875,71.15888686910057
33876,45.929642478388814
33877,60.53763812294983
33878,661.685373553014
33879,456.5174690268941
33880,596.2141505952814
33881,0.0
33882,0.0
33883,50.67270094774449
33884,540.3108287336854
33885,719.0018340908218
33886,0.0
33887,578.562549972683
33888,136.30149867630644
33889,358.69837623511285
33890,0.0
33891,560.7664693355473
33892,550.1160812368571
33893,241.11023870947156
33894,0.0
33895,697.746952759252
33896,172.91929584511763
33897,698.4701830954864
33898,0.0
33899,33.84231469981387
33900,657.600470578911
33901,0.0
33902,0.0
33903,236.80841432620764
33904,0.0
33905,0.0
33906,0.0
33907,6049.844971197757
33908,0.0
33909,0.0
33910,13.432465879675874
33911,417.45399441540394
33912,494.07684988509845
33913,0.0
33914,693.8963095558747
33915,34.0058721881087
33916,579.1737631795677
33917,134.44893051637155
33918,561.6981782186604
33919,30.074832307310317
33920,489.88088460807376
33921,0.0
33922,1108.5243978246544
33923,0.0
33924,0.0
33925,511.4263181042179
33926,0.0
33927,0.0
33928,597.1383187059855
33929,0.0
33930,0.0
33931,693.1017323869237
33932,0.0
33933,0.0
33934,0.0
33935,452.8568935356707
33936,0.0
33937,0.0
33938,562.298169024758
33939,190.5782447680922
33940,132.2063701901734
33941,46.29900987174824
33942,40.280220566991375
33943,579.479369783011
33944,0.0
33945,674.7653361803614
33946,621.4624317839398
33947,238.29865795779915
33948,0.0
33949,673.7822822933304
33950,0.0
33951,6144.195502909654
33952,6435.69003017825
33953,16.745126731135315
33954,58.570079090291074
33955,34.85318263129648
33956,620.7494269597346
33957,98.86284520730442
33958,211.7108834582832
33959,638.0925437672367
33960,684.055776925019
33961,0.0
33962,208.30323758731993
33963,0.0
33964,0.0
33965,0.0
33966,522.28515188658
33967,65.22025350147305
33968,471.2568390793167
33969,563.88732336266
33970,689.7400597490532
33971,607.7712559497068
33972,0.0
33973,46.09607200375649
33974,585.1410290269032
33975,0.0
33976,33.22179794411932
33977,650.8057784704533
33978,630.880227925989
33979,659.0673822754361
33980,5971.631830286943
33981,1164.0683400624957
33982,17.620245487565626
33983,699.5194710592205
33984,578.562549972683
33985,1071.5562243201175
33986,0.0
33987,0.0
33988,0.0
33989,48.45826665372533
33990,0.0
33991,0.0
33992,525.2186401891231
33993,651.1113850738957
33994,566.178313096897
33995,196.619030004229
33996,0.0
33997,162.89539925219742
33998,11.441816353731156
33999,595.5725555920708
34000,0.0
34001,694.324158800694
34002,167.1127703797065
34003,0.0
34004,492.7147971979948
34005,0.0
34006,8.126077414571228
34007,0.0
34008,45.927895663669915
34009,209.33226470744557
34010,47.88041198440715
34011,580.5367107026896
34012,541.5943764681451
34013,134.23972536130077
34014,136.14179806170887
34015,1108.341033862589
34016,11.564058995108098
34017,1053.2249408695689
34018,153.65099975863268
34019,519.6574831155385
34020,540.3800030103184
34021,72.06911670902537
34022,66.0560942560096
34023,679.8944143621848
34024,579.1126418588792
34025,592.7375836164101
34026,0.0
34027,36.28046377726696
34028,0.0
34029,675.1167258364503
34030,137.2346700750395
34031,632.1231053638185
34032,0.0
34033,0.0
34034,152.34213921006994
34035,529.9861032028293
34036,466.71930736608647
34037,680.2662550423302
34038,0.0
34039,182.45279624453815
34040,0.0
34041,93.6449429120803
34042,0.0
34043,250.21220273605013
34044,0.0
34045,0.0
34046,46.39816201983831
34047,763.4879300400507
34048,464.37034312314427
34049,122.66589346851288
34050,6157.846008447256
34051,0.0
34052,694.6908867248258
34053,0.0
34054,6190.841296107039
34055,27.72105086447573
34056,645.9160728153702
34057,42.16073698583932
34058,159.83933321777022
34059,0.0
34060,532.4137802967507
34061,0.0
34062,682.8944718319372
34063,70.04883783586774
34064,633.1285510795069
34065,177.74276742349866
34066,664.6803182667518
34067,487.6395885682059
34068,581.326175115626
34069,0.0
34070,0.0
34071,0.0
34072,529.0081620718129
34073,0.0
34074,507.2544197532143
34075,685.4615673008557
34076,1074.4289263924784
34077,122.55453813741588
34078,0.0
34079,744.9783953834522
34080,66.48394350082981
34081,630.5848468345757
34082,465.4968809523152
34083,597.0771973852961
34084,579.2348845002562
34085,1109.6245815970487
34086,0.0
34087,171.9963499584137
34088,610.0378575711966
34089,727.5639317432315
34090,578.0735794071743
34091,135.29831045760147
34092,631.4580825953071
34093,507.865632960099
34094,224.41900540548613
34095,0.0
34096,116.71033083876773
34097,237.9319300336674
34098,0.0
34099,0.0
34100,104.92860093455783
34101,576.851152993403
34102,124.15948511319857
34103,645.6818130446454
34104,579.357127141634
34105,5625.279318128139
34106,0.0
34107,35.28285590795713
34108,592.0630765327523
34109,665.4515042117164
34110,0.0
34111,126.5384389545452
34112,171.2690201865271
34113,0.0
34114,41.373891586105856
34115,600.6862955058505
34116,169.2520166038048
34117,705.9167587074598
34118,0.0
34119,2.5525613373356464
34120,6085.407354326459
34121,56.38138831612923
34122,559.8533161972164
34123,618.7935446977017
34124,9.661757281353857
34125,138.8022315900671
34126,0.0
34127,0.0
34128,653.1895099773064
34129,578.1958220485512
34130,0.0
34131,1110.4802800866883
34132,664.3513204393221
34133,91.6879188512321
34134,379.2087694980819
34135,0.0
34136,518.1881269710138
34137,103.1465104019253
34138,9.795265180835486
34139,153.91056511098122
34140,0.0
34141,116.75902764437797
34142,0.0
34143,0.0
34144,498.05220983300023
34145,0.0
34146,508.23236088423073
34147,0.0
34148,173.28602376924846
34149,164.30118962803317
34150,0.0
34151,117.2738394028911
34152,0.0
34153,185.79058892877674
34154,0.0
34155,444.7420024065932
34156,139.85266135261736
34157,649.5935775687121
34158,1075.284624882118
34159,0.0
34160,73.01223931480126
34161,444.9492463222896
34162,139.40148017273168
34163,85.14069128992196
34164,529.8638605614524
34165,0.0
34166,542.5649692987863
34167,48.28958768033772
34168,561.6981782186604
34169,701.5364746419418
34170,805.717649879818
34171,504.01498975672166
34172,77.1694486527067
34173,580.8739377580605
34174,0.0
34175,611.8634442359089
34176,90.6997522081856
34177,1110.2357948039344
34178,20.25357503318719
34179,515.6475633321388
34180,0.0
34181,0.0
34182,0.0
34183,0.0
34184,6105.653513335257
34185,0.0
34186,116.77030163156178
34187,0.0
34188,0.0
34189,0.0
34190,99.77207815847123
34191,169.00753132105092
34192,101.47075909097111
34193,131.12358648133886
34194,619.7154772640442
34195,544.8264581642616
34196,212.3272094211834
34197,109.85709607208082
34198,661.2575243081938
34199,0.0
34200,672.6260899562621
34201,1108.5855191453438
34202,0.0
34203,158.9836347281307
34204,637.3590879189742
34205,4.987793668750783
34206,1055.1808231316027
34207,80.82883157507877
34208,0.0
34209,168.0197677865126
34210,420.7371621006296
34211,0.0
34212,560.0978014799712
34213,0.0
34214,0.0
34215,0.0
34216,0.0
34217,0.0
34218,625.9498519742756
34219,0.0
34220,183.23857352945197
34221,649.7667160187484
34222,30.860439051439243
34223,0.0
34224,46.96915412535145
34225,6561.4419188631655
34226,6170.202440007669
34227,0.0
34228,650.3270334169747
34229,0.0
34230,0.0
34231,25.235568091048663
34232,362.5490194384911
34233,62.55941937117859
34234,0.0
34235,0.0
34236,0.0
34237,752.8630457522731
34238,654.2285724290114
34239,1105.835059714359
34240,65.20749389588764
34241,5908.547375287436
34242,5134.246599844155
34243,6390.197816015389
34244,5852.504236972059
34245,6453.112106027955
34246,5896.995445677302
34247,6116.629224975469
34248,5831.031979861491
34249,172.85855660654033
34250,5468.458203987448
34251,5887.438617367236
34252,6463.375375147615
34253,5850.68296187607
34254,5426.285747799562
34255,6298.23695139493
34256,5332.718276511007
34257,5909.336839700372
34258,5979.716927708727
34259,6403.218829878133
34260,5783.877392723301
34261,6470.098720423355
34262,5784.336135131621
34263,6423.463152737999
34264,0.0
34265,6510.97865845196
34266,5693.194553771525
34267,6351.138610093931
34268,5998.859123485027
34269,5717.1988087012505
34270,5822.657740687715
34271,5896.14452485317
34272,6334.955543292303
34273,5364.308979587349
34274,5981.857170821584
34275,5266.8034061495555
34276,6293.305115476792
34277,5981.200174562053
34278,6337.5979226826275
34279,5842.363210493775
34280,5758.2749669441
34281,6383.8862733615015
34282,6262.11309163228
34283,5857.317932233668
34284,5879.574134193295
34285,6102.515312652431
34286,5939.464538043809
34287,5851.109411123625
34288,5703.213053779255
34289,5347.317252435935
34290,6970.393336517397
34291,6316.846265168144
34292,5929.4956531268035
34293,6453.779327799514
34294,5269.331559993372
34295,5203.54606797068
34296,6437.59240332908
34297,6350.3031044299
34298,6256.994238962486
34299,6432.733142458599
34300,5801.906458149234
34301,5931.702130316364
34302,5903.647444120324
34303,5461.787009607575
34304,5310.812485716834
34305,5935.430530878365
34306,6393.3354543945625
34307,5858.5926427264185
34308,5390.356636746728
34309,6278.9338528897415
34310,5371.994460132681
34311,5822.291012763584
34312,5207.811106173085
34313,6394.002676166122
34314,5611.791180126417
34315,5786.665652450493
34316,5842.403880790406
34317,5855.52892984242
34318,5605.240671753652
34319,5836.226702039121
34320,5904.513368121992
34321,6434.291852011898
34322,6391.822759645392
34323,6252.124752579976
34324,5877.279100287908
34325,5906.347007742648
34326,6284.065871271495
34327,5954.714449878306
34328,5895.222927377334
34329,6425.795988436192
34330,6559.738134093372
34331,5290.927837220484
34332,6180.796171336449
34333,5996.9032412229935
34334,5250.345787249647
34335,5208.741380229206
34336,5781.272422247624
34337,5294.786745512878
34338,5701.02910331305
34339,6346.696946509276
34340,5882.395940456998
34341,5230.40708272017
34342,5767.784277113748
34343,5394.329522591484
34344,5406.485843195444
34345,5786.834462430281
34346,5861.029848704389
34347,5945.332184829908
34348,5844.87429739802
34349,6382.084018631856
34350,173.04192056860575
34351,5862.925064015572
34352,6431.164439144754
34353,5293.86992570255
34354,6360.182134801302
34355,5941.114813702399
34356,5171.682647523496
34357,6383.000838442184
34358,5368.126433297348
34359,6411.80431875453
34360,5831.164147754117
34361,5971.227173777792
34362,6307.414215774517
34363,6536.578266308429
34364,5876.302427467642
34365,5263.429623977407
34366,5336.994130306338
34367,6356.598265370312
34368,5875.34827264153
34369,5718.67520771079
34370,5338.967234858665
34371,5935.858380123185
34372,5804.55687577069
34373,5259.067085081317
34374,5926.751303340592
34375,5928.95167088538
34376,6880.75392284738
34377,5880.8594170155275
34378,5304.117856554168
34379,5814.38433933618
34380,5892.890091679141
34381,6461.602856847648
34382,5749.929753343177
34383,6365.031170159754
34384,5719.60099794594
34385,5916.78852806836
34386,5306.707112504188
34387,5380.337852909823
34388,5990.709795007842
34389,6349.141799336818
34390,5704.421825751423
34391,6882.343077185282
34392,5997.6315843152415
34393,5713.061766558226
34394,5888.382452216232
34395,5200.507602195622
34396,6487.630313948937
34397,5281.280643097756
34398,6239.149579982833
34399,5910.004061471932
34400,5796.282512360123
34401,5599.804748312784
34402,6355.689833606436
34403,5840.190307999275
34404,5242.173414365929
34405,173.83649773755678
34406,5822.5966193670265
34407,5932.74119276807
34408,6219.294137615482
34409,6031.182076617236
34410,5910.197650946026
34411,6364.980274351094
34412,5745.027479079319
34413,6349.569648581637
34414,5937.508655781776
34415,5789.827222860989
34416,5788.304947966438
34417,6406.848379022744
34418,5855.786569110188
34419,5940.442479174825
34420,5925.284391644067
34421,5430.605161510359
34422,5821.8020421980755
34423,6879.95934567843
34424,6878.920283226724
34425,5232.086495998465
34426,5675.208007018386
34427,5729.5281228451895
34428,6475.355154002569
34429,5977.038811999218
34430,6136.673305402561
34431,6298.921573230049
34432,6337.5979226826275
34433,5302.912168405705
34434,6881.60962133702
34435,5671.792010928564
34436,6206.9423731703255
34437,5731.850733031354
34438,5961.162416707792
34439,6190.5630978814
34440,5227.947313131216
34441,6616.720379392066
34442,5980.466718713791
34443,5964.987944509995
34444,5281.654074771976
34445,6044.012441205816
34446,6013.579136258936
34447,6901.163331201338
34448,5210.928293528201
34449,6431.531167068886
34450,5538.5227528335245
34451,5839.080196447686
34452,5855.612676029534
34453,6515.975268480377
34454,5922.178478276134
34455,5676.796227455806
34456,6405.075860722776
34457,5391.090092594991
34458,5397.01886070178
34459,5937.264170499021
34460,5423.840894972021
34461,5705.258583974838
34462,5822.809500629457
34463,5962.313686469294
34464,5968.425818538148
34465,5717.972128137834
34466,5400.343937339239
34467,5902.251879256516
34468,5830.7297085388955
34469,6211.565759422857
34470,6246.659606108583
34471,6527.165582922395
34472,5720.283069255899
34473,5158.791161614228
34474,5940.075751250694
34475,5977.471438909545
34476,5427.258576174564
34477,5210.452777208485
34478,5340.716149801573
34479,5812.414212551649
34480,6879.531496433609
34481,5954.296567947066
34482,5296.70307364637
34483,6300.288353282546
34484,5879.142907280234
34485,5290.630495706057
34486,6249.909715986942
34487,6846.719572735892
34488,5810.329736236621
34489,6340.041974322879
34490,5346.124658303327
34491,5932.8634354094465
34492,5348.910313737457
34493,6268.5067424526105
34494,6237.245848616666
34495,6549.836480141828
34496,5813.215447383937
34497,5771.764809808074
34498,6351.158802919539
34499,5889.792575086738
34500,5915.785532321688
34501,5812.519071561071
34502,6433.976019896428
34503,6315.47417714946
34504,5839.8828265725815
34505,5249.227052907051
34506,6293.209226892192
34507,5738.667137242015
34508,6433.914898575738
34509,5813.232975925951
34510,5238.285836047213
34511,5255.546857630836
34512,5173.074638547672
34513,5897.4854647179645
34514,5970.243714504391
34515,6420.666910254369
34516,6406.1098104184675
34517,5726.405143007606
34518,5880.803408450853
34519,6456.652029871876
34520,6881.60962133702
34521,5743.163756211532
34522,0.0
34523,6431.541392580914
34524,5999.464210615536
34525,6501.010770423713
34526,5268.212124998376
34527,5942.540274840949
34528,5808.037518757367
34529,5802.475623484767
34530,6273.438785799161
34531,6452.4397715003815
34532,5911.470973168457
34533,5317.0368066973615
34534,6881.548500016332
34535,5888.316218139529
34536,5947.960066529009
34537,5789.341379677992
34538,5938.180990309349
34539,6424.629570587095
34540,5698.13406940244
34541,5939.036688798989
34542,6525.270821981049
34543,5885.677775837893
34544,6019.080055120905
34545,6288.239942178584
34546,5784.127740688029
34547,5336.589070477664
34548,5921.617112402755
34549,5817.775505140285
34550,5356.748426423015
34551,5847.460015970858
34552,5220.295193861591
34553,5413.897299205035
34554,6188.688194675156
34555,5667.786856267366
34556,6431.653409710263
34557,5905.523985882616
34558,6843.357900098023
34559,5755.540346237748
34560,6494.654153072105
34561,6472.782945777636
34562,6221.6025032791495
34563,5386.634423046624
34564,6287.550224019054
34565,5914.31508563968
34566,6465.759106654468
34567,5928.762197278541
34568,6474.438334192241
34569,6350.792074995408
34570,6237.469811158007
34571,5235.302210591048
34572,5803.4234813686535
34573,6351.171968631498
34574,6455.735210061548
34575,6383.053906806928
34576,6228.445469444923
34577,5307.481238649082
34578,6346.758067829965
34579,5453.121848819034
34580,5936.5307146507585
34581,5820.701858425682
34582,6350.853196316097
34583,5716.709838135742
34584,6438.44810181872
34585,6423.412256929339
34586,6235.884501265368
34587,5188.345981863382
34588,5344.695416713093
34589,5779.082425124923
34590,6019.6957082695
34591,6400.858489595267
34592,6882.8320477507905
34593,5823.0434253096755
34594,5931.2742810715445
34595,5639.890109172437
34596,5925.374170583895
34597,5926.567939378527
34598,6470.327867438065
34599,6535.72256781879
34600,6412.262612783952
34601,6415.527606560517
34602,6883.382139636988
34603,5391.03792526752
34604,6434.775709821393
34605,6352.014501409179
34606,6315.779783752903
34607,5782.387793641997
34608,5905.349018696081
34609,6467.327809968313
34610,5850.455860225272
34611,5357.809056066867
34612,5887.349550995696
34613,6519.224923988899
34614,5854.722141787938
34615,5841.837754008187
34616,5465.725128188419
34617,5834.161276750886
34618,5360.702821666726
34619,6473.521514381913
34620,5799.178199550098
34621,6205.719946756554
34622,5707.121389373748
34623,6437.775767291146
34624,5882.328778681069
34625,6878.67579794397
34626,5674.963521735631
34627,5223.951602224227
34628,5923.593723101778
34629,5928.5788333164755
34630,5365.16467807699
34631,6432.875836124033
34632,5903.718790953041
34633,5939.180429153011
34634,5881.41799932598
34635,5754.057595816591
34636,6318.339530921446
34637,6345.9001967842405
34638,5888.587812926039
34639,5760.356659696202
34640,5894.1849134007825
34641,5249.214735944358
34642,5707.748085758734
34643,6197.935704909312
34644,6501.255255706467
34645,5799.471659051395
34646,6368.708674913095
34647,6372.365728642379
34648,6458.730154775287
34649,6458.979752814055
34650,6446.994861203087
34651,5380.4130409797435
34652,5983.701035954269
34653,5838.9451942007245
34654,5694.515831602685
34655,6435.480661689653
34656,5836.207494375325
34657,6361.029538076856
34658,6879.714860395676
34659,5181.948100926187
34660,5856.1817417254
34661,5860.708758922846
34662,5791.818755496005
34663,6549.5919948590745
34664,6469.120779292338
34665,6901.224452522027
34666,6434.291852011898
34667,5368.098501470039
34668,5251.938815687961
34669,6476.027488530143
34670,5392.606045733073
34671,6350.792074995408
34672,6022.869577003595
34673,5864.590920200347
34674,6475.966367209455
34675,5762.459815081138
34676,5801.129409522297
34677,6882.7098051094135
34678,5382.821330670083
34679,5282.612731817183
34680,5767.397882451325
34681,6279.85067270007
34682,5320.637660865162
34683,5922.615781970761
34684,5311.656539482696
34685,5925.101027682002
34686,5736.347001158997
34687,5904.174059161396
34688,5927.897270165631
34689,5752.453747760932
34690,6971.860248213922
34691,5818.46988686057
34692,6351.586652164359
34693,5378.45593649371
34694,6934.525346785253
34695,6828.632774568098
34696,6203.814298504929
34697,6458.64858243054
34698,6253.876105510021
34699,5840.045377973118
34700,5850.028010980452
34701,5954.31190621511
34702,6352.664212356611
34703,5625.897039493511
34704,5712.655973235196
34705,5734.738145722998
34706,5313.107803451398
34707,5322.511015956022
34708,5757.978835926726
34709,5956.4358141711655
34710,5384.64704110859
34711,6455.339978157414
34712,5266.305919529063
34713,5816.943331057744
34714,6330.015938717319
34715,5881.712879960805
34716,6422.790818210425
34717,5431.49512680732
34718,5903.021150843844
34719,6352.136744050556
34720,6468.540126745797
34721,5352.636075646589
34722,6405.381467326219
34723,5385.450637997175
34724,6530.466134239576
34725,6470.037599102667
34726,5739.8141978126
34727,5900.506779920084
34728,6020.7303307794955
34729,5321.500352925006
34730,5648.602348430325
34731,5843.694018495268
34732,5818.4647741045555
34733,5833.0727697491175
34734,6434.220505179182
34735,6229.052600653062
34736,6368.749282221449
34737,5741.276570402402
34738,5195.97913373958
34739,5823.207832573912
34740,6312.845960359853
34741,6491.5369657169895
34742,5342.69734487771
34743,6351.097681598851
34744,5908.836630302473
34745,6131.2335078612805
34746,5757.550986681907
34747,6333.301600961715
34748,6322.651212863024
34749,6013.645370335639
34750,5326.199701047819
34751,6470.282084385421
34752,5945.454427471286
34753,6471.005314721654
34754,5620.386633318527
34755,5806.3774463259815
34756,6430.135602205079
34757,5267.5939867305815
34758,0.0
34759,6009.343545952375
34760,5715.423663475361
34761,5266.641609379637
34762,5279.144800172627
34763,6173.3754959117
34764,5430.6394283176805
34765,5385.170294913025
34766,5785.9675975058435
34767,6189.989126041572
34768,6266.611981511266
34769,5719.119745926107
34770,6466.431441182042
34771,5806.541003814276
34772,6351.708894805736
34773,5906.984062142538
34774,6334.233309844828
34775,5802.609963933478
34776,6262.416016234241
34777,5659.136812436049
34778,6881.059529450823
34779,5381.930864916532
34780,5676.002584187336
34781,6283.9614497303855
34782,5372.329250442579
34783,5335.488870273666
34784,6369.673450332153
34785,5263.48175844167
34786,5211.50073689231
34787,6465.636864013091
34788,5264.9697665288995
34789,5243.698953640332
34790,5357.981516287049
34791,6225.392025161838
34792,5699.154359951871
34793,5426.613686241253
34794,6334.8333006509265
34795,5963.11337639426
34796,5904.741501816341
34797,5818.834141497916
34798,5812.81535219316
34799,6352.014501409179
34800,5737.926535000773
34801,6447.300467806529
34802,6393.997563410107
34803,6010.833789583967
34804,5224.3138627589915
34805,6446.317413919498
34806,5201.711100070114
34807,6267.7260276235975
34808,6559.220554892193
34809,5789.280258357304
34810,5831.105210716459
34811,5807.388314257464
34812,6393.284558585902
34813,5871.397976833471
34814,5984.246015084452
34815,6410.627675393405
34816,6456.590908551188
34817,5307.318325711074
34818,5980.838369213488
34819,5366.644967618545
34820,5270.962956407496
34821,5346.041969790492
34822,6294.820283512749
34823,5837.75538512764
34824,6243.791970705484
34825,6336.422454988829
34826,6462.275191375222
34827,6380.306387575874
34828,5700.2733156265385
34829,5818.631203629924
34830,6357.676160653071
34831,5664.50061648538
34832,5805.756929570287
34833,6423.340910096622
34834,6403.415359552157
34835,6431.602513901603
34836,6095.162355000886
34837,6936.603471688663
34838,5790.155377113733
34839,6472.054602685388
34840,6351.097681598851
34841,6844.091355946284
34842,5738.673144834048
34843,5759.396735836842
34844,5722.502704454893
34845,5820.993398279893
34846,5742.753719337902
34847,5638.419323375501
34848,6297.753771815291
34849,6423.646516700064
34850,6338.713444723065
34851,5969.154161630397
34852,5165.326030171887
34853,5935.430530878365
34854,5783.976947979899
34855,6368.107687218238
34856,5338.602216391578
34857,6466.859290426863
34858,5939.647902005874
34859,5710.122004552361
34860,6265.249928824162
34861,5284.286004320333
34862,5780.661209040738
34863,5090.118906760883
34864,5818.463027289838
34865,5981.867396333613
34866,5820.415543610575
34867,6353.071842328857
34868,6314.129508094313
34869,5906.774856987468
34870,5908.6769296878765
34871,6880.876165488758
34872,5784.099190621276
34873,6825.760072495737
34874,5926.186131384801
34875,6292.192614741705
34876,6312.915134636486
34877,5844.604248335194
34878,5838.591225882178
34879,6452.429545988352
34880,6351.647773485048
34881,6365.272715242578
34882,5392.443715643357
34883,5808.815595403434
34884,5188.16773065733
34885,6447.651857462617
34886,5909.769801701207
34887,6404.658236989985
34888,5276.378357106952
34889,5190.411980800909
34890,5924.877270836238
34891,6302.521234828997
34892,6239.254438992254
34893,6452.801386668498
34894,5400.828240319571
34895,5954.987927870706
34896,5757.929824140317
34897,5866.180074538249
34898,5402.4064909155895
34899,6022.747334362218
34900,5286.484042672032
34901,5295.094061573366
34902,5818.933293646007
34903,6536.023061666218
34904,6236.905474749312
34905,5895.2010250946805
34906,6281.376533161199
34907,5363.670911867098
34908,6467.226018350993
34909,5217.6116303055605
34910,6314.371820820982
34911,5800.256182490643
34912,6418.451204441538
34913,5814.695868612007
34914,5932.374464843938
34915,5221.937899092624
34916,6304.948911922918
34917,5261.9551484650965
34918,6455.429603458105
34919,5842.5839694620345
34920,6405.663682705675
34921,5950.277899049666
34922,6437.21544989292
34923,6260.1747201943745
34924,6353.861306741794
34925,5273.727182326933
34926,5377.324285908526
34927,5282.623602695859
34928,6301.5432936979805
34929,5661.660170216234
34930,6279.789551379381
34931,6457.996698927023
34932,6846.964058018646
34933,5895.0896697635835
34934,5434.470892015812
34935,6517.513527009619
34936,5839.019075126997
34937,6403.119978460743
34938,6238.032012578484
34939,6369.612329011465
34940,6351.770016126425
34941,6882.159713223216
34942,5382.034162587027
34943,295.5268746723568
34944,6382.572989197365
34945,6500.0990633694
34946,6350.608711033343
34947,5907.833442083768
34948,6403.993214221475
34949,6280.400764586267
34950,5996.954137031654
34951,0.0
34952,5889.2454624649345
34953,6010.467061659835
34954,5276.459836619331
34955,5730.995034541715
34956,5877.463732560725
34957,6349.386284619572
34958,5896.694616739366
34959,6418.216944670812
34960,6351.892258767802
34961,5748.809842842082
34962,5210.2438494663475
34963,5807.817987534125
34964,6364.598208158919
34965,6437.986635837884
34966,5277.868265648036
34967,5899.073570580712
34968,5943.804151812695
34969,5275.443079558787
34970,5813.909023212274
34971,6373.221427132018
34972,5941.787148229973
34973,6478.4518903336275
34974,5206.867142029274
34975,5775.087692963503
34976,6208.937879040403
34977,5828.916519942296
34978,6332.388447823385
34979,6391.328676323869
34980,5782.196888907522
34981,5911.337363216235
34982,5256.702404601256
34983,5317.216085922542
34984,6425.724641603474
34985,6350.73095367472
34986,5675.4524923011395
34987,6883.015411712857
34988,6436.88645206549
34989,5864.223050477399
34990,6151.7439011242495
34991,5699.688278703165
34992,6290.7232585971815
34993,5875.681642028093
34994,5782.330396807003
34995,5926.44569673715
34996,5667.667087729135
34997,5889.294159270546
34998,5733.535775953856
34999,5659.765409274889
35000,6270.587341459167
35001,5667.34863660046
35002,6280.767492510398
35003,5412.853140428919
35004,5945.821155395417
35005,5936.836321254202
35006,5248.17600340858
35007,5889.808971029059
35008,5636.650679175945
35009,5958.325720554944
35010,5756.627818668021
35011,6217.277134032761
35012,5912.387792978785
35013,6422.12870919488
35014,6847.8197565082855
35015,5693.963265613342
35016,5845.547370940968
35017,6217.484377948457
35018,5911.936611798899
35019,5857.67582291609
35020,6302.39899218762
35021,5673.0974096843465
35022,6315.100100924953
35023,5820.824719306504
35024,6334.233309844828
35025,6474.0716062681095
35026,6578.252781505986
35027,6276.550121382888
35028,5849.704580278874
35029,6353.409069384228
35030,5771.398081883943
35031,6384.3985758620765
35032,5863.234883834353
35033,6882.770926430102
35034,5792.788706659355
35035,6288.1826949583065
35036,5359.623028949231
35037,5377.2817868753955
35038,5350.963468149751
35039,5758.5900491336115
35040,6229.1840380492
35041,5400.511729974244
35042,5889.3054332577285
35043,5707.886800764445
35044,5724.54111068004
35045,5661.276058660147
35046,5872.307209784639
35047,5941.5426629472195
35048,5874.005890717139
35049,5903.6587181075065
35050,6392.250608890212
35051,6317.361589790429
35052,5984.862341047351
35053,5882.3922276982485
35054,6433.792655934361
35055,5768.470754812568
35056,6445.16122158243
35057,6881.1206507715115
35058,5378.840048049798
35059,5931.518766354298
35060,6409.894219545143
35061,5777.5229252949175
35062,6827.71595475777
35063,5853.3639632012455
35064,5757.550336610601
35065,5940.55489941268
35066,6193.272293726797
35067,5292.478689308991
35068,6332.632933106139
35069,5292.185821174872
35070,5390.173272784663
35071,5737.610702885301
35072,5705.368717081936
35073,5652.3268748919145
35074,6398.484983600443
35075,5402.428265536149
35076,5955.7737051556205
35077,6422.301847644916
35078,5803.395570677607
35079,5461.725888286886
35080,5819.504285751519
35081,6684.972443577109
35082,6293.732964721612
35083,5706.84773831274
35084,6422.862165043141
35085,5728.664646499579
35086,5746.427511332494
35087,5797.770699717216
35088,6135.084151064659
35089,5835.094550997346
35090,5315.489650936
35091,5371.270491597434
35092,5378.2184644208255
35093,6525.398177378441
35094,6426.76370405518
35095,6878.3701913405275
35096,5837.742625522055
35097,7991.582071852423
35098,7217.281296409141
35099,8473.232512580376
35100,7935.5389335370455
35101,8536.14680259294
35102,7980.030142242288
35103,8199.663921540456
35104,7914.066676426477
35105,7904.897860083751
35106,7551.492900552435
35107,7970.473313932222
35108,8546.410071712602
35109,7933.717658441057
35110,7509.320444364548
35111,8381.271647959915
35112,7415.752973075994
35113,7992.371536265358
35114,8062.751624273713
35115,8486.25352644312
35116,7866.9120892882875
35117,8553.133416988341
35118,7867.370831696608
35119,8506.497849302985
35120,7488.680617477068
35121,8594.013355016947
35122,7776.229250336511
35123,8434.173306658917
35124,8081.893820050014
35125,7800.2335052662365
35126,7905.692437252702
35127,7979.179221418157
35128,8417.990239857289
35129,7447.343676152336
35130,8064.89186738657
35131,7349.838102714542
35132,8376.339812041779
35133,8064.23487112704
35134,8420.632619247614
35135,7925.397907058761
35136,7841.309663509086
35137,8466.920969926488
35138,8345.147788197266
35139,7940.352628798655
35140,7962.608830758282
35141,8185.550009217417
35142,8022.499234608795
35143,7934.144107688611
35144,7786.2477503442415
35145,7430.351949000922
35146,9053.428033082384
35147,8399.88096173313
35148,8012.5303496917895
35149,8536.814024364501
35150,7352.366256558359
35151,7286.580764535666
35152,8520.627099894067
35153,8433.337800994886
35154,8340.028935527473
35155,8515.767839023585
35156,7884.941154714221
35157,8014.736826881351
35158,7986.6821406853105
35159,7544.821706172562
35160,7393.84718228182
35161,8018.465227443352
35162,8476.370150959548
35163,7941.6273392914045
35164,7473.391333311715
35165,8361.968549454728
35166,7455.029156697668
35167,7905.325709328571
35168,7290.845802738072
35169,8477.037372731109
35170,7694.825876691403
35171,7869.700349015479
35172,7925.438577355393
35173,7938.563626407407
35174,7688.275368318639
35175,7919.261398604108
35176,7987.548064686978
35177,8517.326548576886
35178,8474.857456210379
35179,8335.159449144963
35180,7960.313796852894
35181,7989.381704307634
35182,8367.100567836482
35183,8037.749146443293
35184,7978.257623942321
35185,8508.830685001178
35186,8642.77283065836
35187,7373.96253378547
35188,8263.830867901435
35189,8079.9379377879795
35190,7333.380483814634
35191,7291.776076794193
35192,7864.3071188126105
35193,7377.821442077865
35194,7784.063799878037
35195,8429.731643074261
35196,7965.430637021984
35197,7313.441779285156
35198,7850.818973678734
35199,7477.36421915647
35200,7489.520539760431
35201,7869.869158995267
35202,7944.064545269376
35203,8028.366881394895
35204,7927.908993963007
35205,8465.118715196842
35206,7905.081224045816
35207,7945.959760580558
35208,8514.199135709741
35209,7376.904622267537
35210,8443.216831366288
35211,8024.149510267385
35212,7254.717344088483
35213,8466.035535007171
35214,7451.161129862334
35215,8494.839015319516
35216,7914.198844319104
35217,8054.261870342779
35218,8390.448912339503
35219,8619.612962873416
35220,7959.337124032629
35221,7346.464320542394
35222,7420.028826871324
35223,8439.632961935298
35224,7958.382969206516
35225,7801.709904275776
35226,7422.001931423651
35227,8018.893076688171
35228,7887.591572335677
35229,7342.101781646303
35230,8009.785999905578
35231,8011.986367450367
35232,8963.788619412368
35233,7963.8941135805135
35234,7387.152553119155
35235,7897.419035901166
35236,7975.924788244127
35237,8544.637553412635
35238,7832.964449908164
35239,8448.06586672474
35240,7802.635694510926
35241,7999.823224633346
35242,7389.741809069175
35243,7463.37254947481
35244,8073.744491572828
35245,8432.176495901804
35246,7787.45652231641
35247,8965.377773750268
35248,8080.666280880228
35249,7796.096463123213
35250,7971.417148781218
35251,7283.542298760609
35252,8570.665010513923
35253,7364.315339662742
35254,8322.184276547818
35255,7993.038758036919
35256,7879.317208925109
35257,7682.839444877771
35258,8438.724530171421
35259,7923.225004564261
35260,7325.208110930915
35261,7905.875801214767
35262,7905.631315932013
35263,8015.775889333056
35264,8302.32883418047
35265,8114.216773182223
35266,7993.232347511013
35267,8448.01497091608
35268,7828.062175644305
35269,8432.604345146625
35270,8020.543352346762
35271,7872.861919425975
35272,7871.339644531423
35273,8489.883075587732
35274,7938.821265675174
35275,8023.477175739812
35276,8008.319088209054
35277,7513.639858075345
35278,7904.836738763062
35279,8962.994042243416
35280,8961.95497979171
35281,7315.121192563451
35282,7758.242703583372
35283,7812.5628194101755
35284,8558.389850567557
35285,8060.0735085642045
35286,8219.708001967549
35287,8381.956269795035
35288,8420.632619247614
35289,7385.946864970691
35290,8964.644317902006
35291,7754.826707493551
35292,8289.977069735312
35293,7814.885429596341
35294,8044.197113272778
35295,8273.597794446385
35296,7310.982009696203
35297,8699.755075957053
35298,8063.501415278777
35299,8048.022641074982
35300,7364.688771336963
35301,8127.047137770802
35302,8096.613832823923
35303,8984.198027766324
35304,7293.962990093188
35305,8514.565863633872
35306,7621.5574493985105
35307,7922.114893012673
35308,7938.64737259452
35309,8599.009965045363
35310,8005.213174841121
35311,7759.830924020793
35312,8488.110557287762
35313,7474.124789159978
35314,7480.053557266767
35315,8020.298867064008
35316,7506.8755915370075
35317,7788.293280539825
35318,7905.844197194443
35319,8045.348383034281
35320,8051.460515103135
35321,7801.006824702821
35322,7483.378633904226
35323,7985.286575821503
35324,7913.7644051038815
35325,8294.600455987844
35326,8329.694302673568
35327,8610.20027948738
35328,7803.317765820886
35329,7241.825858179215
35330,8023.110447815681
35331,8060.506135474532
35332,7510.293272739551
35333,7293.487473773472
35334,7423.75084636656
35335,7895.448909116636
35336,8962.566192998596
35337,8037.331264512053
35338,7379.737770211356
35339,8383.323049847533
35340,7962.17760384522
35341,7373.665192271044
35342,8332.94441255193
35343,8929.754269300878
35344,7893.364432801607
35345,8423.076670887865
35346,7429.159354868314
35347,8015.8981319744325
35348,7431.945010302443
35349,8351.541439017597
35350,8320.280545181653
35351,8632.871176706814
35352,7896.250143948924
35353,7854.7995063730605
35354,8434.193499484525
35355,7972.827271651724
35356,7998.820228886674
35357,7895.553768126058
35358,8517.010716461413
35359,8398.508873714447
35360,7922.917523137568
35361,7332.261749472038
35362,8376.24392345718
35363,7821.701833807002
35364,8516.949595140726
35365,7896.267672490937
35366,7321.320532612199
35367,7338.581554195822
35368,7256.109335112658
35369,7980.5201612829505
35370,8053.278411069377
35371,8503.701606819355
35372,8489.144506983454
35373,7809.439839572593
35374,7963.838105015839
35375,8539.686726436863
35376,8964.644317902006
35377,7826.198452776518
35378,7491.736683511495
35379,8514.576089145901
35380,8082.498907180522
35381,8584.0454669887
35382,7351.246821563363
35383,8025.574971405935
35384,7891.072215322353
35385,7885.510320049754
35386,8356.473482364148
35387,8535.474468065368
35388,7994.505669733444
35389,7400.071503262348
35390,8964.583196581318
35391,7971.350914704515
35392,8030.994763093995
35393,7872.376076242979
35394,8021.215686874336
35395,8507.664267152082
35396,7781.168765967426
35397,8022.071385363975
35398,8608.305518546036
35399,7968.71247240288
35400,8102.114751685891
35401,8371.27463874357
35402,7867.162437253016
35403,7419.623767042651
35404,8004.651808967741
35405,7900.8102017052715
35406,7439.783122988002
35407,7930.494712535845
35408,7303.329890426578
35409,7496.931995770021
35410,8271.722891240144
35411,7750.821552832353
35412,8514.688106275249
35413,7988.558682447603
35414,8926.392596663009
35415,7838.575042802735
35416,8577.688849637092
35417,8555.817642342623
35418,8304.637199844135
35419,7469.66911961161
35420,8370.58492058404
35421,7997.349782204667
35422,8548.793803219454
35423,8011.796893843528
35424,8557.473030757228
35425,8433.826771560394
35426,8320.504507722993
35427,7318.336907156035
35428,7886.45817793364
35429,8434.206665196485
35430,8538.769906626534
35431,8466.088603371914
35432,8311.48016600991
35433,7390.515935214069
35434,8429.792764394952
35435,7536.156545384021
35436,8019.565411215745
35437,7903.736554990669
35438,8433.887892881085
35439,7799.744534700729
35440,8521.482798383706
35441,8506.446953494325
35442,8318.919197830355
35443,7271.380678428368
35444,7427.73011327808
35445,7862.117121689909
35446,8102.730404834487
35447,8483.893186160254
35448,8965.866744315777
35449,7906.0781218746615
35450,8014.3089776365305
35451,7722.924805737423
35452,8008.408867148881
35453,8009.602635943513
35454,8553.362564003053
35455,8618.757264383776
35456,8495.297309348938
35457,8498.562303125504
35458,8966.416836201974
35459,7474.072621832507
35460,8517.81040638638
35461,8435.049197974166
35462,8398.81448031789
35463,7865.422490206984
35464,7988.383715261068
35465,8550.3625065333
35466,7933.490556790259
35467,7440.843752631854
35468,7970.384247560682
35469,8602.259620553885
35470,7937.756838352925
35471,7924.872450573174
35472,7548.759824753406
35473,7917.195973315872
35474,7443.737518231713
35475,8556.5562109469
35476,7882.212896115085
35477,8288.754643321541
35478,7790.156085938735
35479,8520.810463856133
35480,7965.363475246056
35481,8961.710494508956
35482,7757.998218300618
35483,7306.986298789214
35484,8006.628419666765
35485,8011.6135298814625
35486,7448.199374641976
35487,8515.91053268902
35488,7986.753487518028
35489,8022.215125717997
35490,7964.452695890967
35491,7837.092292381576
35492,8401.374227486433
35493,8428.934893349227
35494,7971.622509491025
35495,7843.391356261188
35496,7977.219609965769
35497,7332.249432509345
35498,7790.78278232372
35499,8280.970401474298
35500,8584.289952271454
35501,7882.506355616382
35502,8451.743371478082
35503,8455.400425207365
35504,8541.764851340273
35505,8542.014449379041
35506,8530.029557768074
35507,7463.4477375447295
35508,8066.735732519255
35509,7921.979890765711
35510,7777.550528167671
35511,8518.51535825464
35512,7919.242190940311
35513,8444.064234641843
35514,8962.749556960662
35515,7264.982797491173
35516,7939.216438290387
35517,7943.743455487832
35518,7874.853452060992
35519,8632.62669142406
35520,8552.155475857326
35521,8984.259149087015
35522,8517.326548576886
35523,7451.133198035026
35524,7334.973512252947
35525,8559.06218509513
35526,7475.640742298059
35527,8433.826771560394
35528,8105.904273568582
35529,7947.625616765333
35530,8559.001063774442
35531,7845.494511646125
35532,7884.164106087283
35533,8965.7445016744
35534,7465.85602723507
35535,7365.64742838217
35536,7850.432579016311
35537,8362.885369265055
35538,7403.672357430149
35539,8005.650478535748
35540,7394.691236047682
35541,8008.135724246988
35542,7819.381697723984
35543,7987.208755726383
35544,8010.931966730617
35545,7835.488444325918
35546,9054.89494477891
35547,7901.504583425556
35548,8434.621348729346
35549,7461.490633058697
35550,9017.56004335024
35551,8911.667471133085
35552,8286.848995069915
35553,8541.683278995526
35554,8336.910802075008
35555,7923.080074538105
35556,7933.062707545439
35557,8037.346602780097
35558,8435.698908921597
35559,7708.931736058497
35560,7795.690669800183
35561,7817.772842287984
35562,7396.142500016384
35563,7405.545712521008
35564,7841.013532491713
35565,8039.4705107361515
35566,7467.681737673577
35567,8538.374674722401
35568,7349.34061609405
35569,7899.978027622731
35570,8413.050635282305
35571,7964.747576525791
35572,8505.825514775412
35573,7514.529823372307
35574,7986.05584740883
35575,8435.171440615542
35576,8551.574823310784
35577,7435.670772211576
35578,8488.416163891205
35579,7468.485334562161
35580,8613.500830804562
35581,8553.072295667653
35582,7822.8488943775865
35583,7983.54147648507
35584,8103.7650273444815
35585,7404.535049489992
35586,7731.637044995311
35587,7926.728715060254
35588,7901.4994706695425
35589,7916.1074663141035
35590,8517.255201744169
35591,8312.087297218048
35592,8451.783978786436
35593,7824.311266967388
35594,7279.013830304567
35595,7906.242529138899
35596,8395.88065692484
35597,8574.571662281976
35598,7425.732041442697
35599,8434.132378163838
35600,7991.87132686746
35601,8214.268204426267
35602,7840.585683246893
35603,8416.336297526701
35604,8405.685909428012
35605,8096.680066900626
35606,7409.234397612805
35607,8553.316780950407
35608,8028.489124036272
35609,8554.040011286641
35610,7703.421329883514
35611,7889.4121428909675
35612,8513.170298770065
35613,7350.628683295568
35614,7493.875929735595
35615,8092.378242517361
35616,7798.4583600403475
35617,7349.676305944623
35618,7362.179496737613
35619,8256.410192476687
35620,7513.6741248826675
35621,7468.204991478011
35622,7869.0022940708295
35623,8273.023822606558
35624,8349.646678076253
35625,7802.1544424910935
35626,8549.46613774703
35627,7889.575700379262
35628,8434.743591370723
35629,7990.018758707525
35630,8417.268006409815
35631,7885.644660498465
35632,8345.450712799227
35633,7742.171509001035
35634,8964.09422601581
35635,7464.965561481518
35636,7759.037280752323
35637,8366.996146295372
35638,7455.363947007565
35639,7418.523566838652
35640,8452.70814689714
35641,7346.5164550066565
35642,7294.535433457297
35643,8548.671560578077
35644,7348.004463093886
35645,7326.733650205319
35646,7441.016212852035
35647,8308.426721726824
35648,7782.189056516858
35649,7509.648382806239
35650,8417.867997215912
35651,8046.148072959246
35652,7987.776198381327
35653,7901.868838062903
35654,7895.850048758146
35655,8435.049197974166
35656,7820.96123156576
35657,8530.335164371516
35658,8477.032259975094
35659,8093.868486148953
35660,7307.348559323978
35661,8529.352110484484
35662,7284.745796635101
35663,8350.760724188583
35664,8642.25525145718
35665,7872.314954922291
35666,7914.139907281445
35667,7890.423010822451
35668,8476.31925515089
35669,7954.432673398457
35670,8067.280711649438
35671,8493.662371958391
35672,8539.625605116174
35673,7390.35302227606
35674,8063.873065778474
35675,7449.679664183532
35676,7353.997652972483
35677,7429.076666355479
35678,8377.854980077735
35679,7920.790081692627
35680,8326.82666727047
35681,8419.457151553815
35682,8545.309887940208
35683,8463.34108414086
35684,7783.308012191525
35685,7901.66590019491
35686,8440.710857218059
35687,7747.535313050367
35688,7888.791626135273
35689,8506.375606661608
35690,8486.450056117144
35691,8514.63721046659
35692,8178.197051565872
35693,9019.63816825365
35694,7873.190073678719
35695,8555.089299250374
35696,8434.132378163838
35697,8927.12605251127
35698,7821.707841399034
35699,7842.431432401829
35700,7805.53740101988
35701,7904.028094844879
35702,7825.788415902888
35703,7721.454019940488
35704,8380.788468380277
35705,8506.68121326505
35706,8421.748141288052
35707,8052.188858195383
35708,7248.360726736874
35709,8018.465227443352
35710,7867.011644544885
35711,8451.142383783224
35712,7421.636912956565
35713,8549.893986991849
35714,8022.682598570861
35715,7793.156701117348
35716,8348.28462538915
35717,7367.32070088532
35718,7863.695905605725
35719,7173.153603325869
35720,7901.4977238548245
35721,8064.902092898599
35722,7903.450240175562
35723,8436.106538893844
35724,8397.164204659299
35725,7989.809553552454
35726,7991.7116262528625
35727,8963.910862053744
35728,7867.133887186263
35729,8908.794769060723
35730,8009.220827949787
35731,8375.227311306691
35732,8395.949831201473
35733,7927.63894490018
35734,7921.625922447164
35735,8535.464242553338
35736,8434.682470050035
35737,8448.307411807564
35738,7475.478412208344
35739,7891.85029196842
35740,7271.202427222317
35741,8530.686554027603
35742,7992.804498266193
35743,8487.692933554972
35744,7359.4130536719385
35745,7273.446677365895
35746,8007.9119674012245
35747,8385.555931393985
35748,8322.28913555724
35749,8535.836083233484
35750,7483.862936884558
35751,8038.022624435693
35752,7840.964520705304
35753,7949.214771103235
35754,7485.4411874805755
35755,8105.782030927204
35756,7369.518739237019
35757,7378.128758138353
35758,7901.967990210993
35759,8619.057758231203
35760,8319.940171314298
35761,7978.2357216596665
35762,8364.411229726185
35763,7446.705608432085
35764,8550.26071491598
35765,7300.646326870547
35766,8397.406517385969
35767,7883.29087905563
35768,8501.485901006525
35769,7897.730565176993
35770,8015.409161408925
35771,7304.972595657611
35772,8387.983608487904
35773,7344.989845030083
35774,8538.464300023092
35775,7925.618666027021
35776,8488.698379270661
35777,8033.312595614652
35778,8520.250146457907
35779,8343.20941675936
35780,8436.89600330678
35781,7356.761878891919
35782,7460.358982473512
35783,7365.6582992608455
35784,8384.577990262967
35785,7744.69486678122
35786,8362.824247944369
35787,8541.03139549201
35788,8929.998754583634
35789,7978.1243663285695
35790,7517.505588580799
35791,8600.548223574606
35792,7922.053771691984
35793,8486.15467502573
35794,8321.06670914347
35795,8452.64702557645
35796,8434.804712691412
35797,8965.194409788204
35798,7465.068859152013
35799,8027.566178149567
35800,8465.607685762352
35801,8583.133759934386
35802,8433.643407598329
35803,7990.868138648754
35804,8487.027910786463
35805,8363.435461151254
35806,8079.98883359664
35807,7490.453135777036
35808,7972.280159029921
35809,8093.501758224822
35810,7359.494533184318
35811,7814.029731106701
35812,7960.498429125711
35813,8432.420981184558
35814,7979.729313304353
35815,8501.251641235798
35816,8434.926955332789
35817,7831.844539407068
35818,7293.2785460313335
35819,7890.852684099111
35820,8447.632904723905
35821,8521.02133240287
35822,7360.902962213023
35823,7982.108267145699
35824,8026.838848377682
35825,7358.477776123773
35826,7896.94371977726
35827,8456.256123697005
35828,8024.82184479496
35829,8561.486586898614
35830,7289.901838594261
35831,7858.122389528489
35832,8291.972575605389
35833,7911.951216507283
35834,8415.423144388371
35835,8474.363372888856
35836,7865.231585472508
35837,7994.372059781222
35838,7339.737101166243
35839,7400.250782487529
35840,8508.75933816846
35841,8433.765650239706
35842,7758.4871888661255
35843,8966.050108277843
35844,8519.921148630478
35845,7947.257747042386
35846,8234.778597689236
35847,7782.7229752681515
35848,8373.757955162167
35849,7958.71633859308
35850,7865.36509337199
35851,8009.480393302136
35852,7750.701784294121
35853,7972.3288558355325
35854,7816.5704725188425
35855,7742.800105839876
35856,8353.622038024154
35857,7750.383333165446
35858,8363.802189075384
35859,7495.887836993906
35860,8028.855851960403
35861,8019.871017819188
35862,7331.210699973566
35863,7972.843667594045
35864,7719.685375740931
35865,8041.360417119931
35866,7839.662515233007
35867,8300.311830597748
35868,7995.422489543771
35869,8505.163405759866
35870,8930.854453073272
35871,7776.997962178328
35872,7928.582067505954
35873,8300.519074513444
35874,7994.971308363885
35875,7940.7105194810765
35876,8385.433688752608
35877,7756.1321062493325
35878,8398.13479748994
35879,7903.859415871491
35880,8417.268006409815
35881,8557.106302833097
35882,8661.287478070972
35883,8359.584817947874
35884,7932.73927684386
35885,8436.443765949214
35886,7854.432778448929
35887,8467.433272427064
35888,7946.26958039934
35889,8965.805622995089
35890,7875.823403224341
35891,8371.217391523292
35892,7442.657725514218
35893,7460.316483440382
35894,7433.998164714738
35895,7841.624745698598
35896,8312.218734614187
35897,7483.546426539231
35898,7972.3401298227145
35899,7790.921497329432
35900,7807.575807245026
35901,7744.310755225133
35902,7955.341906349626
35903,8024.5773595122055
35904,7957.040587282126
35905,7986.693414672493
35906,8475.285305455198
35907,8400.396286355415
35908,8067.897037612338
35909,7965.4269242632345
35910,8516.82735249935
35911,7851.505451377554
35912,8528.195918147416
35913,8964.155347336498
35914,7461.8747446147845
35915,8014.553462919284
35916,8492.92891611013
35917,7860.5576218599035
35918,8910.750651322756
35919,7936.398659766232
35920,7840.585033175587
35921,8023.589595977666
35922,8276.306990291783
35923,7375.513385873978
35924,8415.667629671125
35925,7375.220517739859
35926,7473.20796934965
35927,7820.645399450287
35928,7788.403413646922
35929,7735.361571456901
35930,8481.51968016543
35931,7485.462962101135
35932,8038.808401720607
35933,8505.336544209902
35934,7886.430267242594
35935,7544.760584851873
35936,7902.538982316506
35937,8768.007140142096
35938,8376.767661286598
35939,7789.882434877727
35940,8505.89686160813
35941,7811.699343064566
35942,7829.462207897481
35943,7880.805396282203
35944,8218.118847629645
35945,7918.129247562332
35946,7398.524347500987
35947,7454.30518816242
35948,7461.2531609858115
35949,8608.432873943428
35950,8509.798400620166
35951,8961.404887905514
35952,7920.777322087042
35953,8115.112596566365
35954,7340.811821123084
35955,8596.763037294319
35956,8059.069458250988
35957,8659.677327306885
35958,8103.560666956231
35959,8323.194446254398
35960,8037.59720114042
35961,8028.428384797694
35962,7675.023425266378
35963,8094.003838646166
35964,8669.940596426546
35965,8057.248183154999
35966,7632.850969078492
35967,8504.802172673859
35968,7539.283497789937
35969,8115.902060979302
35970,8186.282148987656
35971,8609.784051157063
35972,7990.442614002231
35973,8676.663941702285
35974,7990.901356410551
35975,8630.028374016929
35976,7612.211142191011
35977,8717.543879730889
35978,7899.759775050454
35979,8557.703831372859
35980,8205.424344763956
35981,7923.76402998018
35982,8029.222961966645
35983,8102.709746132099
35984,8541.520764571233
35985,7570.874200866279
35986,8188.422392100513
35987,7473.3686274284855
35988,8499.870336755721
35989,8187.765395840983
35990,8544.163143961558
35991,8048.928431772705
35992,7964.840188223029
35993,8590.45149464043
35994,8468.67831291121
35995,8063.883153512598
35996,8086.139355472225
35997,8309.08053393136
35998,8146.029759322739
35999,8057.674632402554
36000,7909.778275058185
36001,7553.882473714865
36002,9176.958557796326
36003,8523.411486447072
36004,8136.060874405734
36005,8660.344549078443
36006,7475.896781272302
36007,7410.111289249609
36008,8644.15762460801
36009,8556.86832570883
36010,8463.559460241415
36011,8639.29836373753
36012,8008.471679428164
36013,8138.267351595294
36014,8110.212665399254
36015,7668.352230886505
36016,7517.377706995763
36017,8141.995752157294
36018,8599.900675673493
36019,8065.157864005348
36020,7596.921858025658
36021,8485.49907416867
36022,7578.559681411611
36023,8028.856234042514
36024,7414.376327452015
36025,8600.567897445051
36026,7818.356401405346
36027,7993.2308737294225
36028,8048.969102069335
36029,8062.0941511213505
36030,7811.805893032582
36031,8042.791923318051
36032,8111.078589400922
36033,8640.857073290828
36034,8598.38798092432
36035,8458.689973858905
36036,8083.844321566838
36037,8112.912229021578
36038,8490.631092550424
36039,8161.2796711572355
36040,8101.788148656264
36041,8632.361209715122
36042,8766.303355372302
36043,7497.4930584994145
36044,8387.36139261538
36045,8203.468462501924
36046,7456.911008528577
36047,7415.306601508136
36048,7987.837643526553
36049,7501.351966791808
36050,7907.594324591979
36051,8553.262167788205
36052,8088.961161735927
36053,7436.9723039991
36054,7974.349498392678
36055,7600.894743870414
36056,7613.051064474374
36057,7993.399683709211
36058,8067.595069983319
36059,8151.897406108838
36060,8051.439518676949
36061,8588.649239910786
36062,8028.611748759759
36063,8069.4902852945015
36064,8637.729660423684
36065,7500.43514698148
36066,8566.747356080232
36067,8147.680034981329
36068,7378.247868802426
36069,8589.566059721114
36070,7574.691654576277
36071,8618.36954003346
36072,8037.729369033046
36073,8177.792395056722
36074,8513.979437053447
36075,8743.143487587358
36076,8082.867648746571
36077,7469.994845256337
36078,7543.559351585267
36079,8563.163486649242
36080,8081.91349392046
36081,7925.24042898972
36082,7545.532456137595
36083,8142.423601402114
36084,8011.12209704962
36085,7465.632306360246
36086,8133.316524619522
36087,8135.516892164309
36088,9087.31914412631
36089,8087.424638294457
36090,7510.683077833097
36091,8020.949560615109
36092,8099.455312958071
36093,8668.168078126577
36094,7956.494974622107
36095,8571.596391438683
36096,7926.16621922487
36097,8123.35374934729
36098,7513.2723337831185
36099,7586.903074188753
36100,8197.27501628677
36101,8555.707020615748
36102,7910.987047030352
36103,9088.908298464212
36104,8204.19680559417
36105,7919.626987837156
36106,8094.947673495161
36107,7407.072823474552
36108,8694.195535227867
36109,7487.845864376686
36110,8445.714801261762
36111,8116.569282750862
36112,8002.847733639053
36113,7806.369969591713
36114,8562.255054885365
36115,8046.755529278204
36116,7448.738635644859
36117,8029.40632592871
36118,8029.1618406459565
36119,8139.306414046999
36120,8425.859358894413
36121,8237.747297896165
36122,8116.762872224956
36123,8571.545495630024
36124,7951.592700358249
36125,8556.134869860567
36126,8144.073877060705
36127,7996.392444139919
36128,7994.870169245367
36129,8613.413600301674
36130,8062.351790389117
36131,8147.007700453755
36132,8131.849612922997
36133,7637.170382789289
36134,8028.3672634770055
36135,9086.52456695736
36136,9085.485504505654
36137,7438.651717277395
36138,7881.773228297315
36139,7936.0933441241195
36140,8681.9203752815
36141,8183.604033278147
36142,8343.23852668149
36143,8505.486794508979
36144,8544.163143961558
36145,7509.4773896846345
36146,9088.17484261595
36147,7878.357232207494
36148,8413.507594449255
36149,7938.415954310283
36150,8167.727637986721
36151,8397.128319160329
36152,7434.512534410145
36153,8823.285600670995
36154,8187.03193999272
36155,8171.553165788925
36156,7488.2192960509055
36157,8250.577662484746
36158,8220.144357537865
36159,9107.728552480268
36160,7417.493514807131
36161,8638.096388347814
36162,7745.0879741124545
36163,8045.645417726616
36164,8062.177897308463
36165,8722.540489759307
36166,8128.743699555064
36167,7883.361448734736
36168,8611.641082001706
36169,7597.655313873921
36170,7603.58408198071
36171,8143.829391777951
36172,7630.40611625095
36173,7911.823805253768
36174,8029.374721908387
36175,8168.878907748223
36176,8174.991039817078
36177,7924.537349416764
36178,7606.909158618169
36179,8108.817100535445
36180,8037.294929817825
36181,8418.130980701786
36182,8453.224827387512
36183,8733.730804201325
36184,7926.848290534828
36185,7365.356382893158
36186,8146.6409725296235
36187,8184.036660188474
36188,7633.823797453494
36189,7417.017998487415
36190,7547.281371080503
36191,8018.979433830578
36192,9086.096717712539
36193,8160.861789225995
36194,7503.268294925299
36195,8506.853574561475
36196,8085.708128559163
36197,7497.1957169849875
36198,8456.474937265872
36199,9053.28479401482
36200,8016.894957515551
36201,8546.607195601808
36202,7552.689879582257
36203,8139.428656688377
36204,7555.475535016386
36205,8475.071963731541
36206,8443.811069895597
36207,8756.401701420758
36208,8019.780668662866
36209,7978.330031087004
36210,8557.72402419847
36211,8096.357796365668
36212,8122.350753600618
36213,8019.08429284
36214,8640.541241175357
36215,8522.039398428391
36216,8046.448047851511
36217,7455.79227418598
36218,8499.774448171122
36219,7945.232358520945
36220,8640.480119854668
36221,8019.79819720488
36222,7444.851057326142
36223,7462.112078909765
36224,7379.639859826602
36225,8104.050685996894
36226,8176.808935783321
36227,8627.2321315333
36228,8612.675031697398
36229,7932.970364286536
36230,8087.368629729783
36231,8663.217251150805
36232,9088.17484261595
36233,7949.728977490462
36234,7615.2672082254385
36235,8638.106613859843
36236,8206.029431894465
36237,8707.575991702643
36238,7474.777346277306
36239,8149.105496119879
36240,8014.602740036296
36241,8009.040844763697
36242,8480.004007078092
36243,8659.004992779312
36244,8118.036194447386
36245,7523.6020279762915
36246,9088.11372129526
36247,8094.881439418459
36248,8154.525287807938
36249,7995.9066009569215
36250,8144.746211588279
36251,8631.194791866024
36252,7904.699290681369
36253,8145.601910077919
36254,8731.836043259978
36255,8092.242997116822
36256,8225.645276399835
36257,8494.805163457513
36258,7990.692961966959
36259,7543.154291756593
36260,8128.182333681685
36261,8024.340726419214
36262,7563.313647701945
36263,8054.025237249787
36264,7426.860415140521
36265,7620.462520483964
36266,8395.253415954086
36267,7874.352077546296
36268,8638.218630989193
36269,8112.089207161546
36270,9049.923121376953
36271,7962.105567516677
36272,8701.219374351034
36273,8679.348167056567
36274,8428.16772455808
36275,7593.199644325553
36276,8494.115445297983
36277,8120.88030691861
36278,8672.324327933398
36279,8135.32741855747
36280,8681.00355547117
36281,8557.357296274338
36282,8444.035032436936
36283,7441.867431869978
36284,8009.9887026475835
36285,8557.737189910427
36286,8662.300431340478
36287,8589.619128085858
36288,8435.010690723851
36289,7514.046459928012
36290,8553.323289108894
36291,7659.687070097964
36292,8143.0959359296885
36293,8027.267079704612
36294,8557.418417595027
36295,7923.275059414671
36296,8645.01332309765
36297,8629.977478208268
36298,8442.449722544297
36299,7394.911203142311
36300,7551.2606379920235
36301,7985.647646403852
36302,8226.260929548429
36303,8607.423710874196
36304,9089.39726902972
36305,8029.608646588605
36306,8137.8395023504745
36307,7846.4553304513665
36308,8131.939391862824
36309,8133.133160657457
36310,8676.893088716995
36311,8742.28778909772
36312,8618.827834062882
36313,8622.092827839446
36314,9089.947360915918
36315,7597.60314654645
36316,8641.340931100323
36317,8558.579722688108
36318,8522.345005031832
36319,7988.953014920927
36320,8111.914239975011
36321,8673.893031247242
36322,8057.021081504202
36323,7564.374277345797
36324,8093.914772274625
36325,8725.790145267829
36326,8061.287363066868
36327,8048.402975287117
36328,7672.290349467348
36329,8040.726498029815
36330,7567.268042945656
36331,8680.086735660843
36332,8005.743420829028
36333,8412.285168035483
36334,7913.686610652678
36335,8644.340988570075
36336,8088.893999959999
36337,9085.2410192229
36338,7881.528743014561
36339,7430.516823503156
36340,8130.158944380708
36341,8135.144054595405
36342,7571.729899355919
36343,8639.441057402964
36344,8110.28401223197
36345,8145.74565043194
36346,8087.9832206049105
36347,7960.62281709552
36348,8524.904752200375
36349,8552.46541806317
36350,8095.153034204968
36351,7966.921880975131
36352,8100.750134679713
36353,7455.779957223288
36354,7914.313307037663
36355,8404.500926188242
36356,8707.820476985396
36357,8006.036880330325
36358,8575.273896192024
36359,8578.930949921309
36360,8665.295376054215
36361,8665.544974092983
36362,8653.560082482016
36363,7586.978262258673
36364,8190.266257233199
36365,8045.510415479654
36366,7901.081052881615
36367,8642.045882968583
36368,8042.772715654255
36369,8567.594759355785
36370,9086.280081674606
36371,7388.513322205116
36372,8062.746963004329
36373,8067.273980201775
36374,7998.383976774934
36375,8756.157216138003
36376,8675.686000571268
36377,9107.789673800957
36378,8640.857073290828
36379,7574.663722748969
36380,7458.50403696689
36381,8682.592709809072
36382,7599.171267012002
36383,8557.357296274338
36384,8229.434798282524
36385,8071.156141479276
36386,8682.531588488384
36387,7969.025036360068
36388,8007.694630801227
36389,9089.275026388343
36390,7589.386551949012
36391,7489.177953096112
36392,7973.963103730254
36393,8486.415893979
36394,7527.202882144091
36395,8129.1810032496915
36396,7518.221760761625
36397,8131.666248960932
36398,7942.912222437927
36399,8110.739280440326
36400,8134.462491444561
36401,7959.018969039862
36402,9178.425469492853
36403,8025.0351081395
36404,8558.151873443288
36405,7585.02115777264
36406,9141.090568064183
36407,9035.19799584703
36408,8410.379519783859
36409,8665.21380370947
36410,8460.44132678895
36411,8046.610599252048
36412,8056.593232259382
36413,8160.877127494039
36414,8559.22943363554
36415,7832.4622607724405
36416,7919.221194514126
36417,7941.303367001927
36418,7519.673024730328
36419,7529.076237234951
36420,7964.544057205656
36421,8163.0010354500955
36422,7591.21226238752
36423,8661.905199436344
36424,7472.871140807993
36425,8023.508552336674
36426,8536.581159996247
36427,8088.2781012397345
36428,8629.356039489354
36429,7638.06034808625
36430,8109.586372122774
36431,8558.701965329485
36432,8675.105348024726
36433,7559.201296925519
36434,8611.946688605149
36435,7592.0158592761045
36436,8737.031355518506
36437,8676.602820381595
36438,7946.379419091529
36439,8107.072001199013
36440,8227.295552058426
36441,7528.065574203936
36442,7855.167569709254
36443,8050.259239774197
36444,8025.029995383486
36445,8039.637991028047
36446,8640.78572645811
36447,8435.617821931992
36448,8575.314503500378
36449,7947.841791681332
36450,7402.54435501851
36451,8029.773053852842
36452,8519.411181638783
36453,8698.102186995919
36454,7549.26256615664
36455,8557.66290287778
36456,8115.401851581402
36457,8337.79872914021
36458,7964.116207960836
36459,8539.866822240645
36460,8529.216434141954
36461,8220.210591614568
36462,7532.764922326749
36463,8676.84730566435
36464,8152.019648750215
36465,8677.570536000585
36466,7826.951854597457
36467,8012.94266760491
36468,8636.700823484007
36469,7474.159208009511
36470,7617.406454449538
36471,8215.908767231304
36472,7921.98888475429
36473,7473.206830658566
36474,7485.710021451556
36475,8379.94071719063
36476,7637.204649596611
36477,7591.735516191955
36478,7992.532818784774
36479,8396.5543473205
36480,8473.177202790195
36481,7925.684967205036
36482,8672.996662460971
36483,8013.1062250932055
36484,8558.274116084667
36485,8113.549283421467
36486,8540.798531123757
36487,8009.175185212407
36488,8468.98123751317
36489,7865.702033714978
36490,9087.624750729752
36491,7588.496086195462
36492,7882.567805466266
36493,8490.526671009316
36494,7578.894471721509
36495,7542.054091552595
36496,8576.238671611081
36497,7470.046979720599
36498,7418.06595817124
36499,8672.202085292021
36500,7471.534987807829
36501,7450.264174919262
36502,7564.546737565978
36503,8431.957246440768
36504,7905.7195812308
36505,7633.178907520183
36506,8541.398521929856
36507,8169.67859767319
36508,8111.306723095271
36509,8025.399362776845
36510,8019.380573472089
36511,8558.579722688108
36512,7944.491756279702
36513,8653.865689085458
36514,8600.562784689037
36515,8217.399010862897
36516,7430.879084037921
36517,8652.882635198428
36518,7408.276321349044
36519,8474.291248902526
36520,8765.785776171124
36521,7995.845479636233
36522,8037.670431995388
36523,8013.953535536394
36524,8599.849779864831
36525,8077.9631981124
36526,8190.811236363381
36527,8617.192896672335
36528,8663.156129830117
36529,7513.883546990004
36530,8187.403590492417
36531,7573.210188897474
36532,7477.528177686425
36533,7552.607191069422
36534,8501.385504791677
36535,8044.32060640657
36536,8450.357191984414
36537,8542.987676267758
36538,8668.840412654152
36539,8586.871608854804
36540,7906.838536905469
36541,8025.196424908854
36542,8564.241381932
36543,7871.06583776431
36544,8012.322150849216
36545,8629.906131375552
36546,8609.980580831087
36547,8638.167735180532
36548,8301.727576279816
36549,9143.168692967593
36550,7996.720598392662
36551,8678.619823964318
36552,8557.66290287778
36553,9050.656577225214
36554,7945.238366112977
36555,7965.961957115772
36556,7929.067925733823
36557,8027.558619558822
36558,7949.318940616831
36559,7844.984544654431
36560,8504.31899309422
36561,8630.211737978994
36562,8545.278666001994
36563,8175.719382909327
36564,7371.891251450817
36565,8141.995752157294
36566,7990.542169258828
36567,8574.672908497167
36568,7545.167437670508
36569,8673.42451170579
36570,8146.213123284804
36571,7916.687225831291
36572,8471.815150103092
36573,7490.851225599263
36574,7987.226430319668
36575,7296.684128039812
36576,8025.028248568768
36577,8188.432617612541
36578,8026.980764889504
36579,8559.637063607786
36580,8520.694729373241
36581,8113.3400782663975
36582,8115.242150966806
36583,9087.441386767687
36584,7990.664411900206
36585,9032.325293774666
36586,8132.75135266373
36587,8498.757836020635
36588,8519.480355915415
36589,8051.169469614124
36590,8045.156447161107
36591,8658.994767267282
36592,8558.212994763977
36593,8571.837936521508
36594,7599.008936922287
36595,8015.380816682363
36596,7394.73295193626
36597,8654.217078741547
36598,8116.335022980136
36599,8611.223458268914
36600,7482.943578385881
36601,7396.977202079839
36602,8131.442492115168
36603,8509.086456107927
36604,8445.819660271183
36605,8659.366607947428
36606,7607.393461598501
36607,8161.553149149635
36608,7964.495045419247
36609,8072.745295817178
36610,7608.971712194519
36611,8229.312555641147
36612,7493.049263950962
36613,7501.659282852295
36614,8025.498514924937
36615,8742.588282945148
36616,8443.470696028242
36617,8101.76624637361
36618,8487.94175444013
36619,7570.236133146027
36620,8673.791239629923
36621,7424.176851584491
36622,8520.937042099911
36623,8006.821403769573
36624,8625.016425720467
36625,8021.261089890936
36626,8138.939686122867
36627,7428.503120371554
36628,8511.514133201848
36629,7468.5203697440265
36630,8661.994824737034
36631,8049.1491907409645
36632,8612.228903984604
36633,8156.843120328596
36634,8643.78067117185
36635,8466.739941473304
36636,8560.426528020724
36637,7480.292403605862
36638,7583.889507187456
36639,7489.188823974789
36640,8508.10851497691
36641,7868.225391495163
36642,8486.354772658311
36643,8664.561920205953
36644,9053.529279297576
36645,8101.654891042514
36646,7641.036113294742
36647,8724.078748288548
36648,8045.5842964059275
36649,8609.685199739673
36650,8444.597233857414
36651,8576.177550290395
36652,8558.335237405354
36653,9088.724934502146
36654,7588.599383865956
36655,8151.0967028635105
36656,8589.138210476294
36657,8706.66428464833
36658,8557.173932312271
36659,8114.398663362697
36660,8610.558435500405
36661,8486.965985865198
36662,8203.519358310583
36663,7613.983660490979
36664,8095.8106837438645
36665,8217.032282938764
36666,7483.025057898261
36667,7937.560255820645
36668,8084.028953839654
36669,8555.951505898502
36670,8103.259838018296
36671,8624.782165949742
36672,8558.45748004673
36673,7955.375064121011
36674,7416.8090707452775
36675,8014.383208813054
36676,8571.16342943785
36677,8644.551857116814
36678,7484.433486926966
36679,8105.638791859641
36680,8150.369373091625
36681,7482.008300837716
36682,8020.4742444912035
36683,8579.786648410947
36684,8148.3523695089025
36685,8685.017111612557
36686,7413.432363308204
36687,7981.652914242432
36688,8415.503100319333
36689,8035.481741221226
36690,8538.953669102313
36691,8597.893897602798
36692,7988.7621101864515
36693,8117.902584495165
36694,7463.267625880186
36695,7523.781307201472
36696,8632.289862882404
36697,8557.296174953648
36698,7882.017713580069
36699,9089.580632991787
36700,8643.45167334442
36701,8070.788271756328
36702,8358.309122403178
36703,7906.253499982095
36704,8497.288479876112
36705,8082.246863307023
36706,7988.895618085933
36707,8133.01091801608
36708,7874.2323090080645
36709,8095.859380549475
36710,7940.100997232786
36711,7866.330630553819
36712,8477.152562738098
36713,7873.913857879389
36714,8487.332713789328
36715,7619.418361707849
36716,8152.386376674347
36717,8143.401542533131
36718,7454.74122468751
36719,8096.374192307988
36720,7843.215900454874
36721,8164.890941833874
36722,7963.193039946951
36723,8423.84235531169
36724,8118.953014257715
36725,8628.693930473808
36726,9054.384977787216
36727,7900.528486892272
36728,8052.112592219897
36729,8424.049599227386
36730,8118.501833077828
36731,8064.24104419502
36732,8508.96421346655
36733,7879.662630963276
36734,8521.665322203884
36735,8027.3899405854345
36736,8540.798531123757
36737,8680.63682754704
36738,8784.818002784916
36739,8483.115342661818
36740,8056.2698015578035
36741,8559.974290663158
36742,7977.963303162873
36743,8590.963797141007
36744,8069.800105113283
36745,9089.336147709033
36746,7999.353927938284
36747,8494.747916237236
36748,7566.188250228161
36749,7583.8470081543255
36750,7557.52868942868
36751,7965.1552704125415
36752,8435.74925932813
36753,7607.076951253174
36754,8095.870654536658
36755,7914.452022043375
36756,7931.106331958969
36757,7867.841279939077
36758,8078.872431063568
36759,8148.107884226149
36760,8080.571111996069
36761,8110.2239393864365
36762,8598.81583016914
36763,8523.92681106936
36764,8191.42756232628
36765,8088.957448977178
36766,8640.357877213291
36767,7975.035976091498
36768,8651.72644286136
36769,9087.685872050442
36770,7585.405269328728
36771,8138.083987633228
36772,8616.459440824072
36773,7984.088146573848
36774,9034.2811760367
36775,8059.9291844801755
36776,7964.1155578895305
36777,8147.120120691609
36778,8399.837515005725
36779,7499.043910587921
36780,8539.198154385067
36781,7498.751042453801
36782,7596.738494063593
36783,7944.17592416423
36784,7911.933938360866
36785,7858.8920961708445
36786,8605.050204879371
36787,7608.993486815079
36788,8162.33892643455
36789,8628.867068923846
36790,8009.960791956537
36791,7668.291109565816
36792,8026.069507030448
36793,8891.537664856038
36794,8500.298186000542
36795,7913.41295959167
36796,8629.427386322071
36797,7935.229867778509
36798,7952.992732611423
36799,8004.335920996146
36800,8341.649372343589
36801,8041.659772276276
36802,7522.05487221493
36803,7577.835712876364
36804,7584.783685699755
36805,8731.96339865737
36806,8633.32892533411
36807,9084.935412619456
36808,8044.307846800985
36809,8238.643121280309
36810,7464.342345837027
36811,8720.293562008263
36812,8182.599982964932
36813,8783.207852020827
36814,8227.091191670173
36815,8446.724970968342
36816,8161.127725854363
36817,8151.958909511637
36818,7798.55394998032
36819,8217.534363360108
36820,8793.471121140488
36821,8180.7787078689435
36822,7756.381493792435
36823,8628.332697387803
36824,7662.814022503881
36825,8239.432585693245
36826,8309.8126737016
36827,8733.314575871005
36828,8113.973138716174
36829,8800.194466416227
36830,8114.431881124494
36831,8753.558898730871
36832,7735.741666904954
36833,8841.074404444833
36834,8023.290299764397
36835,8681.234356086803
36836,8328.9548694779
36837,8047.294554694123
36838,8152.753486680588
36839,8226.240270846043
36840,8665.051289285177
36841,7694.4047255802225
36842,8311.952916814456
36843,7596.899152142429
36844,8623.400861469665
36845,8311.295920554927
36846,8667.6936686755
36847,8172.458956486647
36848,8088.370712936972
36849,8713.982019354375
36850,8592.208837625152
36851,8187.413678226541
36852,8209.669880186168
36853,8432.611058645303
36854,8269.560284036681
36855,8181.2051571164975
36856,8033.308799772127
36857,7677.412998428808
36858,9300.48908251027
36859,8646.942011161016
36860,8259.591399119676
36861,8783.875073792387
36862,7599.427305986245
36863,7533.6418139635525
36864,8767.688149321952
36865,8680.398850422773
36866,8587.089984955359
36867,8762.828888451471
36868,8132.002204142107
36869,8261.797876309236
36870,8233.743190113197
36871,7791.882755600448
36872,7640.908231709707
36873,8265.526276871238
36874,8723.431200387435
36875,8188.688388719291
36876,7720.4523827396015
36877,8609.029598882615
36878,7702.090206125554
36879,8152.386758756457
36880,7537.906852165958
36881,8724.098422158995
36882,7941.8869261192895
36883,8116.761398443366
36884,8172.499626783279
36885,8185.624675835294
36886,7935.3364177465255
36887,8166.322448031994
36888,8234.609114114864
36889,8764.38759800477
36890,8721.918505638265
36891,8582.22049857285
36892,8207.37484628078
36893,8236.44275373552
36894,8614.161617264368
36895,8284.81019587118
36896,8225.318673370206
36897,8755.891734429064
36898,8889.833880086244
36899,7621.023583213357
36900,8510.891917329322
36901,8326.998987215866
36902,7580.441533242521
36903,7538.837126222079
36904,8111.368168240497
36905,7624.882491505751
36906,8031.124849305923
36907,8676.79269250215
36908,8212.49168644987
36909,7560.502828713043
36910,8097.880023106621
36911,7724.425268584357
36912,7736.581589188317
36913,8116.930208423153
36914,8191.125594697262
36915,8275.427930822781
36916,8174.970043390893
36917,8712.179764624729
36918,8152.1422734737025
36919,8193.020810008446
36920,8761.260185137628
36921,7623.965671695423
36922,8690.277880794174
36923,8271.210559695272
36924,7501.778393516369
36925,8713.096584435058
36926,7698.22217929022
36927,8741.900064747402
36928,8161.25989374699
36929,8301.322919770664
36930,8637.50996176739
36931,8866.674012301302
36932,8206.398173460515
36933,7593.52536997028
36934,7667.08987629921
36935,8686.694011363186
36936,8205.444018634402
36937,8048.7709537036635
36938,7669.062980851537
36939,8265.954126116058
36940,8134.652621763563
36941,7589.162831074189
36942,8256.847049333464
36943,8259.047416878253
36944,9210.849668840252
36945,8210.955163008399
36946,7634.213602547041
36947,8144.480085329053
36948,8222.985837672013
36949,8791.69860284052
36950,8080.02549933605
36951,8695.126916152627
36952,8049.696743938814
36953,8246.884274061233
36954,7636.802858497062
36955,7710.433598902696
36956,8320.805541000715
36957,8679.23754532969
36958,8034.517571744296
36959,9212.438823178156
36960,8327.727330308115
36961,8043.157512551099
36962,8218.478198209104
36963,7530.603348188495
36964,8817.72605994181
36965,7611.376389090628
36966,8569.245325975706
36967,8240.099807464805
36968,8126.3782583529955
36969,7929.900494305657
36970,8685.78557959931
36971,8170.286053992148
36972,7572.269160358801
36973,8152.936850642654
36974,8152.6923653599
36975,8262.836938760942
36976,8549.389883608355
36977,8361.277822610109
36978,8240.2933969389
36979,8695.076020343968
36980,8075.123225072191
36981,8679.66539457451
36982,8267.604401774648
36983,8119.922968853862
36984,8118.400693959309
36985,8736.944125015616
36986,8185.88231510306
36987,8270.538225167698
36988,8255.380137636941
36989,7760.700907503231
36990,8151.897788190949
36991,9210.055091671302
36992,9209.016029219598
36993,7562.182241991338
36994,8005.303753011258
36995,8059.623868838062
36996,8805.450899995441
36997,8307.13455799209
36998,8466.769051395433
36999,8629.017319222921
37000,8667.6936686755
37001,7633.007914398578
37002,9211.705367329892
37003,8001.887756921436
37004,8537.038119163197
37005,8061.946479024227
37006,8291.258162700664
37007,8520.658843874273
37008,7558.043059124088
37009,8946.81612538494
37010,8310.562464706663
37011,8295.083690502868
37012,7611.74982076485
37013,8374.108187198688
37014,8343.67488225181
37015,9231.259077194212
37016,7541.024039521074
37017,8761.626913061758
37018,7868.618498826398
37019,8169.175942440559
37020,8185.708422022406
37021,8846.07101447325
37022,8252.274224269007
37023,8006.891973448679
37024,8735.171606715649
37025,7721.185838587864
37026,7727.114606694653
37027,8267.359916491894
37028,7753.936640964894
37029,8035.354329967711
37030,8152.905246622329
37031,8292.409432462167
37032,8298.52156453102
37033,8048.067874130707
37034,7730.4396833321125
37035,8232.34762524939
37036,8160.825454531768
37037,8541.66150541573
37038,8576.755352101456
37039,8857.261328915267
37040,8050.378815248772
37041,7488.8869076071005
37042,8270.171497243568
37043,8307.567184902418
37044,7757.354322167437
37045,7540.548523201358
37046,7670.811895794446
37047,8142.509958544522
37048,9209.627242426483
37049,8284.39231393994
37050,7626.7988196392425
37051,8630.38409927542
37052,8209.238653273107
37053,7620.726241698931
37054,8580.005461979814
37055,9176.815318728764
37056,8140.425482229493
37057,8670.13772031575
37058,7676.2204042962
37059,8262.959181402319
37060,7679.006059730329
37061,8598.602488445484
37062,8567.34159460954
37063,8879.9322261347
37064,8143.3111933768105
37065,8101.860555800947
37066,8681.254548912413
37067,8219.88832107961
37068,8245.88127831456
37069,8142.614817553944
37070,8764.0717658893
37071,8645.569923142333
37072,8169.978572565455
37073,7579.322798899923
37074,8623.304972885064
37075,8068.762883234888
37076,8764.01064456861
37077,8143.328721918823
37078,7568.381582040085
37079,7585.642603623708
37080,7503.170384540545
37081,8227.581210710836
37082,8300.339460497264
37083,8750.762656247241
37084,8736.20555641134
37085,8056.500889000479
37086,8210.899154443725
37087,8786.74777586475
37088,9211.705367329892
37089,8073.259502204404
37090,7738.797732939382
37091,8761.637138573788
37092,8329.55995660841
37093,8831.106516416587
37094,7598.307870991249
37095,8272.636020833821
37096,8138.1332647502395
37097,8132.5713694776405
37098,8603.534531792035
37099,8782.535517493254
37100,8241.56671916133
37101,7647.132552690235
37102,9211.644246009204
37103,8218.411964132401
37104,8278.055812521881
37105,8119.4371256708655
37106,8268.276736302221
37107,8754.725316579968
37108,8028.2298153953125
37109,8269.132434791862
37110,8855.366567973922
37111,8215.773521830766
37112,8349.175801113777
37113,8618.335688171457
37114,8114.223486680902
37115,7666.684816470537
37116,8251.712858395627
37117,8147.871251133158
37118,7686.844172415888
37119,8177.555761963731
37120,7550.390939854464
37121,7743.993045197907
37122,8518.783940668029
37123,7997.882602260239
37124,8761.749155703135
37125,8235.61973187549
37126,9173.453646090895
37127,8085.636092230621
37128,8824.749899064978
37129,8802.87869177051
37130,8551.698249272024
37131,7716.730169039496
37132,8617.645970011927
37133,8244.410831632553
37134,8795.854852647342
37135,8258.857943271414
37136,8804.534080185114
37137,8680.88782098828
37138,8567.56555715088
37139,7565.397956583921
37140,8133.519227361527
37141,8681.267714624371
37142,8785.83095605442
37143,8713.149652799802
37144,8558.541215437795
37145,7637.576984641955
37146,8676.853813822836
37147,7783.2175948119075
37148,8266.62646064363
37149,8150.797604418555
37150,8680.948942308969
37151,8046.805584128615
37152,8768.543847811592
37153,8753.508002922212
37154,8565.980247258241
37155,7518.441727856254
37156,7674.791162705967
37157,8109.1781711177955
37158,8349.791454262373
37159,8730.95423558814
37160,9212.927793743664
37161,8153.139171302548
37162,8261.370027064417
37163,7969.98585516531
37164,8255.469916576767
37165,8256.663685371399
37166,8800.42361343094
37167,8865.818313811662
37168,8742.358358776824
37169,8745.62335255339
37170,9213.477885629862
37171,7721.133671260393
37172,8764.871455814266
37173,8682.110247402052
37174,8645.875529745776
37175,8112.48353963487
37176,8235.444764688953
37177,8797.423555961186
37178,8180.551606218145
37179,7687.90480205974
37180,8217.445296988568
37181,8849.320669981771
37182,8184.817887780811
37183,8171.933500001061
37184,7795.820874181291
37185,8164.257022743758
37186,7690.798567659599
37187,8803.617260374785
37188,8129.273945542971
37189,8535.815692749427
37190,8037.217135366621
37191,8767.871513284019
37192,8212.424524673941
37193,9208.771543936844
37194,8005.059267728504
37195,7554.0473482171
37196,8253.68946909465
37197,8258.674579309349
37198,7695.260424069862
37199,8762.971582116907
37200,8233.814536945914
37201,8269.276175145882
37202,8211.513745318854
37203,8084.153341809462
37204,8648.435276914319
37205,8675.995942777114
37206,8218.68355891891
37207,8090.452405689074
37208,8224.280659393655
37209,7579.310481937231
37210,8037.843831751607
37211,8528.031450902185
37212,8831.35100169934
37213,8129.5674050442685
37214,8698.804420905968
37215,8702.46147463525
37216,8788.825900768159
37217,8789.075498806927
37218,8777.09060719596
37219,7710.508786972616
37220,8313.796781947141
37221,8169.040940193598
37222,8024.611577595557
37223,8765.576407682525
37224,8166.303240368198
37225,8691.125284069727
37226,9209.810606388548
37227,7512.043846919059
37228,8186.277487718273
37229,8190.804504915718
37230,8121.914501488878
37231,8879.687740851947
37232,8799.21652528521
37233,9231.320198514899
37234,8764.38759800477
37235,7698.194247462912
37236,7582.034561680834
37237,8806.123234523016
37238,7722.701791725946
37239,8680.88782098828
37240,8352.965322996468
37241,8194.68666619322
37242,8806.062113202328
37243,8092.555561074011
37244,8131.225155515169
37245,9212.805551102287
37246,7712.917076662956
37247,7612.708477810056
37248,8097.493628444197
37249,8609.946418692944
37250,7650.733406858034
37251,8252.711527963635
37252,7641.752285475568
37253,8255.196773674874
37254,8066.44274715187
37255,8234.269805154268
37256,8257.993016158503
37257,8082.549493753804
37258,9301.955994206795
37259,8148.565632853442
37260,8681.68239815723
37261,7708.551682486584
37262,9264.621092778125
37263,9158.728520560971
37264,8533.910044497803
37265,8788.744328423412
37266,8583.971851502894
37267,8170.141123965991
37268,8180.123756973325
37269,8284.407652207983
37270,8682.759958349483
37271,7955.992785486384
37272,8042.751719228069
37273,8064.83389171587
37274,7643.20354944427
37275,7652.606761948895
37276,8088.074581919599
37277,8286.531560164038
37278,7714.742787101463
37279,8785.435724150288
37280,7596.401665521937
37281,8147.039077050617
37282,8660.111684710191
37283,8211.808625953678
37284,8752.886564203298
37285,7761.590872800193
37286,8233.116896836716
37287,8682.232490043429
37288,8798.635872738669
37289,7682.731821639462
37290,8735.477213319093
37291,7715.546383990048
37292,8860.561880232448
37293,8800.133345095539
37294,8069.909943805473
37295,8230.602525912956
37296,8350.826076772368
37297,7651.596098917878
37298,7978.698094423197
37299,8173.7897644881405
37300,8148.560520097429
37301,8163.16851574199
37302,8764.316251172055
37303,8559.148346645936
37304,8698.84502821432
37305,8071.3723163952745
37306,7526.074879732453
37307,8153.303578566785
37308,8642.941706352725
37309,8821.632711709863
37310,7672.793090870583
37311,8681.193427591723
37312,8238.932376295346
37313,8461.329253854154
37314,8087.646732674779
37315,8663.397346954589
37316,8652.746958855896
37317,8343.741116328512
37318,7656.295447040691
37319,8800.377830378293
37320,8275.550173464158
37321,8801.101060714527
37322,7950.4823793114
37323,8136.473192318854
37324,8760.23134819795
37325,7597.689732723455
37326,7740.936979163481
37327,8339.439291945248
37328,8045.519409468234
37329,7596.737355372509
37330,7609.240546165499
37331,8503.471241904574
37332,7760.735174310554
37333,7715.266040905897
37334,8116.063343498716
37335,8520.084872034444
37336,8596.707727504137
37337,8049.215491918979
37338,8796.527187174916
37339,8136.636749807149
37340,8681.80464079861
37341,8237.079808135411
37342,8664.329055837701
37343,8132.70570992635
37344,8592.511762227114
37345,7989.232558428921
37346,9211.155275443696
37347,7712.026610909405
37348,8006.098330180209
37349,8614.057195723259
37350,7702.424996435451
37351,7665.584616266538
37352,8699.769196325025
37353,7593.577504434543
37354,7541.596482885183
37355,8795.732610005964
37356,7595.065512521773
37357,7573.794699633205
37358,7688.077262279921
37359,8555.487771154712
37360,8029.250105944744
37361,7756.709432234125
37362,8664.9290466438
37363,8293.209122387132
37364,8234.837247809213
37365,8148.929887490789
37366,8142.911098186032
37367,8682.110247402052
37368,8068.022280993646
37369,8777.396213799402
37370,8724.09330940298
37371,8340.929535576839
37372,7554.409608751864
37373,8776.413159912372
37374,7531.8068460629875
37375,8597.82177361647
37376,8889.316300885066
37377,8119.376004350177
37378,8161.200956709331
37379,8137.484060250337
37380,8723.380304578775
37381,8201.493722826344
37382,8314.341761077325
37383,8740.723421386278
37384,8786.68665454406
37385,7637.414071703946
37386,8310.93411520636
37387,7696.740713611417
37388,7601.058702400369
37389,7676.137715783365
37390,8624.91602950562
37391,8167.851131120513
37392,8573.887716698357
37393,8666.5182009817
37394,8792.370937368094
37395,8710.402133568747
37396,8030.369061619412
37397,8148.726949622796
37398,8687.771906645943
37399,7994.596362478253
37400,8135.852675563159
37401,8753.436656089494
37402,8733.511105545029
37403,8761.698259894476
37404,8425.258100993758
37405,9266.699217681537
37406,8120.2511231066055
37407,8802.15034867826
37408,8681.193427591723
37409,9174.187101939158
37410,8068.768890826919
37411,8089.492481829715
37412,8052.598450447766
37413,8151.089144272765
37414,8072.849465330774
37415,7968.5150693683745
37416,8627.849517808165
37417,8753.742262692936
37418,8668.809190715938
37419,8299.249907623269
37420,7495.421776164761
37421,8265.526276871238
37422,8114.072693972771
37423,8698.20343321111
37424,7668.697962384451
37425,8796.955036419735
37426,8269.743647998748
37427,8040.217750545235
37428,8595.345674817036
37429,7614.381750313206
37430,8110.756955033611
37431,7420.214652753755
37432,8148.558773282711
37433,8311.963142326485
37434,8150.511289603448
37435,8683.16758832173
37436,8644.225254087185
37437,8236.87060298034
37438,8238.77267568075
37439,9210.971911481629
37440,8114.194936614149
37441,9155.85581848861
37442,8256.281877377674
37443,8622.28836073458
37444,8643.01088062936
37445,8174.699994328066
37446,8168.68697187505
37447,8782.525291981225
37448,8681.743519477921
37449,8695.368461235452
37450,7722.53946163623
37451,8138.911341396306
37452,7518.263476650203
37453,8777.74760345549
37454,8239.86554769408
37455,8734.753982982858
37456,7606.474103099825
37457,7520.507726793781
37458,8254.97301682911
37459,8632.61698082187
37460,8569.350184985127
37461,8782.89713266137
37462,7730.923986312444
37463,8285.083673863579
37464,8088.02557013319
37465,8196.275820531122
37466,7732.502236908462
37467,8352.843080355091
37468,7616.579788664905
37469,7625.189807566239
37470,8149.029039638879
37471,8866.118807659092
37472,8567.001220742186
37473,8225.296771087553
37474,8611.472279154072
37475,7693.76665785997
37476,8797.321764343866
37477,7547.707376298434
37478,8644.467566813855
37479,8130.3519284835165
37480,8748.546950434411
37481,8144.791614604879
37482,8262.470210836811
37483,7552.0336450854975
37484,8635.04465791579
37485,7592.05089445797
37486,8785.525349450978
37487,8172.679715454908
37488,8735.759428698548
37489,8280.373645042539
37490,8767.311195885792
37491,8590.270466187249
37492,8683.957052734666
37493,7603.822928319805
37494,7707.420031901398
37495,7612.719348688732
37496,8631.639039690854
37497,7991.7559162091065
37498,8609.885297372253
37499,8788.092444919897
37500,9177.059804011518
37501,8225.185415756456
37502,7764.566638008685
37503,8847.609273002492
37504,8169.114821119871
37505,8733.215724453616
37506,8568.127758571356
37507,8699.708075004337
37508,8681.865762119298
37509,9212.255459216089
37510,7712.129908579899
37511,8274.627227577454
37512,8712.668735190236
37513,8830.194809362272
37514,8680.704457026215
37515,8237.92918807664
37516,8734.088960214347
37517,8610.49651057914
37518,8327.049883024527
37519,7737.514185204922
37520,8219.341208457809
37521,8340.562807652708
37522,7606.5555826122045
37523,8061.090780534587
37524,8207.559478553598
37525,8679.482030612446
37526,8226.79036273224
37527,8748.312690663686
37528,8681.988004760675
37529,8078.905588834954
37530,7540.33959545922
37531,8137.913733526997
37532,8694.693954151793
37533,8768.082381830756
37534,7607.964011640909
37535,8229.169316573585
37536,8273.899897805568
37537,7605.538825551659
37538,8144.004769205147
37539,8703.317173124891
37540,8271.882894222847
37541,8808.5476363265
37542,7536.962888022147
37543,8105.1834389563755
37544,8539.033625033275
37545,8159.012265935169
37546,8662.484193816257
37547,8721.424422316742
37548,8112.292634900395
37549,8241.433109209109
37550,7586.798150594129
37551,7647.3118319154155
37552,8755.820387596348
37553,8680.826699667592
37554,8005.548238294012
37555,9213.111157705729
37556,8766.982198058362
37557,8194.318796470272
37558,8481.839647117122
37559,8029.784024696038
37560,8620.819004590056
37561,8205.777388020966
37562,8112.426142799876
37563,8256.541442730022
37564,7997.762833722008
37565,8219.389905263419
37566,8063.631521946729
37567,7989.861155267762
37568,8600.68308745204
37569,7997.444382593332
37570,8610.86323850327
37571,7742.948886421792
37572,8275.91690138829
37573,8266.932067247075
37574,7578.271749401452
37575,8219.904717021931
37576,7966.746425168817
37577,8288.421466547818
37578,8086.723564660894
37579,8547.372880025632
37580,8242.483538971657
37581,8752.224455187752
37582,9177.915502501159
37583,8024.059011606214
37584,8175.64311693384
37585,8547.58012394133
37586,8242.032357791772
37587,8187.771568908963
37588,8632.494738180492
37589,8003.193155677219
37590,8645.195846917826
37591,8150.920465299378
37592,8664.329055837701
37593,8804.167352260982
37594,8908.348527498858
37595,8606.645867375762
37596,8179.800326271747
37597,8683.504815377102
37598,8101.493827876816
37599,8714.494321854949
37600,8193.330629827225
37601,9212.866672422975
37602,8122.884452652227
37603,8618.278440951179
37604,7689.718774942105
37605,7707.377532868269
37606,7681.059214142624
37607,8088.685795126485
37608,8559.279784042074
37609,7730.607475967117
37610,8219.4011792506
37611,8037.982546757318
37612,8054.6368566729125
37613,7991.371804653019
37614,8202.402955777512
37615,8271.638408940093
37616,8204.101636710013
37617,8233.75446410038
37618,8722.346354883084
37619,8647.457335783303
37620,8314.958087040224
37621,8212.48797369112
37622,8763.888401927234
37623,8098.56650080544
37624,8775.256967575304
37625,9211.216396764385
37626,7708.935794042671
37627,8261.61451234717
37628,8739.989965538014
37629,8107.61867128779
37630,9157.811700750643
37631,8183.459709194119
37632,8087.646082603474
37633,8270.650645405552
37634,8523.36803971967
37635,7622.5744353018645
37636,8662.728679099011
37637,7622.2815671677445
37638,7720.269018777536
37639,8067.706448878173
37640,8035.464463074808
37641,7982.422620884788
37642,8728.580729593315
37643,7732.524011529023
37644,8285.869451148494
37645,8752.397593637788
37646,8133.49131667048
37647,7791.82163427976
37648,8149.600031744392
37649,9015.068189569982
37650,8623.828710714484
37651,8036.943484305613
37652,8752.957911036014
37653,8058.760392492452
37654,8076.523257325367
37655,8127.8664457100895
37656,8465.179897057533
37657,8165.1902969902185
37658,7645.585396928873
37659,7701.366237590306
37660,7708.314210413699
37661,8855.493923371314
37662,8756.859450048052
37663,9208.4659373334
37664,8167.838371514928
37665,8362.173645994251
37666,7587.872870550969
37667,8843.824086722205
37668,8306.130507678874
37669,8906.738376734771
37670,8350.621716384117
37671,8570.255495682284
37672,8284.658250568307
37673,8275.48943422558
37674,7922.084474694263
37675,8341.064888074052
37676,8917.00164585443
37677,8304.309232582886
37678,7879.9120185063775
37679,8751.863222101745
37680,7786.344547217823
37681,8362.963110407189
37682,8433.343198415541
37683,8856.84510058495
37684,8237.503663430118
37685,8923.72499113017
37686,8237.962405838436
37687,8877.089423444813
37688,7859.272191618897
37689,8964.604929158775
37690,8146.82082447834
37691,8804.764880800747
37692,8452.485394191843
37693,8170.825079408066
37694,8276.284011394531
37695,8349.770795559985
37696,8788.581813999119
37697,7817.935250294166
37698,8435.483441528399
37699,7720.429676856371
37700,8746.931386183607
37701,8434.826445268869
37702,8791.224193389444
37703,8295.989481200591
37704,8211.901237650914
37705,8837.512544068317
37706,8715.739362339096
37707,8310.944202940484
37708,8333.200404900112
37709,8556.141583359245
37710,8393.090808750625
37711,8304.73568183044
37712,8156.839324486071
37713,7800.9435231427515
37714,9424.019607224212
37715,8770.47253587496
37716,8383.12192383362
37717,8907.40559850633
37718,7722.9578307001875
37719,7657.172338677496
37720,8891.218674035896
37721,8803.929375136715
37722,8710.620509669301
37723,8886.359413165414
37724,8255.53272885605
37725,8385.32840102318
37726,8357.273714827139
37727,7915.41328031439
37728,7764.438756423649
37729,8389.05680158518
37730,8846.961725101377
37731,8312.218913433233
37732,7843.982907453545
37733,8732.560123596557
37734,7825.620730839497
37735,8275.9172834704
37736,7661.437376879901
37737,8847.628946872937
37738,8065.417450833233
37739,8240.291923157309
37740,8296.030151497222
37741,8309.155200549236
37742,8058.866942460468
37743,8289.852972745937
37744,8358.139638828809
37745,8887.918122718715
37746,8845.449030352207
37747,8705.751023286792
37748,8330.905370994722
37749,8359.973278449463
37750,8737.69214197831
37751,8408.340720585122
37752,8348.84919808415
37753,8879.422259143008
37754,9013.364404800188
37755,7744.5541079273
37756,8634.422442043266
37757,8450.52951192981
37758,7703.972057956463
37759,7662.367650936021
37760,8234.898692954439
37761,7748.413016219693
37762,8154.655374019865
37763,8800.323217216092
37764,8336.022211163814
37765,7684.033353426986
37766,8221.410547820564
37767,7847.955793298299
37768,7860.11211390226
37769,8240.460733137097
37770,8314.656119411204
37771,8398.958455536724
37772,8298.500568104835
37773,8835.710289338673
37774,8275.672798187647
37775,8316.551334722386
37776,8884.79070985157
37777,7747.496196409365
37778,8813.808405508116
37779,8394.741084409216
37780,7625.308918230312
37781,8836.627109149
37782,7821.752704004163
37783,8865.430589461346
37784,8284.790418460932
37785,8424.853444484608
37786,8761.040486481332
37787,8990.204537015245
37788,8329.928698174457
37789,7717.055894684222
37790,7790.620401013153
37791,8810.224536077127
37792,8328.974543348344
37793,8172.301478417606
37794,7792.59350556548
37795,8389.48465083
37796,8258.183146477506
37797,7712.693355788132
37798,8380.377574047408
37799,8382.577941592195
37800,9334.380193554196
37801,8334.485687722343
37802,7757.744127260983
37803,8268.010610042995
37804,8346.516362385955
37805,8915.229127554463
37806,8203.556024049993
37807,8818.65744086657
37808,8173.227268652756
37809,8370.414798775175
37810,7760.333383211005
37811,7833.964123616637
37812,8444.336065714657
37813,8802.768070043632
37814,8158.048096458238
37815,9335.969347892098
37816,8451.257855022057
37817,8166.688037265041
37818,8342.008722923047
37819,7654.133872902438
37820,8941.256584655752
37821,7734.906913804572
37822,8692.775850689648
37823,8363.630332178747
37824,8249.908783066938
37825,8053.431019019599
37826,8809.316104313251
37827,8293.81657870609
37828,7695.799685072744
37829,8276.467375356597
37830,8276.222890073841
37831,8386.367463474884
37832,8672.920408322298
37833,8484.808347324051
37834,8363.823921652842
37835,8818.606545057908
37836,8198.653749786135
37837,8803.195919288453
37838,8391.13492648859
37839,8243.453493567804
37840,8241.931218673253
37841,8860.47464972956
37842,8309.412839817003
37843,8394.06874988164
37844,8378.910662350883
37845,7884.231432217173
37846,8275.42831290489
37847,9333.585616385244
37848,9332.54655393354
37849,7685.71276670528
37850,8128.834277725201
37851,8183.154393552005
37852,8928.981424709385
37853,8430.665082706033
37854,8590.299576109377
37855,8752.547843936864
37856,8791.224193389444
37857,7756.538439112521
37858,9335.235892043835
37859,8125.41828163538
37860,8660.56864387714
37861,8185.4770037381695
37862,8414.788687414606
37863,8644.189368588215
37864,7681.5735838380315
37865,9070.346650098883
37866,8434.092989420606
37867,8418.61421521681
37868,7735.280345478792
37869,8497.63871191263
37870,8467.205406965752
37871,9354.789601908155
37872,7664.554564235017
37873,8885.1574377757
37874,7992.14902354034
37875,8292.706467154501
37876,8309.238946736348
37877,8969.601539187192
37878,8375.80474898295
37879,8130.422498162621
37880,8858.702131429593
37881,7844.716363301806
37882,7850.645131408595
37883,8390.890441205836
37884,7877.467165678836
37885,8158.884854681653
37886,8276.435771336272
37887,8415.93995717611
37888,8422.052089244964
37889,8171.59839884465
37890,7853.970208046056
37891,8355.878149963331
37892,8284.35597924571
37893,8665.192030129672
37894,8700.285876815398
37895,8980.791853629209
37896,8173.9093399627145
37897,7612.417432321044
37898,8393.70202195751
37899,8431.09770961636
37900,7880.884846881379
37901,7664.0790479153
37902,7794.342420508388
37903,8266.040483258465
37904,9333.157767140425
37905,8407.922838653882
37906,7750.329344353186
37907,8753.914623989362
37908,8332.76917798705
37909,7744.256766412873
37910,8703.535986693758
37911,9300.345843442708
37912,8263.956006943437
37913,8793.668245029694
37914,7799.750929010143
37915,8386.489706116263
37916,7802.536584444271
37917,8722.133013159426
37918,8690.872119323481
37919,9003.462750848645
37920,8266.841718090753
37921,8225.39108051489
37922,8804.785073626354
37923,8343.418845793552
37924,8369.411803028503
37925,8266.145342267886
37926,8887.602290603243
37927,8769.100447856275
37928,8293.509097279397
37929,7702.853323613866
37930,8746.835497599008
37931,8192.29340794883
37932,8887.541169282555
37933,8266.859246632766
37934,7691.912106754028
37935,7709.17312833765
37936,7626.700909254488
37937,8351.11173542478
37938,8423.869985211208
37939,8874.293180961184
37940,8859.736081125282
37941,8180.031413714421
37942,8334.429679157667
37943,8910.278300578691
37944,9335.235892043835
37945,8196.790026918348
37946,7862.328257653324
37947,8885.16766328773
37948,8453.090481322351
37949,8954.637041130529
37950,7721.838395705192
37951,8396.166545547763
37952,8261.663789464183
37953,8256.101894191583
37954,8727.065056505977
37955,8906.066042207196
37956,8365.097243875272
37957,7770.663077404177
37958,9335.174770723148
37959,8341.942488846344
37960,8401.586337235824
37961,8242.967650384808
37962,8391.807261016165
37963,8878.25584129391
37964,8151.760340109256
37965,8392.662959505804
37966,8978.897092687865
37967,8339.304046544708
37968,8472.70632582772
37969,8741.8662128854
37970,8237.754011394845
37971,7790.215341184479
37972,8375.24338310957
37973,8271.4017758471
37974,7810.374697129831
37975,8301.086286677673
37976,7673.921464568406
37977,7867.52356991185
37978,8642.314465381973
37979,8121.413126974181
37980,8885.27968041708
37981,8359.150256589432
37982,9296.984170804837
37983,8209.166616944563
37984,8948.28042377892
37985,8926.409216484451
37986,8675.228773985964
37987,7840.260693753438
37988,8741.17649472587
37989,8367.941356346495
37990,8919.385377361285
37991,8382.388467985356
37992,8928.064604899057
37993,8804.418345702223
37994,8691.096081864822
37995,7688.928481297863
37996,8257.049752075469
37997,8804.798239338314
37998,8909.361480768363
37999,8836.680177513745
38000,8682.071740151738
38001,7761.1075093558975
38002,8800.38433853678
38003,7906.74811952585
38004,8390.156985357575
38005,8274.328129132497
38006,8804.479467022913
38007,8170.336108842557
38008,8892.074372525534
38009,8877.038527636154
38010,8689.510771972184
38011,7641.972252570197
38012,7798.321687419909
38013,8232.708695831738
38014,8473.321978976315
38015,8854.484760302083
38016,9336.458318457606
38017,8276.66969601649
38018,8384.900551778359
38019,8093.516379879253
38020,8379.00044129071
38021,8380.194210085341
38022,8923.954138144882
38023,8989.348838525606
38024,8865.888883490768
38025,8869.153877267332
38026,9337.008410343802
38027,7844.664195974336
38028,8888.401980528208
38029,8805.640772115994
38030,8769.40605445972
38031,8236.014064348812
38032,8358.975289402897
38033,8920.954080675128
38034,8304.082130932087
38035,7811.435326773683
38036,8340.97582170251
38037,8972.851194695713
38038,8308.348412494754
38039,8295.464024715002
38040,7919.3513988952345
38041,8287.787547457701
38042,7814.329092373541
38043,8927.147785088728
38044,8252.804470256913
38045,8659.34621746337
38046,8160.747660080564
38047,8891.402037997961
38048,8335.955049387885
38049,9332.302068650784
38050,8128.589792442446
38051,7677.577872931042
38052,8377.219993808594
38053,8382.205104023291
38054,7818.790948783805
38055,8886.502106830849
38056,8357.345061659857
38057,8392.806699859826
38058,8335.044270032795
38059,8207.683866523406
38060,8771.965801628261
38061,8799.526467491056
38062,8342.214083632854
38063,8213.982930403017
38064,8347.811184107599
38065,7702.841006651173
38066,8161.37435646555
38067,8651.561975616129
38068,8954.881526413283
38069,8253.09792975821
38070,8822.33494561991
38071,8825.991999349193
38072,8912.356425482101
38073,8912.60602352087
38074,8900.621131909902
38075,7834.039311686558
38076,8437.327306661084
38077,8292.57146490754
38078,8148.1421023095
38079,8889.10693239647
38080,8289.833765082141
38081,8814.655808783671
38082,9333.34113110249
38083,7635.574371633002
38084,8309.808012432215
38085,8314.335029629661
38086,8245.44502620282
38087,9003.218265565889
38088,8922.747049999154
38089,9354.850723228843
38090,8887.918122718715
38091,7821.7247721768545
38092,7705.565086394777
38093,8929.653759236959
38094,7846.2323164398895
38095,8804.418345702223
38096,8476.49584771041
38097,8318.217190907162
38098,8929.59263791627
38099,8216.086085787952
38100,8254.755680229113
38101,9336.336075816229
38102,7836.447601376898
38103,7736.239002523998
38104,8221.024153158141
38105,8733.476943406884
38106,7774.263931571977
38107,8376.242052677577
38108,7765.282810189511
38109,8378.727298388818
38110,8189.973271865812
38111,8357.800329868212
38112,8381.523540872447
38113,8206.080018467746
38114,9425.486518920738
38115,8272.096157567386
38116,8805.212922871175
38117,7832.082207200527
38118,9388.151617492069
38119,9282.259045274914
38120,8657.440569211743
38121,8912.274853137355
38122,8707.502376216838
38123,8293.671648679934
38124,8303.654281687268
38125,8407.938176921925
38126,8806.290483063425
38127,8079.523310200326
38128,8166.282243942012
38129,8188.364416429812
38130,7766.734074158213
38131,7776.137286662837
38132,8211.605106633542
38133,8410.06208487798
38134,7838.273311815406
38135,8908.96624886423
38136,7719.932190235879
38137,8270.56960176456
38138,8783.642209424135
38139,8335.33915066762
38140,8876.41708891724
38141,7885.121397514135
38142,8356.64742155066
38143,8805.763014757373
38144,8922.166397452613
38145,7806.262346353405
38146,8859.007738033035
38147,7839.07690870399
38148,8984.09240494639
38149,8923.663869809481
38150,8193.440468519417
38151,8354.1330506269
38152,8474.35660148631
38153,7775.1266236318215
38154,8102.22861913714
38155,8297.320289202084
38156,8272.091044811372
38157,8286.699040455933
38158,8887.846775885997
38159,8682.678871359878
38160,8822.375552928264
38161,8194.902841109219
38162,7649.605404446396
38163,8276.834103280728
38164,8766.47223106667
38165,8945.163236423805
38166,7796.323615584526
38167,8804.723952305667
38168,8362.462901009289
38169,8584.859778568098
38170,8211.177257388721
38171,8786.92787166853
38172,8776.27748356984
38173,8467.271641042455
38174,7779.825971754634
38175,8923.908355092237
38176,8399.0806981781
38177,8924.63158542847
38178,8074.012904025343
38179,8260.003717032796
38180,8883.761872911893
38181,7721.220257437397
38182,7864.467503877423
38183,8462.96981665919
38184,8169.049934182176
38185,7720.267880086452
38186,7732.771070879442
38187,8627.001766618516
38188,7884.265699024496
38189,7838.796565619839
38190,8239.593868212658
38191,8643.615396748388
38192,8720.238252218081
38193,8172.746016632922
38194,8920.057711888858
38195,8260.16727452109
38196,8805.335165512552
38197,8360.610332849354
38198,8787.859580551643
38199,8256.236234640293
38200,8716.042286941058
38201,8112.763083142863
38202,9334.685800157638
38203,7835.557135623347
38204,8129.628854894151
38205,8737.587720437201
38206,7825.9555211493935
38207,7789.115140980482
38208,8823.29972103897
38209,7717.108029148485
38210,7665.127007599125
38211,8919.263134719906
38212,7718.596037235715
38213,7697.325224347147
38214,7811.6077869938645
38215,8679.018295868655
38216,8152.780630658686
38217,7880.239956948068
38218,8788.459571357742
38219,8416.739647101074
38220,8358.367772523157
38221,8272.460412204731
38222,8266.441622899976
38223,8805.640772115994
38224,8191.552805707588
38225,8900.926738513344
38226,8847.623834116923
38227,8464.460060290781
38228,7677.940133465807
38229,8899.943684626314
38230,7655.337370776931
38231,8721.352298330412
38232,9012.846825599008
38233,8242.90652906412
38234,8284.731481423274
38235,8261.01458496428
38236,8846.910829292718
38237,8325.024247540287
38238,8437.872285791267
38239,8864.25394610022
38240,8910.217179258003
38241,7760.944596417889
38242,8434.464639920301
38243,7820.27123832536
38244,7724.589227114311
38245,7799.668240497307
38246,8748.446554219563
38247,8291.381655834455
38248,8697.418241412299
38249,8790.048725695644
38250,8915.901462082038
38251,8833.93265828269
38252,8153.899586333355
38253,8272.25747433674
38254,8811.302431359887
38255,8118.126887192197
38256,8259.383200277101
38257,8876.967180803436
38258,8857.041630258973
38259,8885.228784608418
38260,8548.7886257077
38261,9390.229742395479
38262,8243.781647820548
38263,8925.680873392204
38264,8804.723952305667
38265,9297.7176266531
38266,8192.299415540863
38267,8213.023006543657
38268,8176.128975161709
38269,8274.619668986708
38270,8196.379990044716
38271,8092.045594082317
38272,8751.380042522107
38273,8877.27278740688
38274,8792.33971542988
38275,8422.780432337211
38276,7618.952300878704
38277,8389.05680158518
38278,8237.603218686714
38279,8821.733957925053
38280,7792.228487098393
38281,8920.485561133677
38282,8393.274172712689
38283,8163.748275259177
38284,8718.876199530978
38285,7737.912275027148
38286,8234.287479747552
38287,7543.745177467698
38288,8272.089297996652
38289,8435.493667040428
38290,8274.04181431739
38291,8806.698113035673
38292,8767.755778801129
38293,8360.401127694284
38294,8362.303200394692
38295,9334.502436195573
38296,8237.725461328091
38297,9279.386343202554
38298,8379.812402091617
38299,8745.81888544852
38300,8766.541405343301
38301,8298.230519042008
38302,8292.217496588994
38303,8906.055816695167
38304,8805.274044191863
38305,8818.898985949392
38306,7846.069986350172
38307,8262.44186611025
38308,7641.7940013641455
38309,8901.278128169433
38310,8363.396072408023
38311,8858.2845076968
38312,7730.004627813767
38313,7644.038251507724
38314,8378.503541543054
38315,8756.147505535813
38316,8692.88070969907
38317,8906.427657375312
38318,7854.454511026386
38319,8408.614198577521
38320,8211.556094847132
38321,8319.806345245064
38322,7856.032761622404
38323,8476.373605069033
38324,7740.110313378847
38325,7748.7203322801815
38326,8272.559564352821
38327,8989.649332373034
38328,8690.531745456128
38329,8348.827295801495
38330,8735.002803868014
38331,7817.297182573913
38332,8920.85228905781
38333,7671.237901012376
38334,8767.998091527797
38335,8253.882453197459
38336,8872.077475148353
38337,8268.322139318821
38338,8386.000735550753
38339,7675.56416979944
38340,8758.575182629735
38341,7715.581419171912
38342,8909.05587416492
38343,8296.21024016885
38344,8859.28995341249
38345,8403.904169756483
38346,8890.841720599736
38347,8713.800990901189
38348,8807.48757744861
38349,7727.353453033748
38350,7830.950556615341
38351,7736.249873402674
38352,8755.169564404796
38353,8115.28644092305
38354,8733.415822086197
38355,8911.62296963384
38356,9300.590328725462
38357,8348.7159404704
38358,7888.097162722628
38359,8971.139797716434
38360,8292.645345833815
38361,8856.746249167558
38362,8691.658283285298
38363,8823.23859971828
38364,8805.39628683324
38365,9335.785983930033
38366,7835.660433293842
38367,8398.157752291396
38368,8836.19925990418
38369,8953.725334076214
38370,8804.23498174016
38371,8361.459712790584
38372,8857.619484928291
38373,8734.027035293082
38374,8450.58040773847
38375,7861.044709918864
38376,8342.871733171749
38377,8464.09333236665
38378,7730.086107326147
38379,8184.62130524853
38380,8331.09000326754
38381,8803.012555326386
38382,8350.320887446182
38383,8871.843215377628
38384,8805.518529474617
38385,8202.436113548898
38386,7663.870120173163
38387,8261.44425824094
38388,8818.224478865735
38389,8891.612906544698
38390,7731.494536354851
38391,8352.699841287527
38392,8397.43042251951
38393,7729.069350265602
38394,8267.535293919089
38395,8826.847697838833
38396,8395.413418936789
38397,8932.078161040443
38398,7660.49341273609
38399,8228.713963670318
38400,8662.564149747217
38401,8282.542790649111
38402,8786.014718530201
38403,8844.954947030685
38404,8235.823159614338
38405,8364.963633923051
38406,7710.328675308071
38407,7770.842356629358
38408,8879.35091231029
38409,8804.357224381536
38410,8129.078763007955
38411,9336.641682419671
38412,8890.512722772306
38413,8317.849321184214
38414,8605.370171831066
38415,8153.31454940998
38416,8744.349529303996
38417,8329.307912734908
38418,8235.95666751382
38419,8380.071967443964
38420,8121.293358435951
38421,8342.920429977361
38422,8187.162046660672
38423,8113.391679981705
38424,8724.213612165982
38425,8120.974907307275
38426,8734.393763217213
38427,7866.479411135734
38428,8399.447426102233
38429,8390.462591961017
38430,7701.802274115395
38431,8343.435241735875
38432,8090.27694988276
38433,8411.95199126176
38434,8210.254089374837
38435,8670.903404739576
38436,8366.014063685601
38437,8875.754979901694
38438,9301.446027215101
38439,8147.589536320157
38440,8299.173641647783
38441,8671.110648655273
38442,8365.562882505714
38443,8311.302093622906
38444,8756.025262894436
38445,8126.723680391162
38446,8768.726371631768
38447,8274.45099001332
38448,8787.859580551643
38449,8927.697876974926
38450,9031.8790522128
38451,8730.176392089703
38452,8303.330850985689
38453,8807.035340091043
38454,8225.024352590757
38455,8838.024846568893
38456,8316.86115454117
38457,9336.397197136917
38458,8246.41497736617
38459,8741.808965665121
38460,7813.249299656047
38461,7830.908057582211
38462,7804.589738856566
38463,8212.216319840427
38464,8682.810308756016
38465,7854.13800068106
38466,8342.931703964543
38467,8161.51307147126
38468,8178.167381386855
38469,8114.9023293669625
38470,8325.933480491454
38471,8395.168933654035
38472,8327.632161423955
38473,8357.284988814321
38474,8845.876879597026
38475,8770.987860497244
38476,8438.488611754166
38477,8336.018498405063
38478,8887.418926641178
38479,8222.097025519382
38480,8898.787492289246
38481,9334.746921478327
38482,7832.466318756613
38483,8385.145037061113
38484,8863.520490251958
38485,8231.149196001734
38486,9281.342225464585
38487,8306.990233908062
38488,8211.176607317417
38489,8394.181170119497
38490,8646.898564433614
38491,7746.104960015807
38492,8786.259203812955
38493,7745.812091881688
38494,7843.799543491479
38495,8191.236973592117
38496,8158.994987788751
38497,8105.95314559873
38498,8852.111254307258
38499,7856.054536242965
38500,8409.399975862436
38501,8875.92811835173
38502,8257.021841384423
38503,7915.352158993702
38504,8273.130556458334
38505,9138.598714283924
38506,8747.359235428426
38507,8160.4740090195555
38508,8876.488435749958
38509,8182.290917206395
38510,8200.05378203931
38511,8251.396970424032
38512,8588.710421771473
38513,8288.720821704163
38514,7769.115921642815
38515,7824.896762304249
38516,7831.844735127641
38517,8979.024448085256
38518,8880.389974761994
38519,9331.996462047344
38520,8291.36889622887
38521,8485.704170708195
38522,7711.403395264912
38523,8967.354611436147
38524,8429.661032392818
38525,9030.268901448713
38526,8474.15224109806
38527,8693.786020396226
38528,8408.18877528225
38529,8399.019958939523
38530,8045.614999408206
38531,8464.595412787994
38532,9040.532170568375
38533,8427.839757296828
38534,8003.442543220321
38535,8875.393746815687
38536,7909.875071931766
38537,8486.49363512113
38538,8556.873723129485
38539,8980.375625298891
38540,8361.03418814406
38541,9047.255515844114
38542,8361.49293055238
38543,9000.619948158757
38544,7982.802716332841
38545,9088.135453872717
38546,8270.351349192282
38547,8928.29540551469
38548,8576.015918905785
38549,8294.355604122009
38550,8399.814536108473
38551,8473.301320273928
38552,8912.112338713061
38553,7941.465775008108
38554,8559.013966242343
38555,7843.960201570314
38556,8870.46191089755
38557,8558.356969982811
38558,8914.754718103386
38559,8419.520005914534
38560,8335.431762364859
38561,8961.043068782259
38562,8839.269887053038
38563,8434.474727654428
38564,8456.730929614054
38565,8679.672108073188
38566,8516.621333464567
38567,8428.266206544384
38568,8280.369849200013
38569,7924.474047856695
38570,9547.550131938155
38571,8894.003060588902
38572,8506.652448547562
38573,9030.936123220274
38574,7846.488355414131
38575,7780.702863391439
38576,9014.749198749838
38577,8927.459899850659
38578,8834.151034383245
38579,9009.889937879358
38580,8379.063253569993
38581,8508.858925737122
38582,8480.804239541083
38583,8038.943805028333
38584,7887.969281137592
38585,8512.587326299123
38586,8970.492249815321
38587,8435.749438147177
38588,7967.513432167487
38589,8856.0906483105
38590,7949.151255553439
38591,8399.447808184343
38592,7784.967901593844
38593,8971.159471586881
38594,8188.947975547176
38595,8363.822447871251
38596,8419.560676211164
38597,8432.685725263178
38598,8182.397467174411
38599,8413.38349745988
38600,8481.67016354275
38601,9011.448647432657
38602,8968.979555066151
38603,8829.281548000734
38604,8454.435895708666
38605,8483.503803163407
38606,8861.222666692254
38607,8531.871245299064
38608,8472.379722798092
38609,9002.95278385695
38610,9136.89492951413
38611,7868.084632641243
38612,8757.952966757208
38613,8574.060036643752
38614,7827.502582670406
38615,7785.898175649964
38616,8358.429217668381
38617,7871.9435409336365
38618,8278.18589873381
38619,8923.853741930034
38620,8459.552735877756
38621,7807.563878140929
38622,8344.941072534508
38623,7971.486318012243
38624,7983.642638616202
38625,8363.99125785104
38626,8438.186644125148
38627,8522.488980250668
38628,8422.03109281878
38629,8959.240814052615
38630,8399.203322901589
38631,8440.08185943633
38632,9008.321234565512
38633,7871.026721123309
38634,8937.33893022206
38635,8518.271609123158
38636,7748.839442944254
38637,8960.157633862942
38638,7945.283228718106
38639,8988.961114175288
38640,8408.320943174876
38641,8548.38396919855
38642,8884.571011195276
38643,9113.735061729189
38644,8453.4592228884
38645,7840.586419398165
38646,7914.1509257270955
38647,8933.75506079107
38648,8452.505068062288
38649,8295.832003131549
38650,7916.124030279423
38651,8513.015175543944
38652,8381.713671191448
38653,7836.223880502075
38654,8503.90809876135
38655,8506.108466306137
38656,9457.91071826814
38657,8458.016212436285
38658,7881.274651974925
38659,8391.541134756939
38660,8470.0468870999
38661,9038.759652268407
38662,8327.086548763935
38663,8942.187965580513
38664,8296.757793366698
38665,8493.945323489119
38666,7883.863907924948
38667,7957.494648330581
38668,8567.8665904286
38669,8926.298594757576
38670,8281.578621172182
38671,9459.49987260604
38672,8574.788379736001
38673,8290.218561978985
38674,8465.53924763699
38675,7777.664397616381
38676,9064.787109369696
38677,7858.437438518515
38678,8816.30637540359
38679,8487.160856892691
38680,8373.439307780882
38681,8176.961543733542
38682,8932.846629027194
38683,8417.347103420034
38684,7819.330209786687
38685,8399.997900070539
38686,8399.753414787785
38687,8509.897988188828
38688,8796.450933036242
38689,8608.338872037995
38690,8487.354446366786
38691,8942.137069771852
38692,8322.184274500078
38693,8926.726444002396
38694,8514.665451202534
38695,8366.984018281748
38696,8365.461743387195
38697,8984.005174443502
38698,8432.943364530945
38699,8517.599274595585
38700,8502.441187064825
38701,8007.761956931117
38702,8398.958837618833
38703,9457.116141099188
38704,9456.077078647482
38705,7809.243291419223
38706,8252.364802439144
38707,8306.684918265948
38708,9052.511949423328
38709,8554.195607419977
38710,8713.83010082332
38711,8876.078368650808
38712,8914.754718103386
38713,7880.068963826464
38714,9458.766416757779
38715,8248.948806349323
38716,8784.099168591085
38717,8309.007528452112
38718,8538.31921212855
38719,8767.719893302157
38720,7805.104108551975
38721,9193.877174812826
38722,8557.62351413455
38723,8542.144739930754
38724,7858.810870192734
38725,8621.169236626574
38726,8590.735931679694
38727,9478.320126622097
38728,7788.085088948959
38729,9008.687962489645
38730,8115.679548254282
38731,8416.236991868445
38732,8432.769471450292
38733,9093.132063901136
38734,8499.335273696892
38735,8253.953022876565
38736,8982.232656143535
38737,7968.24688801575
38738,7974.175656122538
38739,8514.42096591978
38740,8000.997690392779
38741,8282.415379395596
38742,8399.966296050216
38743,8539.470481890054
38744,8545.582613958906
38745,8295.128923558594
38746,7977.500732759998
38747,8479.408674677274
38748,8407.886503959653
38749,8788.722554843614
38750,8823.81640152934
38751,9104.322378343153
38752,8297.439864676657
38753,7735.947957034987
38754,8517.232546671454
38755,8554.628234330303
38756,8004.415371595323
38757,7787.609572629243
38758,7917.8729452223315
38759,8389.571007972407
38760,9456.688291854367
38761,8531.453363367826
38762,7873.859869067128
38763,8877.445148703304
38764,8456.299702700991
38765,7867.787291126816
38766,8827.0665114077
38767,9423.87636815665
38768,8387.48653165738
38769,8917.198769743638
38770,7923.2814537240865
38771,8510.020230830205
38772,7926.067109158214
38773,8845.66353787337
38774,8814.402644037425
38775,9126.993275562587
38776,8390.372242804697
38777,8348.921605228832
38778,8928.315598340298
38779,8466.949370507496
38780,8492.942327742447
38781,8389.675866981828
38782,9011.132815317185
38783,8892.63097257022
38784,8417.03962199334
38785,7826.383848327809
38786,8870.366022312952
38787,8315.823932662774
38788,9011.071693996497
38789,8390.389771346709
38790,7815.442631467971
38791,7832.703653051593
38792,7750.231433968431
38793,8474.642260138724
38794,8547.40050992515
38795,8997.823705675128
38796,8983.266605839226
38797,8303.561938428364
38798,8457.960203871611
38799,9033.808825292635
38800,9458.766416757779
38801,8320.32055163229
38802,7985.858782367268
38803,9008.698188001672
38804,8576.621006036294
38805,9078.167565844471
38806,7845.368920419134
38807,8519.697070261707
38808,8385.194314178125
38809,8379.632418905527
38810,8850.59558121992
38811,9029.59656692114
38812,8488.627768589216
38813,7894.19360211812
38814,9458.70529543709
38815,8465.473013560288
38816,8525.116861949768
38817,8366.49817509875
38818,8515.337785730107
38819,9001.786366007855
38820,8275.290864823199
38821,8516.193484219748
38822,9102.427617401809
38823,8462.834571258652
38824,8596.236850541663
38825,8865.396737599342
38826,8361.284536108788
38827,7913.7458658984215
38828,8498.773907823514
38829,8394.932300561044
38830,7933.905221843774
38831,8424.616811391617
38832,7797.451989282349
38833,7991.054094625793
38834,8765.844990095915
38835,8244.943651688125
38836,9008.810205131022
38837,8482.680781303376
38838,9420.514695518781
38839,8332.697141658507
38840,9071.810948492863
38841,9049.939741198395
38842,8798.759298699908
38843,7963.791218467381
38844,8864.707019439813
38845,8491.471881060439
38846,9042.915902075227
38847,8505.918992699299
38848,9051.595129613
38849,8927.948870416167
38850,8814.626606578764
38851,7812.459006011806
38852,8380.580276789413
38853,8928.328764052258
38854,9032.892005482307
38855,8960.210702227687
38856,8805.602264865682
38857,7884.638034069841
38858,8923.914863250724
38859,8030.278644239794
38860,8513.687510071517
38861,8397.85865384644
38862,8928.009991736855
38863,8293.8666335565
38864,9015.604897239478
38865,9000.569052350096
38866,8813.041296686126
38867,7765.50277728414
38868,7921.852212133852
38869,8356.239220545682
38870,8596.852503690257
38871,8978.015285016027
38872,9459.988843171548
38873,8400.200220730434
38874,8508.431076492303
38875,8217.046904593197
38876,8502.530966004653
38877,8503.724734799285
38878,9047.484662858824
38879,9112.879363239548
38880,8989.41940820471
38881,8992.684401981274
38882,9460.538935057746
38883,7968.19472068828
38884,9011.932505242152
38885,8929.171296829936
38886,8892.936579173662
38887,8359.544589062756
38888,8482.50581411684
38889,9044.484605389072
38890,8427.61265564603
38891,7934.965851487626
38892,8464.506346416452
38893,9096.381719409657
38894,8431.878937208698
38895,8418.994549428946
38896,8042.881923609178
38897,8411.318072171645
38898,7937.859617087484
38899,9050.678309802672
38900,8376.334994970857
38901,8782.876742177312
38902,8284.278184794506
38903,9014.932562711903
38904,8459.485574101827
38905,9455.832593364728
38906,8252.12031715639
38907,7801.108397644985
38908,8500.750518522536
38909,8505.735628737235
38910,7942.321473497748
38911,9010.032631544793
38912,8480.8755863738
38913,8516.33722457377
38914,8458.574794746739
38915,8331.214391237349
38916,8895.496326342203
38917,8923.056992204998
38918,8465.744608346797
38919,8337.51345511696
38920,8471.341708821541
38921,7826.371531365116
38922,8284.904881179493
38923,8775.09250033007
38924,9078.412051127227
38925,8376.628454472155
38926,8945.865470333854
38927,8949.522524063137
38928,9035.886950196045
38929,9036.136548234814
38930,9024.151656623846
38931,7957.569836400502
38932,8560.857831375028
38933,8416.101989621482
38934,8271.672627023443
38935,9012.637457110412
38936,8413.364289796084
38937,8938.186333497615
38938,9456.871655816434
38939,7759.104896346946
38940,8433.338537146159
38941,8437.865554343603
38942,8368.975550916763
38943,9126.748790279833
38944,9046.277574713096
38945,9478.381247942787
38946,9011.448647432657
38947,7945.255296890798
38948,7829.09561110872
38949,9053.1842839509
38950,7969.762841153832
38951,8927.948870416167
38952,8600.026372424352
38953,8441.747715621106
38954,9053.123162630214
38955,8339.616610501897
38956,8378.286204943055
38957,9459.866600530171
38958,7959.978126090841
38959,7859.769527237941
38960,8344.554677872084
38961,8857.007468120828
38962,7897.794456285919
38963,8499.772577391519
38964,7888.813334903454
38965,8502.25782310276
38966,8313.503796579756
38967,8481.330854582155
38968,8505.05406558639
38969,8329.61054318169
38970,9549.017043634682
38971,8395.626682281329
38972,8928.743447585119
38973,7955.612731914469
38974,9511.682142206013
38975,9405.789569988858
38976,8780.971093925687
38977,9035.805377851299
38978,8831.03290093078
38979,8417.202173393876
38980,8427.184806401212
38981,8531.46870163587
38982,8929.82100777737
38983,8203.05383491427
38984,8289.812768655956
38985,8311.894941143755
38986,7890.264598872156
38987,7899.66781137678
38988,8335.135631347484
38989,8533.592609591924
38990,7961.803836529349
38991,9032.496773578172
38992,7843.462714949821
38993,8394.100126478503
38994,8907.172734138077
38995,8458.869675381564
38996,8999.947613631182
38997,8008.651922228079
38998,8480.177946264603
38999,8929.293539471315
39000,9045.696922166557
39001,7929.792871067348
39002,8982.538262746977
39003,7962.607433417933
39004,9107.622929660334
39005,9047.194394523425
39006,8316.970993233359
39007,8477.663575340843
39008,8597.887126200254
39009,7898.657148345765
39010,8225.759143851083
39011,8420.850813916026
39012,8395.621569525314
39013,8410.229565169875
39014,9011.37730059994
39015,8806.20939607382
39016,8945.906077642207
39017,8318.43336582316
39018,7773.1359291603385
39019,8400.36462799467
39020,8890.002755780612
39021,9068.693761137749
39022,7919.854140298468
39023,8928.25447701961
39024,8485.99342572323
39025,8708.39030328204
39026,8334.707782102665
39027,8910.458396382473
39028,8899.808008283782
39029,8590.802165756399
39030,7903.3564964685775
39031,9047.43887980618
39032,8522.611222892045
39033,9048.162110142413
39034,8197.543428739285
39035,8383.53424174674
39036,9007.292397625837
39037,7844.75078215134
39038,7987.998028591366
39039,8586.500341373134
39040,8292.580458896118
39041,7843.798404800395
39042,7856.301595593384
39043,8750.53229133246
39044,8007.796223738439
39045,7962.327090333783
39046,8363.124392926602
39047,8767.14592146233
39048,8843.768776932026
39049,8296.276541346866
39050,9043.588236602802
39051,8383.697799235035
39052,8928.865690226496
39053,8484.140857563296
39054,8911.390105265586
39055,8379.766759354236
39056,8839.572811655
39057,8236.293607856805
39058,9458.21632487158
39059,7959.087660337291
39060,8253.159379608094
39061,8861.118245151145
39062,7949.4860458633375
39063,7912.645665694425
39064,8946.830245752912
39065,7840.638553862427
39066,7788.657532313068
39067,9042.79365943385
39068,7842.126561949657
39069,7820.85574906109
39070,7935.138311707808
39071,8802.548820582597
39072,8276.31115537263
39073,8003.770481662012
39074,8911.990096071684
39075,8540.270171815018
39076,8481.8982972371
39077,8395.990936918675
39078,8389.972147613918
39079,8929.171296829936
39080,8315.08333042153
39081,9024.457263227288
39082,8971.154358830867
39083,8587.990585004725
39084,7801.470658179749
39085,9023.474209340256
39086,7778.867895490874
39087,8844.882823044356
39088,9136.377350312952
39089,8366.437053778063
39090,8408.262006137218
39091,8384.545109678224
39092,8970.44135400666
39093,8448.554772254229
39094,8561.40281050521
39095,8987.784470814164
39096,9033.747703971945
39097,7884.475121131833
39098,8557.995164634245
39099,7943.801763039302
39100,7848.119751828254
39101,7923.19876521125
39102,8871.977078933505
39103,8414.9121805484
39104,8820.948766126243
39105,8913.579250409588
39106,9039.43198679598
39107,8957.463182996633
39108,8277.430111047299
39109,8395.787999050683
39110,8934.83295607383
39111,8241.657411906139
39112,8382.913724991045
39113,9000.49770551738
39114,8980.572154972915
39115,9008.759309322362
39116,8672.319150421645
39117,9513.760267109421
39118,8367.312172534492
39119,9049.211398106147
39120,8928.25447701961
39121,9421.248151367043
39122,8315.829940254805
39123,8336.5535312576
39124,8299.659499875652
39125,8398.15019370065
39126,8319.91051475866
39127,8215.57611879626
39128,8874.91056723605
39129,9000.803312120823
39130,8915.870240143822
39131,8546.310957051155
39132,7742.482825592646
39133,8512.587326299123
39134,8361.133743400656
39135,8945.264482638997
39136,7915.759011812336
39137,9044.016085847621
39138,8516.804697426633
39139,8287.27879997312
39140,8842.40672424492
39141,7861.442799741091
39142,8357.818004461496
39143,7667.2757021816415
39144,8395.619822710596
39145,8559.024191754372
39146,8397.572339031332
39147,8930.228637749617
39148,8891.286303515071
39149,8483.931652408228
39150,8485.833725108634
39151,9458.032960909517
39152,8361.255986042033
39153,9402.916867916496
39154,8503.342926805559
39155,8869.349410162464
39156,8890.071930057245
39157,8421.761043755952
39158,8415.748021302938
39159,9029.58634140911
39160,8928.804568905805
39161,8942.429510663336
39162,7969.600511064115
39163,8385.972390824192
39164,7765.324526078089
39165,9024.808652883376
39166,8486.926597121965
39167,8981.815032410745
39168,7853.535152527709
39169,7767.568776221668
39170,8502.034066256996
39171,8879.678030249757
39172,8816.411234413012
39173,9029.958182089256
39174,7977.98503574033
39175,8532.144723291465
39176,8335.086619561076
39177,8443.336869959006
39178,7979.563286336348
39179,8599.904129782975
39180,7863.640838092791
39181,7872.250856994124
39182,8396.090089066765
39183,9113.179857086976
39184,8814.06227017007
39185,8472.357820515439
39186,8858.533328581958
39187,7940.827707287855
39188,9044.382813771752
39189,7794.768425726319
39190,8891.52861624174
39191,8377.412977911403
39192,8995.607999862297
39193,8391.852664032765
39194,8509.531260264695
39195,7799.094694513383
39196,8882.105707343677
39197,7839.111943885855
39198,9032.586398878864
39199,8419.740764882794
39200,8982.820478126432
39201,8527.434694470425
39202,9014.37224531368
39203,8837.331515615133
39204,8931.018102162552
39205,7850.8839777476915
39206,7954.481081329284
39207,7859.780398116617
39208,8878.700089118738
39209,8238.816965636994
39210,8856.94634680014
39211,9035.153494347782
39212,9424.120853439405
39213,8472.246465184342
39214,8011.62768743657
39215,9094.670322430378
39216,8416.175870547757
39217,8980.276773881502
39218,8815.188807999242
39219,8946.769124432223
39220,8928.926811547182
39221,9459.316508643977
39222,7959.1909580077845
39223,8521.68827700534
39224,8959.729784618125
39225,9077.255858790159
39226,8927.765506454101
39227,8484.990237504528
39228,8981.150009642233
39229,8857.557560007026
39230,8574.110932452411
39231,7984.575234632808
39232,8466.402257885693
39233,8587.623857080594
39234,7853.61663204009
39235,8308.151829962473
39236,8454.620527981482
39237,8926.54308004033
39238,8473.851412160126
39239,8995.37374009157
39240,8929.04905418856
39241,8325.96663826284
39242,7787.400644887106
39243,8384.974782954883
39244,8941.755003579678
39245,9015.143431258643
39246,7855.0250610687945
39247,8476.23036600147
39248,8520.960947233454
39249,7852.599874979545
39250,8391.065818633033
39251,8950.378222552776
39252,8518.943943650731
39253,9055.608685754385
39254,7784.023937450033
39255,8352.244488384262
39256,8786.094674461161
39257,8406.073315363054
39258,8909.545243244143
39259,8968.485471744627
39260,8359.353684328282
39261,8488.494158636993
39262,7833.859200022014
39263,7894.372881343301
39264,9002.881437024233
39265,8927.887749095478
39266,8252.609287721898
39267,9460.172207133615
39268,9014.043247486248
39269,8441.379845898158
39270,8728.900696545008
39271,8276.845074123923
39272,8867.88005401794
39273,8452.838437448852
39274,8359.487192227762
39275,8503.602492157908
39276,8244.823883149893
39277,8466.450954691303
39278,8310.692571374615
39279,8236.92220469565
39280,8847.744136879926
39281,8244.505432021218
39282,8857.924287931157
39283,7990.009935849677
39284,8522.977950816176
39285,8513.99311667496
39286,7825.332798829339
39287,8466.965766449817
39288,8213.807474596702
39289,8535.482515975702
39290,8333.78461408878
39291,8794.43392945352
39292,8489.544588399543
39293,8999.285504615638
39294,9424.976551929045
39295,8271.1200610341
39296,8422.704166361726
39297,8794.641173369215
39298,8489.093407219658
39299,8434.832618336848
39300,8879.555787608379
39301,8250.254205105104
39302,8892.256896345712
39303,8397.981514727264
39304,8911.390105265586
39305,9051.228401688868
39306,9155.409576926744
39307,8853.706916803647
39308,8426.861375699631
39309,8930.565864804987
39310,8348.554877304701
39311,8961.555371282835
39312,8440.391679255112
39313,9459.927721850861
39314,8369.945502080112
39315,8865.339490379065
39316,7936.77982436999
39317,7954.438582296154
39318,7928.120263570509
39319,8335.74684455437
39320,8806.340833469958
39321,7977.668525395003
39322,8466.462228678487
39323,8285.043596185204
39324,8301.697906100799
39325,8238.432854080906
39326,8449.464005205398
39327,8518.699458367977
39328,8451.162686137897
39329,8480.815513528265
39330,8969.40740431097
39331,8894.518385211188
39332,8562.01913646811
39333,8459.549023119007
39334,9010.94945135512
39335,8345.627550233326
39336,9022.318017003188
39337,9458.27744619227
39338,7955.996843470556
39339,8508.675561775057
39340,8987.051014965902
39341,8354.679720715676
39342,9404.872750178529
39343,8430.520758622004
39344,8334.707132031359
39345,8517.711694833439
39346,8770.429089147556
39347,7869.63548472975
39348,8909.789728526897
39349,7869.34261659563
39350,7967.330068205421
39351,8314.767498306059
39352,8282.525512502694
39353,8229.483670312673
39354,8975.641779021202
39355,7979.585060956908
39356,8532.930500576378
39357,8999.458643065675
39358,8380.552366098367
39359,8038.882683707645
39360,8396.661081172279
39361,9262.129238997866
39362,8870.88976014237
39363,8284.0045337335
39364,9000.0189604639
39365,8305.821441920338
39366,8323.584306753251
39367,8374.927495137974
39368,8712.240946485417
39369,8412.251346418105
39370,7892.646446356758
39371,7948.427287018192
39372,7955.375259841584
39373,9102.5549727992
39374,9003.920499475938
39375,9455.526986761286
39376,8414.899420942813
39377,136.01224366126826
39378,0.0
39379,617.6626843892218
39380,79.96910534589097
39381,680.5769744017871
39382,124.46031405113445
39383,344.09409334930115
39384,58.49684823532425
39385,49.32803189259721
39386,0.0
39387,114.90348574106793
39388,690.8402435214475
39389,78.14783024990265
39390,0.0
39391,525.701819768763
39392,0.0
39393,136.80170807420473
39394,207.18179608255923
39395,630.6836982519653
39396,11.342261097133814
39397,697.5635887971866
39398,11.801003505453082
39399,650.9280211118303
39400,0.0
39401,738.4435268257921
39402,0.0
39403,578.6034784677631
39404,226.3239918588597
39405,0.0
39406,50.122609061548246
39407,123.60939322700233
39408,562.4204116661349
39409,0.0
39410,209.32203919541644
39411,0.0
39412,520.7699838506251
39413,208.66504293588514
39414,565.0627910564608
39415,69.82807886760747
39416,0.0
39417,611.3511417353338
39418,489.57796000611324
39419,84.78280060750058
39420,107.03900256712859
39421,329.9801810262634
39422,166.92940641764108
39423,78.57427949745852
39424,0.0
39425,0.0
39426,1197.8582048912303
39427,544.3111335419762
39428,156.96052150063588
39429,681.2441961733466
39430,0.0
39431,0.0
39432,665.0572717029127
39433,577.7679728037319
39434,484.4591073363181
39435,660.1980108324315
39436,29.371326523066273
39437,159.16699869019612
39438,131.11231249415596
39439,0.0
39440,0.0
39441,162.89539925219742
39442,620.8003227683948
39443,86.05751110024994
39444,0.0
39445,506.39872126357477
39446,0.0
39447,49.75588113741651
39448,0.0
39449,621.4675445399535
39450,0.0
39451,14.130520824325686
39452,69.86874916423858
39453,82.9937982162528
39454,0.0
39455,63.691570412954206
39456,131.9782364958246
39457,661.7567203857316
39458,619.2876280192249
39459,479.58962095380866
39460,104.74396866174084
39461,133.81187611648147
39462,511.53073964532723
39463,182.17931825213873
39464,122.68779575116696
39465,653.260856810025
39466,787.2030024672049
39467,0.0
39468,6057.265646622506
39469,224.3681095968259
39470,0.0
39471,0.0
39472,8.73729062145685
39473,0.0
39474,0.0
39475,574.1618148831076
39476,109.86080883083014
39477,0.0
39478,0.0
39479,0.0
39480,0.0
39481,14.299330804113197
39482,88.49471707822158
39483,172.7970532037407
39484,72.3391657718521
39485,609.5488870056888
39486,49.511395854662624
39487,90.38993238940384
39488,658.6293075185868
39489,0.0
39490,587.6470031751332
39491,168.57968207623162
39492,0.0
39493,610.4657068160168
39494,0.0
39495,639.2691871283623
39496,58.62901612795031
39497,198.69204215162426
39498,534.8790841483496
39499,764.0431346822616
39500,103.76729584147506
39501,0.0
39502,0.0
39503,584.0631337441446
39504,102.81314101536191
39505,0.0
39506,0.0
39507,163.32324849701672
39508,32.02174414452111
39509,0.0
39510,154.2161717144245
39511,156.41653925921128
39512,1108.218791221212
39513,108.32428538935983
39514,0.0
39515,41.849207710012706
39516,120.35496005297318
39517,689.06772522148
39518,0.0
39519,592.4960385335853
39520,0.0
39521,144.25339644219184
39522,0.0
39523,0.0
39524,218.1746633816747
39525,576.6066677106492
39526,0.0
39527,1109.8079455591142
39528,225.09645268907389
39529,0.0
39530,115.84732059006456
39531,0.0
39532,715.0951823227697
39533,0.0
39534,466.614448356665
39535,137.46892984576425
39536,5672.75198764618
39537,0.0
39538,583.1547019802683
39539,67.65517637310677
39540,0.0
39541,50.30597302361366
39542,50.061487740859775
39543,160.20606114190105
39544,446.7590059893155
39545,258.6469449910692
39546,137.6625193198597
39547,592.4451427249269
39548,0.0
39549,577.0345169554694
39550,164.97352415560727
39551,17.292091234821783
39552,15.769816340270154
39553,634.313247396577
39554,83.25143748402115
39555,167.90734754865753
39556,152.74926001789936
39557,0.0
39558,49.26691057190874
39559,1107.424214052261
39560,1106.3851516005561
39561,0.0
39562,0.0
39563,0.0
39564,702.8200223764015
39565,204.50368037305088
39566,364.13817377639316
39567,526.3864416038814
39568,565.0627910564608
39569,0.0
39570,1109.0744897108516
39571,0.0
39572,434.40724154415784
39573,0.0
39574,188.6272850816249
39575,418.02796625523115
39576,0.0
39577,6493.189854678123
39578,5856.936193999848
39579,192.4528128838274
39580,0.0
39581,271.4773095796472
39582,241.04400463276943
39583,1128.6281995751706
39584,0.0
39585,658.9960354427176
39586,5414.992228119581
39587,66.54506482151828
39588,83.07754440336612
39589,743.4401368542094
39590,149.6433466499666
39591,0.0
39592,632.5407290966095
39593,0.0
39594,0.0
39595,164.72903887285338
39596,0.0
39597,0.0
39598,50.274369003288484
39599,189.77855484312659
39600,195.89068691198008
39601,0.0
39602,0.0
39603,129.71674763034935
39604,58.194576912726916
39605,6088.035234708914
39606,474.1244744824153
39607,754.630451296226
39608,0.0
39609,0.0
39610,167.5406196245258
39611,204.93630728337757
39612,0.0
39613,0.0
39614,0.0
39615,5688.883687837706
39616,1106.9963648074418
39617,181.7614363208986
39618,0.0
39619,527.7532216563786
39620,106.60777565406624
39621,0.0
39622,477.37458436077395
39623,1074.1844411097245
39624,37.79460461045346
39625,567.5068426967109
39626,0.0
39627,160.328303783278
39628,0.0
39629,495.9716108264429
39630,464.71071699049935
39631,777.3013485156607
39632,40.68031575776968
39633,5648.234285094131
39634,578.6236712933714
39635,117.25744346057036
39636,143.25040069552142
39637,39.98393993490208
39638,661.4408882702592
39639,542.9390455232933
39640,67.34769494641387
39641,0.0
39642,520.6740952660248
39643,0.0
39644,661.3797669495707
39645,40.697844299783355
39646,0.0
39647,0.0
39648,0.0
39649,124.95033309179598
39650,5846.713189790448
39651,648.1317786282007
39652,633.5746787922999
39653,0.0
39654,108.26827682468502
39655,684.1168982457084
39656,1109.0744897108516
39657,0.0
39658,0.0
39659,659.0062609547476
39660,226.92907898936846
39661,728.4756387975458
39662,0.0
39663,170.00514321478113
39664,35.50238713119961
39665,29.94049185859967
39666,500.9036541729947
39667,679.904639874213
39668,138.93584154228938
39669,0.0
39670,1109.0133683901631
39671,115.78108651336152
39672,175.42493490284141
39673,16.806248051824696
39674,165.64585868318136
39675,652.0944389609276
39676,0.0
39677,166.50155717282087
39678,752.7356903548816
39679,113.14264421172538
39680,246.5449234947382
39681,515.7048105524163
39682,11.592609061862277
39683,0.0
39684,149.08198077658653
39685,45.24037351411698
39686,0.0
39687,74.92488434469033
39688,0.0
39689,0.0
39690,416.15306304898877
39691,0.0
39692,659.1182780840945
39693,132.98885425644949
39694,1070.822768471855
39695,0.0
39696,722.1190214459375
39697,700.2478141514684
39698,449.0673716529809
39699,0.0
39700,515.0150923928868
39701,141.779954013512
39702,693.2239750283006
39703,156.2270656523733
39704,701.9032025660736
39705,578.2569433692397
39706,464.9346795318397
39707,0.0
39708,30.888349742485843
39709,578.6368370053306
39710,683.2000784353795
39711,610.5187751807607
39712,6104.91494473098
39713,0.0
39714,574.222936203796
39715,0.0
39716,163.99558302459081
39717,48.166726799514436
39718,578.3180646899282
39719,0.0
39720,665.9129701925522
39721,650.8771253031709
39722,463.34936963920154
39723,0.0
39724,0.0
39725,6.547293498755607
39726,5896.165183555557
39727,628.3233579690996
39728,1110.2969161246228
39729,50.50829368350787
39730,158.73914944537592
39731,0.0
39732,152.8390389577262
39733,154.03280775235817
39734,697.7927358118986
39735,763.187436192622
39736,639.7274811577854
39737,642.99247493435
39738,1110.847008010819
39739,0.0
39740,662.2405781952248
39741,579.479369783011
39742,543.2446521267357
39743,9.852662015829083
39744,132.8138870699131
39745,694.7926783421453
39746,77.92072859910422
39747,0.0
39748,114.81441936952797
39749,746.6897923627312
39750,82.18701016177056
39751,69.30262238201976
39752,0.0
39753,61.62614512471828
39754,0.0
39755,700.9863827557447
39756,26.643067923930175
39757,433.1848151303866
39758,0.0
39759,665.2406356649781
39760,109.79364705490116
39761,1106.1406663178013
39762,0.0
39763,0.0
39764,151.05859147561114
39765,156.0437016903079
39766,0.0
39767,660.3407044978658
39768,131.18365932687357
39769,5815.6499044390675
39770,108.88286769981369
39771,0.0
39772,545.8043992952789
39773,573.3650651580729
39774,116.05268129987053
39775,0.0
39776,121.6497817746149
39777,0.0
39778,0.0
39779,6074.40518019537
39780,728.7201240802997
39781,26.936527425228633
39782,596.1735432869273
39783,6248.8352039284355
39784,686.1950231491182
39785,686.4446211878876
39786,674.4597295769181
39787,0.0
39788,211.16590432810153
39789,66.41006257455683
39790,0.0
39791,662.9455300634863
39792,63.67236274915649
39793,588.494406450689
39794,1107.1797287695072
39795,0.0
39796,83.64661009923202
39797,88.1736272966773
39798,19.283623869837356
39799,777.0568632329068
39800,696.5856476661702
39801,1128.689320895859
39802,661.7567203857316
39803,0.0
39804,0.0
39805,703.4923569039756
39806,0.0
39807,578.2569433692397
39808,250.33444537742707
39809,92.05578857417822
39810,6352.435842495512
39811,0.0
39812,28.594277896128915
39813,1110.174673483246
39814,0.0
39815,0.0
39816,0.0
39817,507.31554107390275
39818,0.0
39819,150.08065034459378
39820,0.0
39821,152.56589605583395
39822,0.0
39823,131.6389275352285
39824,5804.366745451688
39825,0.0
39826,1199.3251165877546
39827,45.93475523440247
39828,579.0515205381907
39829,0.0
39830,1161.990215159085
39831,1056.0976429419306
39832,431.2791668787613
39833,686.1134508043724
39834,481.3409738838536
39835,67.51024634695023
39836,77.49287935428401
39837,181.77677458894232
39838,580.1290807304431
39839,0.0
39840,0.0
39841,0.0
39842,0.0
39843,0.0
39844,0.0
39845,183.90068254499784
39846,0.0
39847,682.8048465312468
39848,0.0
39849,44.408199431577486
39850,557.4808070911513
39851,109.17774833463773
39852,650.2556865842562
39853,0.0
39854,130.48601921767568
39855,579.6016124243879
39856,696.0049951196288
39857,0.0
39858,632.8463357000519
39859,0.0
39860,757.9310026134071
39861,697.5024674764982
39862,0.0
39863,127.97164829391659
39864,248.19519915332876
39865,0.0
39866,0.0
39867,71.15888686910057
39868,45.929642478388814
39869,60.53763812294983
39870,661.685373553014
39871,456.5174690268941
39872,596.2141505952814
39873,0.0
39874,0.0
39875,50.67270094774449
39876,540.3108287336854
39877,719.0018340908218
39878,0.0
39879,578.562549972683
39880,136.30149867630644
39881,358.69837623511285
39882,0.0
39883,560.7664693355473
39884,550.1160812368571
39885,241.11023870947156
39886,0.0
39887,697.746952759252
39888,172.91929584511763
39889,698.4701830954864
39890,0.0
39891,33.84231469981387
39892,657.600470578911
39893,0.0
39894,0.0
39895,236.80841432620764
39896,0.0
39897,0.0
39898,0.0
39899,6049.844971197757
39900,0.0
39901,0.0
39902,13.432465879675874
39903,417.45399441540394
39904,494.07684988509845
39905,0.0
39906,693.8963095558747
39907,34.0058721881087
39908,579.1737631795677
39909,134.44893051637155
39910,561.6981782186604
39911,30.074832307310317
39912,489.88088460807376
39913,0.0
39914,1108.5243978246544
39915,0.0
39916,0.0
39917,511.4263181042179
39918,0.0
39919,0.0
39920,597.1383187059855
39921,0.0
39922,0.0
39923,693.1017323869237
39924,0.0
39925,0.0
39926,0.0
39927,452.8568935356707
39928,0.0
39929,0.0
39930,562.298169024758
39931,190.5782447680922
39932,132.2063701901734
39933,46.29900987174824
39934,40.280220566991375
39935,579.479369783011
39936,0.0
39937,674.7653361803614
39938,621.4624317839398
39939,238.29865795779915
39940,0.0
39941,673.7822822933304
39942,0.0
39943,6144.195502909654
39944,6435.69003017825
39945,16.745126731135315
39946,58.570079090291074
39947,34.85318263129648
39948,620.7494269597346
39949,98.86284520730442
39950,211.7108834582832
39951,638.0925437672367
39952,684.055776925019
39953,0.0
39954,208.30323758731993
39955,0.0
39956,0.0
39957,0.0
39958,522.28515188658
39959,65.22025350147305
39960,471.2568390793167
39961,563.88732336266
39962,689.7400597490532
39963,607.7712559497068
39964,0.0
39965,46.09607200375649
39966,585.1410290269032
39967,0.0
39968,33.22179794411932
39969,650.8057784704533
39970,630.880227925989
39971,659.0673822754361
39972,5971.631830286943
39973,1164.0683400624957
39974,17.620245487565626
39975,699.5194710592205
39976,578.562549972683
39977,1071.5562243201175
39978,0.0
39979,0.0
39980,0.0
39981,48.45826665372533
39982,0.0
39983,0.0
39984,525.2186401891231
39985,651.1113850738957
39986,566.178313096897
39987,196.619030004229
39988,0.0
39989,162.89539925219742
39990,11.441816353731156
39991,595.5725555920708
39992,0.0
39993,694.324158800694
39994,167.1127703797065
39995,0.0
39996,492.7147971979948
39997,0.0
39998,8.126077414571228
39999,0.0
40000,45.927895663669915
40001,209.33226470744557
40002,47.88041198440715
40003,580.5367107026896
40004,541.5943764681451
40005,134.23972536130077
40006,136.14179806170887
40007,1108.341033862589
40008,11.564058995108098
40009,1053.2249408695689
40010,153.65099975863268
40011,519.6574831155385
40012,540.3800030103184
40013,72.06911670902537
40014,66.0560942560096
40015,679.8944143621848
40016,579.1126418588792
40017,592.7375836164101
40018,0.0
40019,36.28046377726696
40020,0.0
40021,675.1167258364503
40022,137.2346700750395
40023,632.1231053638185
40024,0.0
40025,0.0
40026,152.34213921006994
40027,529.9861032028293
40028,466.71930736608647
40029,680.2662550423302
40030,0.0
40031,182.45279624453815
40032,0.0
40033,93.6449429120803
40034,0.0
40035,250.21220273605013
40036,0.0
40037,0.0
40038,46.39816201983831
40039,763.4879300400507
40040,464.37034312314427
40041,122.66589346851288
40042,6157.846008447256
40043,0.0
40044,694.6908867248258
40045,0.0
40046,6190.841296107039
40047,27.72105086447573
40048,645.9160728153702
40049,42.16073698583932
40050,159.83933321777022
40051,0.0
40052,532.4137802967507
40053,0.0
40054,682.8944718319372
40055,70.04883783586774
40056,633.1285510795069
40057,177.74276742349866
40058,664.6803182667518
40059,487.6395885682059
40060,581.326175115626
40061,0.0
40062,0.0
40063,0.0
40064,529.0081620718129
40065,0.0
40066,507.2544197532143
40067,685.4615673008557
40068,1074.4289263924784
40069,122.55453813741588
40070,0.0
40071,744.9783953834522
40072,66.48394350082981
40073,630.5848468345757
40074,465.4968809523152
40075,597.0771973852961
40076,579.2348845002562
40077,1109.6245815970487
40078,0.0
40079,171.9963499584137
40080,610.0378575711966
40081,727.5639317432315
40082,578.0735794071743
40083,135.29831045760147
40084,631.4580825953071
40085,507.865632960099
40086,224.41900540548613
40087,0.0
40088,116.71033083876773
40089,237.9319300336674
40090,0.0
40091,0.0
40092,104.92860093455783
40093,576.851152993403
40094,124.15948511319857
40095,645.6818130446454
40096,579.357127141634
40097,5625.279318128139
40098,0.0
40099,35.28285590795713
40100,592.0630765327523
40101,665.4515042117164
40102,0.0
40103,126.5384389545452
40104,171.2690201865271
40105,0.0
40106,41.373891586105856
40107,600.6862955058505
40108,169.2520166038048
40109,705.9167587074598
40110,0.0
40111,2.5525613373356464
40112,6085.407354326459
40113,56.38138831612923
40114,559.8533161972164
40115,618.7935446977017
40116,9.661757281353857
40117,138.8022315900671
40118,0.0
40119,0.0
40120,653.1895099773064
40121,578.1958220485512
40122,0.0
40123,1110.4802800866883
40124,664.3513204393221
40125,91.6879188512321
40126,379.2087694980819
40127,0.0
40128,518.1881269710138
40129,103.1465104019253
40130,9.795265180835486
40131,153.91056511098122
40132,0.0
40133,116.75902764437797
40134,0.0
40135,0.0
40136,498.05220983300023
40137,0.0
40138,508.23236088423073
40139,0.0
40140,173.28602376924846
40141,164.30118962803317
40142,0.0
40143,117.2738394028911
40144,0.0
40145,185.79058892877674
40146,0.0
40147,444.7420024065932
40148,139.85266135261736
40149,649.5935775687121
40150,1075.284624882118
40151,0.0
40152,73.01223931480126
40153,444.9492463222896
40154,139.40148017273168
40155,85.14069128992196
40156,529.8638605614524
40157,0.0
40158,542.5649692987863
40159,48.28958768033772
40160,561.6981782186604
40161,701.5364746419418
40162,805.717649879818
40163,504.01498975672166
40164,77.1694486527067
40165,580.8739377580605
40166,0.0
40167,611.8634442359089
40168,90.6997522081856
40169,1110.2357948039344
40170,20.25357503318719
40171,515.6475633321388
40172,0.0
40173,0.0
40174,0.0
40175,0.0
40176,6105.653513335257
40177,0.0
40178,116.77030163156178
40179,0.0
40180,0.0
40181,0.0
40182,99.77207815847123
40183,169.00753132105092
40184,101.47075909097111
40185,131.12358648133886
40186,619.7154772640442
40187,544.8264581642616
40188,212.3272094211834
40189,109.85709607208082
40190,661.2575243081938
40191,0.0
40192,672.6260899562621
40193,1108.5855191453438
40194,0.0
40195,158.9836347281307
40196,637.3590879189742
40197,4.987793668750783
40198,1055.1808231316027
40199,80.82883157507877
40200,0.0
40201,168.0197677865126
40202,420.7371621006296
40203,0.0
40204,560.0978014799712
40205,0.0
40206,0.0
40207,0.0
40208,0.0
40209,0.0
40210,625.9498519742756
40211,0.0
40212,183.23857352945197
40213,649.7667160187484
40214,30.860439051439243
40215,0.0
40216,46.96915412535145
40217,6561.4419188631655
40218,6170.202440007669
40219,0.0
40220,650.3270334169747
40221,0.0
40222,0.0
40223,25.235568091048663
40224,362.5490194384911
40225,62.55941937117859
40226,0.0
40227,0.0
40228,0.0
40229,752.8630457522731
40230,654.2285724290114
40231,1105.835059714359
40232,65.20749389588764
40233,5908.547375287436
40234,5134.246599844155
40235,6390.197816015389
40236,5852.504236972059
40237,6453.112106027955
40238,5896.995445677302
40239,6116.629224975469
40240,5831.031979861491
40241,5821.863163518764
40242,5468.458203987448
40243,5887.438617367236
40244,6463.375375147615
40245,5850.68296187607
40246,5426.285747799562
40247,6298.23695139493
40248,5332.718276511007
40249,5909.336839700372
40250,5979.716927708727
40251,6403.218829878133
40252,5783.877392723301
40253,6470.098720423355
40254,5784.336135131621
40255,6423.463152737999
40256,5405.645920912082
40257,6510.97865845196
40258,5693.194553771525
40259,6351.138610093931
40260,5998.859123485027
40261,5717.1988087012505
40262,5822.657740687715
40263,5896.14452485317
40264,6334.955543292303
40265,5364.308979587349
40266,5981.857170821584
40267,5266.8034061495555
40268,6293.305115476792
40269,5981.200174562053
40270,6337.5979226826275
40271,5842.363210493775
40272,5758.2749669441
40273,6383.8862733615015
40274,6262.11309163228
40275,5857.317932233668
40276,5879.574134193295
40277,6102.515312652431
40278,5939.464538043809
40279,5851.109411123625
40280,5703.213053779255
40281,5347.317252435935
40282,6970.393336517397
40283,6316.846265168144
40284,5929.4956531268035
40285,6453.779327799514
40286,5269.331559993372
40287,5203.54606797068
40288,6437.59240332908
40289,6350.3031044299
40290,6256.994238962486
40291,6432.733142458599
40292,5801.906458149234
40293,5931.702130316364
40294,5903.647444120324
40295,5461.787009607575
40296,5310.812485716834
40297,5935.430530878365
40298,6393.3354543945625
40299,5858.5926427264185
40300,5390.356636746728
40301,6278.9338528897415
40302,5371.994460132681
40303,5822.291012763584
40304,5207.811106173085
40305,6394.002676166122
40306,5611.791180126417
40307,5786.665652450493
40308,5842.403880790406
40309,5855.52892984242
40310,5605.240671753652
40311,5836.226702039121
40312,5904.513368121992
40313,6434.291852011898
40314,6391.822759645392
40315,6252.124752579976
40316,5877.279100287908
40317,5906.347007742648
40318,6284.065871271495
40319,5954.714449878306
40320,5895.222927377334
40321,6425.795988436192
40322,6559.738134093372
40323,5290.927837220484
40324,6180.796171336449
40325,5996.9032412229935
40326,5250.345787249647
40327,5208.741380229206
40328,5781.272422247624
40329,5294.786745512878
40330,5701.02910331305
40331,6346.696946509276
40332,5882.395940456998
40333,5230.40708272017
40334,5767.784277113748
40335,5394.329522591484
40336,5406.485843195444
40337,5786.834462430281
40338,5861.029848704389
40339,5945.332184829908
40340,5844.87429739802
40341,6382.084018631856
40342,5822.04652748083
40343,5862.925064015572
40344,6431.164439144754
40345,5293.86992570255
40346,6360.182134801302
40347,5941.114813702399
40348,5171.682647523496
40349,6383.000838442184
40350,5368.126433297348
40351,6411.80431875453
40352,5831.164147754117
40353,5971.227173777792
40354,6307.414215774517
40355,6536.578266308429
40356,5876.302427467642
40357,5263.429623977407
40358,5336.994130306338
40359,6356.598265370312
40360,5875.34827264153
40361,5718.67520771079
40362,5338.967234858665
40363,5935.858380123185
40364,5804.55687577069
40365,5259.067085081317
40366,5926.751303340592
40367,5928.95167088538
40368,6880.75392284738
40369,5880.8594170155275
40370,5304.117856554168
40371,5814.38433933618
40372,5892.890091679141
40373,6461.602856847648
40374,5749.929753343177
40375,6365.031170159754
40376,5719.60099794594
40377,5916.78852806836
40378,5306.707112504188
40379,5380.337852909823
40380,5990.709795007842
40381,6349.141799336818
40382,5704.421825751423
40383,6882.343077185282
40384,5997.6315843152415
40385,5713.061766558226
40386,5888.382452216232
40387,5200.507602195622
40388,6487.630313948937
40389,5281.280643097756
40390,6239.149579982833
40391,5910.004061471932
40392,5796.282512360123
40393,5599.804748312784
40394,6355.689833606436
40395,5840.190307999275
40396,5242.173414365929
40397,5822.841104649781
40398,5822.5966193670265
40399,5932.74119276807
40400,6219.294137615482
40401,6031.182076617236
40402,5910.197650946026
40403,6364.980274351094
40404,5745.027479079319
40405,6349.569648581637
40406,5937.508655781776
40407,5789.827222860989
40408,5788.304947966438
40409,6406.848379022744
40410,5855.786569110188
40411,5940.442479174825
40412,5925.284391644067
40413,5430.605161510359
40414,5821.8020421980755
40415,6879.95934567843
40416,6878.920283226724
40417,5232.086495998465
40418,5675.208007018386
40419,5729.5281228451895
40420,6475.355154002569
40421,5977.038811999218
40422,6136.673305402561
40423,6298.921573230049
40424,6337.5979226826275
40425,5302.912168405705
40426,6881.60962133702
40427,5671.792010928564
40428,6206.9423731703255
40429,5731.850733031354
40430,5961.162416707792
40431,6190.5630978814
40432,5227.947313131216
40433,6616.720379392066
40434,5980.466718713791
40435,5964.987944509995
40436,5281.654074771976
40437,6044.012441205816
40438,6013.579136258936
40439,6901.163331201338
40440,5210.928293528201
40441,6431.531167068886
40442,5538.5227528335245
40443,5839.080196447686
40444,5855.612676029534
40445,6515.975268480377
40446,5922.178478276134
40447,5676.796227455806
40448,6405.075860722776
40449,5391.090092594991
40450,5397.01886070178
40451,5937.264170499021
40452,5423.840894972021
40453,5705.258583974838
40454,5822.809500629457
40455,5962.313686469294
40456,5968.425818538148
40457,5717.972128137834
40458,5400.343937339239
40459,5902.251879256516
40460,5830.7297085388955
40461,6211.565759422857
40462,6246.659606108583
40463,6527.165582922395
40464,5720.283069255899
40465,5158.791161614228
40466,5940.075751250694
40467,5977.471438909545
40468,5427.258576174564
40469,5210.452777208485
40470,5340.716149801573
40471,5812.414212551649
40472,6879.531496433609
40473,5954.296567947066
40474,5296.70307364637
40475,6300.288353282546
40476,5879.142907280234
40477,5290.630495706057
40478,6249.909715986942
40479,6846.719572735892
40480,5810.329736236621
40481,6340.041974322879
40482,5346.124658303327
40483,5932.8634354094465
40484,5348.910313737457
40485,6268.5067424526105
40486,6237.245848616666
40487,6549.836480141828
40488,5813.215447383937
40489,5771.764809808074
40490,6351.158802919539
40491,5889.792575086738
40492,5915.785532321688
40493,5812.519071561071
40494,6433.976019896428
40495,6315.47417714946
40496,5839.8828265725815
40497,5249.227052907051
40498,6293.209226892192
40499,5738.667137242015
40500,6433.914898575738
40501,5813.232975925951
40502,5238.285836047213
40503,5255.546857630836
40504,5173.074638547672
40505,5897.4854647179645
40506,5970.243714504391
40507,6420.666910254369
40508,6406.1098104184675
40509,5726.405143007606
40510,5880.803408450853
40511,6456.652029871876
40512,6881.60962133702
40513,5743.163756211532
40514,5408.701986946508
40515,6431.541392580914
40516,5999.464210615536
40517,6501.010770423713
40518,5268.212124998376
40519,5942.540274840949
40520,5808.037518757367
40521,5802.475623484767
40522,6273.438785799161
40523,6452.4397715003815
40524,5911.470973168457
40525,5317.0368066973615
40526,6881.548500016332
40527,5888.316218139529
40528,5947.960066529009
40529,5789.341379677992
40530,5938.180990309349
40531,6424.629570587095
40532,5698.13406940244
40533,5939.036688798989
40534,6525.270821981049
40535,5885.677775837893
40536,6019.080055120905
40537,6288.239942178584
40538,5784.127740688029
40539,5336.589070477664
40540,5921.617112402755
40541,5817.775505140285
40542,5356.748426423015
40543,5847.460015970858
40544,5220.295193861591
40545,5413.897299205035
40546,6188.688194675156
40547,5667.786856267366
40548,6431.653409710263
40549,5905.523985882616
40550,6843.357900098023
40551,5755.540346237748
40552,6494.654153072105
40553,6472.782945777636
40554,6221.6025032791495
40555,5386.634423046624
40556,6287.550224019054
40557,5914.31508563968
40558,6465.759106654468
40559,5928.762197278541
40560,6474.438334192241
40561,6350.792074995408
40562,6237.469811158007
40563,5235.302210591048
40564,5803.4234813686535
40565,6351.171968631498
40566,6455.735210061548
40567,6383.053906806928
40568,6228.445469444923
40569,5307.481238649082
40570,6346.758067829965
40571,5453.121848819034
40572,5936.5307146507585
40573,5820.701858425682
40574,6350.853196316097
40575,5716.709838135742
40576,6438.44810181872
40577,6423.412256929339
40578,6235.884501265368
40579,5188.345981863382
40580,5344.695416713093
40581,5779.082425124923
40582,6019.6957082695
40583,6400.858489595267
40584,6882.8320477507905
40585,5823.0434253096755
40586,5931.2742810715445
40587,5639.890109172437
40588,5925.374170583895
40589,5926.567939378527
40590,6470.327867438065
40591,6535.72256781879
40592,6412.262612783952
40593,6415.527606560517
40594,6883.382139636988
40595,5391.03792526752
40596,6434.775709821393
40597,6352.014501409179
40598,6315.779783752903
40599,5782.387793641997
40600,5905.349018696081
40601,6467.327809968313
40602,5850.455860225272
40603,5357.809056066867
40604,5887.349550995696
40605,6519.224923988899
40606,5854.722141787938
40607,5841.837754008187
40608,5465.725128188419
40609,5834.161276750886
40610,5360.702821666726
40611,6473.521514381913
40612,5799.178199550098
40613,6205.719946756554
40614,5707.121389373748
40615,6437.775767291146
40616,5882.328778681069
40617,6878.67579794397
40618,5674.963521735631
40619,5223.951602224227
40620,5923.593723101778
40621,5928.5788333164755
40622,5365.16467807699
40623,6432.875836124033
40624,5903.718790953041
40625,5939.180429153011
40626,5881.41799932598
40627,5754.057595816591
40628,6318.339530921446
40629,6345.9001967842405
40630,5888.587812926039
40631,5760.356659696202
40632,5894.1849134007825
40633,5249.214735944358
40634,5707.748085758734
40635,6197.935704909312
40636,6501.255255706467
40637,5799.471659051395
40638,6368.708674913095
40639,6372.365728642379
40640,6458.730154775287
40641,6458.979752814055
40642,6446.994861203087
40643,5380.4130409797435
40644,5983.701035954269
40645,5838.9451942007245
40646,5694.515831602685
40647,6435.480661689653
40648,5836.207494375325
40649,6361.029538076856
40650,6879.714860395676
40651,5181.948100926187
40652,5856.1817417254
40653,5860.708758922846
40654,5791.818755496005
40655,6549.5919948590745
40656,6469.120779292338
40657,6901.224452522027
40658,6434.291852011898
40659,5368.098501470039
40660,5251.938815687961
40661,6476.027488530143
40662,5392.606045733073
40663,6350.792074995408
40664,6022.869577003595
40665,5864.590920200347
40666,6475.966367209455
40667,5762.459815081138
40668,5801.129409522297
40669,6882.7098051094135
40670,5382.821330670083
40671,5282.612731817183
40672,5767.397882451325
40673,6279.85067270007
40674,5320.637660865162
40675,5922.615781970761
40676,5311.656539482696
40677,5925.101027682002
40678,5736.347001158997
40679,5904.174059161396
40680,5927.897270165631
40681,5752.453747760932
40682,6971.860248213922
40683,5818.46988686057
40684,6351.586652164359
40685,5378.45593649371
40686,6934.525346785253
40687,6828.632774568098
40688,6203.814298504929
40689,6458.64858243054
40690,6253.876105510021
40691,5840.045377973118
40692,5850.028010980452
40693,5954.31190621511
40694,6352.664212356611
40695,5625.897039493511
40696,5712.655973235196
40697,5734.738145722998
40698,5313.107803451398
40699,5322.511015956022
40700,5757.978835926726
40701,5956.4358141711655
40702,5384.64704110859
40703,6455.339978157414
40704,5266.305919529063
40705,5816.943331057744
40706,6330.015938717319
40707,5881.712879960805
40708,6422.790818210425
40709,5431.49512680732
40710,5903.021150843844
40711,6352.136744050556
40712,6468.540126745797
40713,5352.636075646589
40714,6405.381467326219
40715,5385.450637997175
40716,6530.466134239576
40717,6470.037599102667
40718,5739.8141978126
40719,5900.506779920084
40720,6020.7303307794955
40721,5321.500352925006
40722,5648.602348430325
40723,5843.694018495268
40724,5818.4647741045555
40725,5833.0727697491175
40726,6434.220505179182
40727,6229.052600653062
40728,6368.749282221449
40729,5741.276570402402
40730,5195.97913373958
40731,5823.207832573912
40732,6312.845960359853
40733,6491.5369657169895
40734,5342.69734487771
40735,6351.097681598851
40736,5908.836630302473
40737,6131.2335078612805
40738,5757.550986681907
40739,6333.301600961715
40740,6322.651212863024
40741,6013.645370335639
40742,5326.199701047819
40743,6470.282084385421
40744,5945.454427471286
40745,6471.005314721654
40746,5620.386633318527
40747,5806.3774463259815
40748,6430.135602205079
40749,5267.5939867305815
40750,5410.841233170608
40751,6009.343545952375
40752,5715.423663475361
40753,5266.641609379637
40754,5279.144800172627
40755,6173.3754959117
40756,5430.6394283176805
40757,5385.170294913025
40758,5785.9675975058435
40759,6189.989126041572
40760,6266.611981511266
40761,5719.119745926107
40762,6466.431441182042
40763,5806.541003814276
40764,6351.708894805736
40765,5906.984062142538
40766,6334.233309844828
40767,5802.609963933478
40768,6262.416016234241
40769,5659.136812436049
40770,6881.059529450823
40771,5381.930864916532
40772,5676.002584187336
40773,6283.9614497303855
40774,5372.329250442579
40775,5335.488870273666
40776,6369.673450332153
40777,5263.48175844167
40778,5211.50073689231
40779,6465.636864013091
40780,5264.9697665288995
40781,5243.698953640332
40782,5357.981516287049
40783,6225.392025161838
40784,5699.154359951871
40785,5426.613686241253
40786,6334.8333006509265
40787,5963.11337639426
40788,5904.741501816341
40789,5818.834141497916
40790,5812.81535219316
40791,6352.014501409179
40792,5737.926535000773
40793,6447.300467806529
40794,6393.997563410107
40795,6010.833789583967
40796,5224.3138627589915
40797,6446.317413919498
40798,5201.711100070114
40799,6267.7260276235975
40800,6559.220554892193
40801,5789.280258357304
40802,5831.105210716459
40803,5807.388314257464
40804,6393.284558585902
40805,5871.397976833471
40806,5984.246015084452
40807,6410.627675393405
40808,6456.590908551188
40809,5307.318325711074
40810,5980.838369213488
40811,5366.644967618545
40812,5270.962956407496
40813,5346.041969790492
40814,6294.820283512749
40815,5837.75538512764
40816,6243.791970705484
40817,6336.422454988829
40818,6462.275191375222
40819,6380.306387575874
40820,5700.2733156265385
40821,5818.631203629924
40822,6357.676160653071
40823,5664.50061648538
40824,5805.756929570287
40825,6423.340910096622
40826,6403.415359552157
40827,6431.602513901603
40828,6095.162355000886
40829,6936.603471688663
40830,5790.155377113733
40831,6472.054602685388
40832,6351.097681598851
40833,6844.091355946284
40834,5738.673144834048
40835,5759.396735836842
40836,5722.502704454893
40837,5820.993398279893
40838,5742.753719337902
40839,5638.419323375501
40840,6297.753771815291
40841,6423.646516700064
40842,6338.713444723065
40843,5969.154161630397
40844,5165.326030171887
40845,5935.430530878365
40846,5783.976947979899
40847,6368.107687218238
40848,5338.602216391578
40849,6466.859290426863
40850,5939.647902005874
40851,5710.122004552361
40852,6265.249928824162
40853,5284.286004320333
40854,5780.661209040738
40855,5090.118906760883
40856,5818.463027289838
40857,5981.867396333613
40858,5820.415543610575
40859,6353.071842328857
40860,6314.129508094313
40861,5906.774856987468
40862,5908.6769296878765
40863,6880.876165488758
40864,5784.099190621276
40865,6825.760072495737
40866,5926.186131384801
40867,6292.192614741705
40868,6312.915134636486
40869,5844.604248335194
40870,5838.591225882178
40871,6452.429545988352
40872,6351.647773485048
40873,6365.272715242578
40874,5392.443715643357
40875,5808.815595403434
40876,5188.16773065733
40877,6447.651857462617
40878,5909.769801701207
40879,6404.658236989985
40880,5276.378357106952
40881,5190.411980800909
40882,5924.877270836238
40883,6302.521234828997
40884,6239.254438992254
40885,6452.801386668498
40886,5400.828240319571
40887,5954.987927870706
40888,5757.929824140317
40889,5866.180074538249
40890,5402.4064909155895
40891,6022.747334362218
40892,5286.484042672032
40893,5295.094061573366
40894,5818.933293646007
40895,6536.023061666218
40896,6236.905474749312
40897,5895.2010250946805
40898,6281.376533161199
40899,5363.670911867098
40900,6467.226018350993
40901,5217.6116303055605
40902,6314.371820820982
40903,5800.256182490643
40904,6418.451204441538
40905,5814.695868612007
40906,5932.374464843938
40907,5221.937899092624
40908,6304.948911922918
40909,5261.9551484650965
40910,6455.429603458105
40911,5842.5839694620345
40912,6405.663682705675
40913,5950.277899049666
40914,6437.21544989292
40915,6260.1747201943745
40916,6353.861306741794
40917,5273.727182326933
40918,5377.324285908526
40919,5282.623602695859
40920,6301.5432936979805
40921,5661.660170216234
40922,6279.789551379381
40923,6457.996698927023
40924,6846.964058018646
40925,5895.0896697635835
40926,5434.470892015812
40927,6517.513527009619
40928,5839.019075126997
40929,6403.119978460743
40930,6238.032012578484
40931,6369.612329011465
40932,6351.770016126425
40933,6882.159713223216
40934,5382.034162587027
40935,5944.531481584581
40936,6382.572989197365
40937,6500.0990633694
40938,6350.608711033343
40939,5907.833442083768
40940,6403.993214221475
40941,6280.400764586267
40942,5996.954137031654
40943,5407.41843921205
40944,5889.2454624649345
40945,6010.467061659835
40946,5276.459836619331
40947,5730.995034541715
40948,5877.463732560725
40949,6349.386284619572
40950,5896.694616739366
40951,6418.216944670812
40952,6351.892258767802
40953,5748.809842842082
40954,5210.2438494663475
40955,5807.817987534125
40956,6364.598208158919
40957,6437.986635837884
40958,5277.868265648036
40959,5899.073570580712
40960,5943.804151812695
40961,5275.443079558787
40962,5813.909023212274
40963,6373.221427132018
40964,5941.787148229973
40965,6478.4518903336275
40966,5206.867142029274
40967,5775.087692963503
40968,6208.937879040403
40969,5828.916519942296
40970,6332.388447823385
40971,6391.328676323869
40972,5782.196888907522
40973,5911.337363216235
40974,5256.702404601256
40975,5317.216085922542
40976,6425.724641603474
40977,6350.73095367472
40978,5675.4524923011395
40979,6883.015411712857
40980,6436.88645206549
40981,5864.223050477399
40982,6151.7439011242495
40983,5699.688278703165
40984,6290.7232585971815
40985,5875.681642028093
40986,5782.330396807003
40987,5926.44569673715
40988,5667.667087729135
40989,5889.294159270546
40990,5733.535775953856
40991,5659.765409274889
40992,6270.587341459167
40993,5667.34863660046
40994,6280.767492510398
40995,5412.853140428919
40996,5945.821155395417
40997,5936.836321254202
40998,5248.17600340858
40999,5889.808971029059
41000,5636.650679175945
41001,5958.325720554944
41002,5756.627818668021
41003,6217.277134032761
41004,5912.387792978785
41005,6422.12870919488
41006,6847.8197565082855
41007,5693.963265613342
41008,5845.547370940968
41009,6217.484377948457
41010,5911.936611798899
41011,5857.67582291609
41012,6302.39899218762
41013,5673.0974096843465
41014,6315.100100924953
41015,5820.824719306504
41016,6334.233309844828
41017,6474.0716062681095
41018,6578.252781505986
41019,6276.550121382888
41020,5849.704580278874
41021,6353.409069384228
41022,5771.398081883943
41023,6384.3985758620765
41024,5863.234883834353
41025,6882.770926430102
41026,5792.788706659355
41027,6288.1826949583065
41028,5359.623028949231
41029,5377.2817868753955
41030,5350.963468149751
41031,5758.5900491336115
41032,6229.1840380492
41033,5400.511729974244
41034,5889.3054332577285
41035,5707.886800764445
41036,5724.54111068004
41037,5661.276058660147
41038,5872.307209784639
41039,5941.5426629472195
41040,5874.005890717139
41041,5903.6587181075065
41042,6392.250608890212
41043,6317.361589790429
41044,5984.862341047351
41045,5882.3922276982485
41046,6433.792655934361
41047,5768.470754812568
41048,6445.16122158243
41049,6881.1206507715115
41050,5378.840048049798
41051,5931.518766354298
41052,6409.894219545143
41053,5777.5229252949175
41054,6827.71595475777
41055,5853.3639632012455
41056,5757.550336610601
41057,5940.55489941268
41058,6193.272293726797
41059,5292.478689308991
41060,6332.632933106139
41061,5292.185821174872
41062,5390.173272784663
41063,5737.610702885301
41064,5705.368717081936
41065,5652.3268748919145
41066,6398.484983600443
41067,5402.428265536149
41068,5955.7737051556205
41069,6422.301847644916
41070,5803.395570677607
41071,5461.725888286886
41072,5819.504285751519
41073,6684.972443577109
41074,6293.732964721612
41075,5706.84773831274
41076,6422.862165043141
41077,5728.664646499579
41078,5746.427511332494
41079,5797.770699717216
41080,6135.084151064659
41081,5835.094550997346
41082,5315.489650936
41083,5371.270491597434
41084,5378.2184644208255
41085,6525.398177378441
41086,6426.76370405518
41087,6878.3701913405275
41088,5837.742625522055
